{
  "type": "FeatureCollection",
  "features": [
    {
      "type": "Feature",
      "id": "1",
      "geometry": {
        "coordinates": [
          [
            [
              [
                -48.467253681805325,
                -22.966465772379156
              ],
              [
                -48.467253681742626,
                -22.966867542970157
              ],
              [
                -48.4677926709131,
                -22.966867542970153
              ],
              [
                -48.46779267096812,
                -22.966322017381806
              ],
              [
                -48.467253681805325,
                -22.966465772379156
              ]
            ]
          ]
        ],
        "type": "MultiPolygon"
      },
      "properties": {
        "id": "1",
        "name": "MB 4 · Formação savânica · 1",
        "class": "Vegetação nativa mapeada",
        "area_ha": 0.2902,
        "reviewed": false,
        "pct": 0.0211
      }
    },
    {
      "type": "Feature",
      "id": "2",
      "geometry": {
        "coordinates": [
          [
            [
              [
                -48.4677926709131,
                -22.966867542970153
              ],
              [
                -48.467253681742626,
                -22.966867542970157
              ],
              [
                -48.467253681742626,
                -22.96740653214063
              ],
              [
                -48.4677926709131,
                -22.967406532140625
              ],
              [
                -48.4677926709131,
                -22.966867542970153
              ]
            ]
          ]
        ],
        "type": "MultiPolygon"
      },
      "properties": {
        "id": "2",
        "name": "MB 11 · Campo alagado · 2",
        "class": "Vegetação nativa mapeada",
        "area_ha": 0.3302,
        "reviewed": false,
        "pct": 0.024
      }
    },
    {
      "type": "Feature",
      "id": "3",
      "geometry": {
        "coordinates": [
          [
            [
              [
                -48.46779267102249,
                -22.9663220173673
              ],
              [
                -48.4677926709131,
                -22.967406532140625
              ],
              [
                -48.468062165498324,
                -22.967406532140622
              ],
              [
                -48.468062165498324,
                -22.96767602672585
              ],
              [
                -48.4686011546688,
                -22.967676026725854
              ],
              [
                -48.4686011546688,
                -22.967945521311098
              ],
              [
                -48.46967913300975,
                -22.967945521311094
              ],
              [
                -48.46967913300975,
                -22.967406532140625
              ],
              [
                -48.469140143839276,
                -22.96740653214063
              ],
              [
                -48.469140143839276,
                -22.96713703755539
              ],
              [
                -48.46887064925403,
                -22.96713703755539
              ],
              [
                -48.46887064925403,
                -22.966867542970153
              ],
              [
                -48.4686011546688,
                -22.966867542970153
              ],
              [
                -48.4686011546688,
                -22.966598048384913
              ],
              [
                -48.46833166008357,
                -22.966598048384913
              ],
              [
                -48.46833166008357,
                -22.966328553799677
              ],
              [
                -48.468062165498324,
                -22.966328553799677
              ],
              [
                -48.46806216550408,
                -22.966250139071317
              ],
              [
                -48.46779267102249,
                -22.9663220173673
              ]
            ]
          ]
        ],
        "type": "MultiPolygon"
      },
      "properties": {
        "id": "3",
        "name": "MB 12 · Formação campestre · 3",
        "class": "Vegetação nativa mapeada",
        "area_ha": 1.9942,
        "reviewed": false,
        "pct": 0.1448
      }
    },
    {
      "type": "Feature",
      "id": "4",
      "geometry": {
        "coordinates": [
          [
            [
              [
                -48.472913068056656,
                -22.967505172278965
              ],
              [
                -48.472913068032575,
                -22.967676026725858
              ],
              [
                -48.47318256261781,
                -22.967676026725854
              ],
              [
                -48.47318256261781,
                -22.967945521311094
              ],
              [
                -48.47345205720305,
                -22.967945521311105
              ],
              [
                -48.47345205720305,
                -22.968215015896334
              ],
              [
                -48.47372155178828,
                -22.96821501589633
              ],
              [
                -48.4737215518508,
                -22.96781614208687
              ],
              [
                -48.472913068056656,
                -22.967505172278965
              ]
            ]
          ]
        ],
        "type": "MultiPolygon"
      },
      "properties": {
        "id": "4",
        "name": "MB 3 · Formação florestal · 4",
        "class": "Vegetação nativa mapeada",
        "area_ha": 0.2618,
        "reviewed": false,
        "pct": 0.019
      }
    },
    {
      "type": "Feature",
      "id": "5",
      "geometry": {
        "coordinates": [
          [
            [
              [
                -48.47453003554399,
                -22.968754005066803
              ],
              [
                -48.47399104637352,
                -22.968754005066803
              ],
              [
                -48.47399104637352,
                -22.969292994237275
              ],
              [
                -48.47453003554399,
                -22.969292994237275
              ],
              [
                -48.47453003554399,
                -22.969562488822508
              ],
              [
                -48.475069024714465,
                -22.96956248882251
              ],
              [
                -48.475069024714465,
                -22.969292994237275
              ],
              [
                -48.474799530129225,
                -22.96929299423727
              ],
              [
                -48.474799530129225,
                -22.96902349965204
              ],
              [
                -48.47453003554399,
                -22.96902349965204
              ],
              [
                -48.47453003554399,
                -22.968754005066803
              ]
            ]
          ]
        ],
        "type": "MultiPolygon"
      },
      "properties": {
        "id": "5",
        "name": "MB 11 · Campo alagado · 5",
        "class": "Vegetação nativa mapeada",
        "area_ha": 0.5778,
        "reviewed": false,
        "pct": 0.042
      }
    },
    {
      "type": "Feature",
      "id": "6",
      "geometry": {
        "coordinates": [
          [
            [
              [
                -48.455640976017186,
                -22.969562489300262
              ],
              [
                -48.455934909162714,
                -22.969562488822508
              ],
              [
                -48.455934909168484,
                -22.969484119825587
              ],
              [
                -48.455640976017186,
                -22.969562489300262
              ]
            ]
          ]
        ],
        "type": "MultiPolygon"
      },
      "properties": {
        "id": "6",
        "name": "MB 4 · Formação savânica · 6",
        "class": "Vegetação nativa mapeada",
        "area_ha": 0.0131,
        "reviewed": false,
        "pct": 0.001
      }
    },
    {
      "type": "Feature",
      "id": "7",
      "geometry": {
        "coordinates": [
          [
            [
              [
                -48.465097725060744,
                -22.968754005066806
              ],
              [
                -48.4648282304755,
                -22.968754005066803
              ],
              [
                -48.4648282304755,
                -22.96902349965204
              ],
              [
                -48.46455873589027,
                -22.96902349965204
              ],
              [
                -48.46455873589027,
                -22.969292994237268
              ],
              [
                -48.4648282304755,
                -22.96929299423727
              ],
              [
                -48.4648282304755,
                -22.969562488822508
              ],
              [
                -48.465097725060744,
                -22.96956248882251
              ],
              [
                -48.465097725060744,
                -22.969831983407747
              ],
              [
                -48.46536721964597,
                -22.96983198340775
              ],
              [
                -48.46536721964597,
                -22.969562488822508
              ],
              [
                -48.465636714231216,
                -22.969562488822515
              ],
              [
                -48.465636714231216,
                -22.969292994237275
              ],
              [
                -48.46536721964597,
                -22.969292994237275
              ],
              [
                -48.46536721964597,
                -22.96902349965204
              ],
              [
                -48.465097725060744,
                -22.969023499652035
              ],
              [
                -48.465097725060744,
                -22.968754005066806
              ]
            ]
          ]
        ],
        "type": "MultiPolygon"
      },
      "properties": {
        "id": "7",
        "name": "MB 15 · Pastagem · 7",
        "class": "Uso agropecuário",
        "area_ha": 0.6604,
        "reviewed": false,
        "pct": 0.048
      }
    },
    {
      "type": "Feature",
      "id": "8",
      "geometry": {
        "coordinates": [
          [
            [
              [
                -48.48099790559472,
                -22.970614628478682
              ],
              [
                -48.48099790558966,
                -22.970640467163456
              ],
              [
                -48.48106509422794,
                -22.970640467206383
              ],
              [
                -48.48099790559472,
                -22.970614628478682
              ]
            ]
          ]
        ],
        "type": "MultiPolygon"
      },
      "properties": {
        "id": "8",
        "name": "MB 21 · Mosaico de usos · 8",
        "class": "Uso agropecuário",
        "area_ha": 0.001,
        "reviewed": false,
        "pct": 0.0001
      }
    },
    {
      "type": "Feature",
      "id": "9",
      "geometry": {
        "coordinates": [
          [
            [
              [
                -48.47614700305541,
                -22.970101477992984
              ],
              [
                -48.47587750847017,
                -22.970101477992984
              ],
              [
                -48.47587750847017,
                -22.970370972578216
              ],
              [
                -48.47560801388494,
                -22.97037097257822
              ],
              [
                -48.47560801388494,
                -22.970640467163438
              ],
              [
                -48.47614700305541,
                -22.970640467163456
              ],
              [
                -48.47614700305541,
                -22.970101477992984
              ]
            ]
          ]
        ],
        "type": "MultiPolygon"
      },
      "properties": {
        "id": "9",
        "name": "MB 21 · Mosaico de usos · 9",
        "class": "Uso agropecuário",
        "area_ha": 0.2476,
        "reviewed": false,
        "pct": 0.018
      }
    },
    {
      "type": "Feature",
      "id": "10",
      "geometry": {
        "coordinates": [
          [
            [
              [
                -48.47991992724871,
                -22.97037097257822
              ],
              [
                -48.47965043266347,
                -22.97037097257822
              ],
              [
                -48.47965043266347,
                -22.970640467163456
              ],
              [
                -48.47991992724871,
                -22.970640467163452
              ],
              [
                -48.47991992724871,
                -22.97037097257822
              ]
            ]
          ]
        ],
        "type": "MultiPolygon"
      },
      "properties": {
        "id": "10",
        "name": "MB 21 · Mosaico de usos · 10",
        "class": "Uso agropecuário",
        "area_ha": 0.0825,
        "reviewed": false,
        "pct": 0.006
      }
    },
    {
      "type": "Feature",
      "id": "11",
      "geometry": {
        "coordinates": [
          [
            [
              [
                -48.4677926709131,
                -22.970370972578216
              ],
              [
                -48.467253681742626,
                -22.970370972578216
              ],
              [
                -48.467253681742626,
                -22.970640467163456
              ],
              [
                -48.4677926709131,
                -22.970640467163456
              ],
              [
                -48.4677926709131,
                -22.970370972578216
              ]
            ]
          ]
        ],
        "type": "MultiPolygon"
      },
      "properties": {
        "id": "11",
        "name": "MB 21 · Mosaico de usos · 11",
        "class": "Uso agropecuário",
        "area_ha": 0.1651,
        "reviewed": false,
        "pct": 0.012
      }
    },
    {
      "type": "Feature",
      "id": "12",
      "geometry": {
        "coordinates": [
          [
            [
              [
                -48.47668599222588,
                -22.969831983407744
              ],
              [
                -48.47614700305541,
                -22.969831983407747
              ],
              [
                -48.47614700305541,
                -22.970101477992984
              ],
              [
                -48.47641649764064,
                -22.970101477992984
              ],
              [
                -48.47641649764064,
                -22.970909961748692
              ],
              [
                -48.47668599222588,
                -22.970909961748692
              ],
              [
                -48.47668599222588,
                -22.969831983407744
              ]
            ]
          ]
        ],
        "type": "MultiPolygon"
      },
      "properties": {
        "id": "12",
        "name": "MB 21 · Mosaico de usos · 12",
        "class": "Uso agropecuário",
        "area_ha": 0.4127,
        "reviewed": false,
        "pct": 0.03
      }
    },
    {
      "type": "Feature",
      "id": "13",
      "geometry": {
        "coordinates": [
          [
            [
              [
                -48.48018942183394,
                -22.970640467163456
              ],
              [
                -48.47991992724871,
                -22.970640467163452
              ],
              [
                -48.47991992724871,
                -22.970909961748692
              ],
              [
                -48.48018942183394,
                -22.970909961748692
              ],
              [
                -48.48018942183394,
                -22.970640467163456
              ]
            ]
          ]
        ],
        "type": "MultiPolygon"
      },
      "properties": {
        "id": "13",
        "name": "MB 21 · Mosaico de usos · 13",
        "class": "Uso agropecuário",
        "area_ha": 0.0825,
        "reviewed": false,
        "pct": 0.006
      }
    },
    {
      "type": "Feature",
      "id": "14",
      "geometry": {
        "coordinates": [
          [
            [
              [
                -48.46752317632785,
                -22.970640467163452
              ],
              [
                -48.467253681742626,
                -22.970640467163456
              ],
              [
                -48.467253681742626,
                -22.971179456333925
              ],
              [
                -48.46752317632785,
                -22.971179456333925
              ],
              [
                -48.46752317632785,
                -22.970640467163452
              ]
            ]
          ]
        ],
        "type": "MultiPolygon"
      },
      "properties": {
        "id": "14",
        "name": "MB 15 · Pastagem · 14",
        "class": "Uso agropecuário",
        "area_ha": 0.1651,
        "reviewed": false,
        "pct": 0.012
      }
    },
    {
      "type": "Feature",
      "id": "15",
      "geometry": {
        "coordinates": [
          [
            [
              [
                -48.4677926709131,
                -22.970909961748685
              ],
              [
                -48.46752317632785,
                -22.970909961748692
              ],
              [
                -48.46752317632785,
                -22.971179456333925
              ],
              [
                -48.4677926709131,
                -22.971179456333918
              ],
              [
                -48.4677926709131,
                -22.970909961748685
              ]
            ]
          ]
        ],
        "type": "MultiPolygon"
      },
      "properties": {
        "id": "15",
        "name": "MB 21 · Mosaico de usos · 15",
        "class": "Uso agropecuário",
        "area_ha": 0.0825,
        "reviewed": false,
        "pct": 0.006
      }
    },
    {
      "type": "Feature",
      "id": "16",
      "geometry": {
        "coordinates": [
          [
            [
              [
                -48.47587750847685,
                -22.968645368586447
              ],
              [
                -48.47587750847017,
                -22.968754005066806
              ],
              [
                -48.47560801388494,
                -22.968754005066803
              ],
              [
                -48.47560801388494,
                -22.96902349965204
              ],
              [
                -48.4753385192997,
                -22.969023499652042
              ],
              [
                -48.4753385192997,
                -22.969292994237275
              ],
              [
                -48.47668599222588,
                -22.969292994237275
              ],
              [
                -48.47668599222588,
                -22.96956248882251
              ],
              [
                -48.47641649764064,
                -22.96956248882251
              ],
              [
                -48.47641649764064,
                -22.969831983407747
              ],
              [
                -48.476955486811114,
                -22.96983198340775
              ],
              [
                -48.476955486811114,
                -22.971448950919175
              ],
              [
                -48.47776397056683,
                -22.971448950919164
              ],
              [
                -48.47776397056683,
                -22.970909961748692
              ],
              [
                -48.47803346515206,
                -22.97090996174869
              ],
              [
                -48.47803346515206,
                -22.96956248882251
              ],
              [
                -48.47749447598159,
                -22.96956248882251
              ],
              [
                -48.47749447598159,
                -22.96929299423727
              ],
              [
                -48.477224981396354,
                -22.96929299423727
              ],
              [
                -48.477224981416605,
                -22.969163615769816
              ],
              [
                -48.47587750847685,
                -22.968645368586447
              ]
            ]
          ]
        ],
        "type": "MultiPolygon"
      },
      "properties": {
        "id": "16",
        "name": "MB 11 · Campo alagado · 16",
        "class": "Vegetação nativa mapeada",
        "area_ha": 3.4016,
        "reviewed": false,
        "pct": 0.2471
      }
    },
    {
      "type": "Feature",
      "id": "17",
      "geometry": {
        "coordinates": [
          [
            [
              [
                -48.467253681742626,
                -22.970640467163456
              ],
              [
                -48.466984187157394,
                -22.970640467163456
              ],
              [
                -48.466984187157394,
                -22.97090996174869
              ],
              [
                -48.46671469257215,
                -22.970909961748678
              ],
              [
                -48.46671469257215,
                -22.97117945633392
              ],
              [
                -48.466984187157394,
                -22.97117945633393
              ],
              [
                -48.466984187157394,
                -22.971448950919168
              ],
              [
                -48.46752317632785,
                -22.971448950919164
              ],
              [
                -48.46752317632785,
                -22.971179456333925
              ],
              [
                -48.467253681742626,
                -22.971179456333925
              ],
              [
                -48.467253681742626,
                -22.970640467163456
              ]
            ]
          ]
        ],
        "type": "MultiPolygon"
      },
      "properties": {
        "id": "17",
        "name": "MB 21 · Mosaico de usos · 17",
        "class": "Uso agropecuário",
        "area_ha": 0.4127,
        "reviewed": false,
        "pct": 0.03
      }
    },
    {
      "type": "Feature",
      "id": "18",
      "geometry": {
        "coordinates": [
          [
            [
              [
                -48.480728411004414,
                -22.971448950919164
              ],
              [
                -48.48045891641919,
                -22.971448950919164
              ],
              [
                -48.48045891641919,
                -22.9717184455044
              ],
              [
                -48.480728411004414,
                -22.9717184455044
              ],
              [
                -48.480728411004414,
                -22.971448950919164
              ]
            ]
          ]
        ],
        "type": "MultiPolygon"
      },
      "properties": {
        "id": "18",
        "name": "MB 21 · Mosaico de usos · 18",
        "class": "Uso agropecuário",
        "area_ha": 0.0825,
        "reviewed": false,
        "pct": 0.006
      }
    },
    {
      "type": "Feature",
      "id": "19",
      "geometry": {
        "coordinates": [
          [
            [
              [
                -48.47668599222588,
                -22.969292994237275
              ],
              [
                -48.475069024714465,
                -22.969292994237275
              ],
              [
                -48.475069024714465,
                -22.969831983407747
              ],
              [
                -48.4753385192997,
                -22.969831983407747
              ],
              [
                -48.4753385192997,
                -22.97037097257822
              ],
              [
                -48.475069024714465,
                -22.97037097257822
              ],
              [
                -48.475069024714465,
                -22.971179456333925
              ],
              [
                -48.474799530129225,
                -22.97117945633392
              ],
              [
                -48.474799530129225,
                -22.971448950919168
              ],
              [
                -48.47453003554399,
                -22.971448950919164
              ],
              [
                -48.47453003554399,
                -22.9717184455044
              ],
              [
                -48.47426054095875,
                -22.971718445504393
              ],
              [
                -48.47426054095875,
                -22.97198794008962
              ],
              [
                -48.475069024714465,
                -22.971987940089633
              ],
              [
                -48.475069024714465,
                -22.9717184455044
              ],
              [
                -48.4753385192997,
                -22.971718445504397
              ],
              [
                -48.4753385192997,
                -22.971179456333925
              ],
              [
                -48.47560801388494,
                -22.971179456333925
              ],
              [
                -48.47560801388494,
                -22.97037097257822
              ],
              [
                -48.47587750847017,
                -22.970370972578216
              ],
              [
                -48.47587750847017,
                -22.970101477992984
              ],
              [
                -48.47614700305541,
                -22.970101477992984
              ],
              [
                -48.47614700305541,
                -22.969831983407747
              ],
              [
                -48.47641649764064,
                -22.969831983407747
              ],
              [
                -48.47641649764064,
                -22.96956248882251
              ],
              [
                -48.47668599222588,
                -22.96956248882251
              ],
              [
                -48.47668599222588,
                -22.969292994237275
              ]
            ]
          ]
        ],
        "type": "MultiPolygon"
      },
      "properties": {
        "id": "19",
        "name": "MB 3 · Formação florestal · 19",
        "class": "Vegetação nativa mapeada",
        "area_ha": 2.4764,
        "reviewed": false,
        "pct": 0.1799
      }
    },
    {
      "type": "Feature",
      "id": "20",
      "geometry": {
        "coordinates": [
          [
            [
              [
                -48.45862985501622,
                -22.96876555356818
              ],
              [
                -48.458629855015076,
                -22.96902349965203
              ],
              [
                -48.45889934960031,
                -22.969023499652042
              ],
              [
                -48.45889934960031,
                -22.968754005066803
              ],
              [
                -48.45943833877078,
                -22.968754005066803
              ],
              [
                -48.45943833877078,
                -22.96902349965204
              ],
              [
                -48.45970783335602,
                -22.96902349965204
              ],
              [
                -48.45970783335602,
                -22.96983198340774
              ],
              [
                -48.45943833877078,
                -22.969831983407744
              ],
              [
                -48.45943833877078,
                -22.97064046716345
              ],
              [
                -48.45970783335602,
                -22.970640467163452
              ],
              [
                -48.45970783335602,
                -22.971448950919164
              ],
              [
                -48.45997732794125,
                -22.97144895091916
              ],
              [
                -48.45997732794125,
                -22.97198794008963
              ],
              [
                -48.460246822526486,
                -22.97198794008964
              ],
              [
                -48.460246822526486,
                -22.97090996174869
              ],
              [
                -48.45997732794125,
                -22.97090996174869
              ],
              [
                -48.459977328125504,
                -22.968406249789847
              ],
              [
                -48.45862985501622,
                -22.96876555356818
              ]
            ]
          ]
        ],
        "type": "MultiPolygon"
      },
      "properties": {
        "id": "20",
        "name": "MB 3 · Formação florestal · 20",
        "class": "Vegetação nativa mapeada",
        "area_ha": 1.8259,
        "reviewed": false,
        "pct": 0.1326
      }
    },
    {
      "type": "Feature",
      "id": "21",
      "geometry": {
        "coordinates": [
          [
            [
              [
                -48.47318256261781,
                -22.97037097257822
              ],
              [
                -48.472913068032575,
                -22.970370972578227
              ],
              [
                -48.472913068032575,
                -22.971179456333918
              ],
              [
                -48.472104584276856,
                -22.971179456333925
              ],
              [
                -48.472104584276856,
                -22.971448950919164
              ],
              [
                -48.47183508969163,
                -22.971448950919164
              ],
              [
                -48.47183508969163,
                -22.971718445504397
              ],
              [
                -48.472913068032575,
                -22.971718445504386
              ],
              [
                -48.472913068032575,
                -22.971987940089633
              ],
              [
                -48.47345205720305,
                -22.971987940089637
              ],
              [
                -48.47345205720305,
                -22.971718445504393
              ],
              [
                -48.47399104637352,
                -22.9717184455044
              ],
              [
                -48.47399104637352,
                -22.97117945633392
              ],
              [
                -48.47372155178828,
                -22.971179456333928
              ],
              [
                -48.47372155178828,
                -22.970909961748692
              ],
              [
                -48.47345205720305,
                -22.97090996174869
              ],
              [
                -48.47345205720305,
                -22.97064046716345
              ],
              [
                -48.47318256261781,
                -22.970640467163456
              ],
              [
                -48.47318256261781,
                -22.97037097257822
              ]
            ]
          ]
        ],
        "type": "MultiPolygon"
      },
      "properties": {
        "id": "21",
        "name": "MB 11 · Campo alagado · 21",
        "class": "Vegetação nativa mapeada",
        "area_ha": 1.8986,
        "reviewed": false,
        "pct": 0.1379
      }
    },
    {
      "type": "Feature",
      "id": "22",
      "geometry": {
        "coordinates": [
          [
            [
              [
                -48.45701288750366,
                -22.971448950919164
              ],
              [
                -48.455934909162714,
                -22.971448950919164
              ],
              [
                -48.455934909162714,
                -22.971718445504386
              ],
              [
                -48.45512642540701,
                -22.971718445504393
              ],
              [
                -48.45512642540701,
                -22.971987940089637
              ],
              [
                -48.455934909162714,
                -22.971987940089637
              ],
              [
                -48.455934909162714,
                -22.972257434674866
              ],
              [
                -48.456204403747954,
                -22.972257434674866
              ],
              [
                -48.456204403747954,
                -22.9717184455044
              ],
              [
                -48.45701288750366,
                -22.97171844550437
              ],
              [
                -48.45701288750366,
                -22.971448950919164
              ]
            ]
          ]
        ],
        "type": "MultiPolygon"
      },
      "properties": {
        "id": "22",
        "name": "MB 3 · Formação florestal · 22",
        "class": "Vegetação nativa mapeada",
        "area_ha": 0.7429,
        "reviewed": false,
        "pct": 0.054
      }
    },
    {
      "type": "Feature",
      "id": "23",
      "geometry": {
        "coordinates": [
          [
            [
              [
                -48.47965043266347,
                -22.97037097257822
              ],
              [
                -48.47884194890778,
                -22.970370972578216
              ],
              [
                -48.47884194890778,
                -22.970640467163452
              ],
              [
                -48.478572454322524,
                -22.970640467163456
              ],
              [
                -48.478572454322524,
                -22.970909961748692
              ],
              [
                -48.478302959737306,
                -22.970909961748692
              ],
              [
                -48.478302959737306,
                -22.9725269292601
              ],
              [
                -48.478572454322524,
                -22.972526929260106
              ],
              [
                -48.478572454322524,
                -22.972257434674873
              ],
              [
                -48.47884194890778,
                -22.972257434674873
              ],
              [
                -48.47884194890778,
                -22.971987940089633
              ],
              [
                -48.479111443493,
                -22.971987940089633
              ],
              [
                -48.479111443493,
                -22.971448950919164
              ],
              [
                -48.47991992724871,
                -22.971448950919164
              ],
              [
                -48.47991992724871,
                -22.971179456333925
              ],
              [
                -48.48018942183394,
                -22.97117945633393
              ],
              [
                -48.48018942183394,
                -22.970909961748692
              ],
              [
                -48.47991992724871,
                -22.970909961748692
              ],
              [
                -48.47991992724871,
                -22.970640467163452
              ],
              [
                -48.47965043266347,
                -22.970640467163456
              ],
              [
                -48.47965043266347,
                -22.97037097257822
              ]
            ]
          ]
        ],
        "type": "MultiPolygon"
      },
      "properties": {
        "id": "23",
        "name": "MB 20 · Cana · 23",
        "class": "Uso agropecuário",
        "area_ha": 2.4764,
        "reviewed": false,
        "pct": 0.1799
      }
    },
    {
      "type": "Feature",
      "id": "24",
      "geometry": {
        "coordinates": [
          [
            [
              [
                -48.472913068032575,
                -22.971718445504386
              ],
              [
                -48.4715655951064,
                -22.971718445504404
              ],
              [
                -48.4715655951064,
                -22.972526929260106
              ],
              [
                -48.47129610052115,
                -22.972526929260106
              ],
              [
                -48.47129610052115,
                -22.972796423845345
              ],
              [
                -48.472104584276856,
                -22.972796423845352
              ],
              [
                -48.472104584276856,
                -22.972526929260106
              ],
              [
                -48.4723740788621,
                -22.972526929260095
              ],
              [
                -48.4723740788621,
                -22.97198794008963
              ],
              [
                -48.47264357344733,
                -22.971987940089633
              ],
              [
                -48.47264357344733,
                -22.972257434674862
              ],
              [
                -48.472913068032575,
                -22.97225743467487
              ],
              [
                -48.472913068032575,
                -22.971718445504386
              ]
            ]
          ]
        ],
        "type": "MultiPolygon"
      },
      "properties": {
        "id": "24",
        "name": "MB 3 · Formação florestal · 24",
        "class": "Vegetação nativa mapeada",
        "area_ha": 1.2382,
        "reviewed": false,
        "pct": 0.0899
      }
    },
    {
      "type": "Feature",
      "id": "25",
      "geometry": {
        "coordinates": [
          [
            [
              [
                -48.455934909162714,
                -22.971987940089637
              ],
              [
                -48.45512642540701,
                -22.971987940089637
              ],
              [
                -48.45512642540701,
                -22.972257434674866
              ],
              [
                -48.455395919992235,
                -22.972257434674873
              ],
              [
                -48.455395919992235,
                -22.97252692926011
              ],
              [
                -48.45566541457748,
                -22.972526929260095
              ],
              [
                -48.45566541457748,
                -22.972796423845345
              ],
              [
                -48.456204403747954,
                -22.972796423845345
              ],
              [
                -48.456204403747954,
                -22.972257434674866
              ],
              [
                -48.455934909162714,
                -22.972257434674866
              ],
              [
                -48.455934909162714,
                -22.971987940089637
              ]
            ]
          ]
        ],
        "type": "MultiPolygon"
      },
      "properties": {
        "id": "25",
        "name": "MB 4 · Formação savânica · 25",
        "class": "Vegetação nativa mapeada",
        "area_ha": 0.6604,
        "reviewed": false,
        "pct": 0.048
      }
    },
    {
      "type": "Feature",
      "id": "26",
      "geometry": {
        "coordinates": [
          [
            [
              [
                -48.481267400220005,
                -22.970718267782747
              ],
              [
                -48.481267400174886,
                -22.970909961748692
              ],
              [
                -48.48153689476012,
                -22.970909961748685
              ],
              [
                -48.48153689476012,
                -22.971179456333918
              ],
              [
                -48.481806389345365,
                -22.971179456333925
              ],
              [
                -48.481806389345365,
                -22.971448950919157
              ],
              [
                -48.48204988000682,
                -22.971448951561005
              ],
              [
                -48.482,
                -22.971000000000004
              ],
              [
                -48.481267400220005,
                -22.970718267782747
              ]
            ]
          ]
        ],
        "type": "MultiPolygon"
      },
      "properties": {
        "id": "26",
        "name": "MB 20 · Cana · 26",
        "class": "Uso agropecuário",
        "area_ha": 0.2562,
        "reviewed": false,
        "pct": 0.0186
      }
    },
    {
      "type": "Feature",
      "id": "27",
      "geometry": {
        "coordinates": [
          [
            [
              [
                -48.468062165498324,
                -22.967406532140622
              ],
              [
                -48.467253681742626,
                -22.96740653214063
              ],
              [
                -48.467253681742626,
                -22.967676026725858
              ],
              [
                -48.466984187157394,
                -22.967676026725858
              ],
              [
                -48.466984187157394,
                -22.96821501589633
              ],
              [
                -48.467253681742626,
                -22.968215015896334
              ],
              [
                -48.467253681742626,
                -22.969023499652035
              ],
              [
                -48.466984187157394,
                -22.969023499652042
              ],
              [
                -48.466984187157394,
                -22.969292994237275
              ],
              [
                -48.46644519798692,
                -22.969292994237275
              ],
              [
                -48.46644519798692,
                -22.96956248882251
              ],
              [
                -48.46536721964597,
                -22.969562488822508
              ],
              [
                -48.46536721964597,
                -22.96983198340775
              ],
              [
                -48.4648282304755,
                -22.969831983407737
              ],
              [
                -48.4648282304755,
                -22.970101477992984
              ],
              [
                -48.465097725060744,
                -22.97010147799295
              ],
              [
                -48.465097725060744,
                -22.970370972578213
              ],
              [
                -48.46536721964597,
                -22.970370972578223
              ],
              [
                -48.46536721964597,
                -22.97010147799295
              ],
              [
                -48.466175703401674,
                -22.970101477992955
              ],
              [
                -48.466175703401674,
                -22.969831983407747
              ],
              [
                -48.467253681742626,
                -22.969831983407747
              ],
              [
                -48.467253681742626,
                -22.970101477992976
              ],
              [
                -48.46752317632785,
                -22.970101477992984
              ],
              [
                -48.46752317632785,
                -22.969831983407744
              ],
              [
                -48.4677926709131,
                -22.96983198340775
              ],
              [
                -48.4677926709131,
                -22.970640467163456
              ],
              [
                -48.46752317632785,
                -22.970640467163452
              ],
              [
                -48.46752317632785,
                -22.970909961748692
              ],
              [
                -48.4677926709131,
                -22.970909961748685
              ],
              [
                -48.4677926709131,
                -22.971179456333918
              ],
              [
                -48.46752317632785,
                -22.971179456333925
              ],
              [
                -48.46752317632785,
                -22.971448950919164
              ],
              [
                -48.467253681742626,
                -22.97144895091917
              ],
              [
                -48.467253681742626,
                -22.972257434674873
              ],
              [
                -48.46752317632785,
                -22.972257434674862
              ],
              [
                -48.46752317632785,
                -22.972526929260106
              ],
              [
                -48.4677926709131,
                -22.97252692926011
              ],
              [
                -48.4677926709131,
                -22.973065918430578
              ],
              [
                -48.468062165498324,
                -22.973065918430567
              ],
              [
                -48.468062165498324,
                -22.973335413015814
              ],
              [
                -48.4686011546688,
                -22.973335413015825
              ],
              [
                -48.4686011546688,
                -22.97306591843058
              ],
              [
                -48.469140143839276,
                -22.97306591843058
              ],
              [
                -48.469140143839276,
                -22.972526929260106
              ],
              [
                -48.46967913300975,
                -22.9725269292601
              ],
              [
                -48.46967913300975,
                -22.97198794008964
              ],
              [
                -48.469948627594974,
                -22.971987940089637
              ],
              [
                -48.469948627594974,
                -22.970909961748685
              ],
              [
                -48.46967913300975,
                -22.970909961748692
              ],
              [
                -48.46967913300975,
                -22.970640467163456
              ],
              [
                -48.4694096384245,
                -22.970640467163456
              ],
              [
                -48.4694096384245,
                -22.97010147799298
              ],
              [
                -48.46967913300975,
                -22.970101477992984
              ],
              [
                -48.46967913300975,
                -22.96929299423727
              ],
              [
                -48.4694096384245,
                -22.969292994237282
              ],
              [
                -48.4694096384245,
                -22.96902349965204
              ],
              [
                -48.469140143839276,
                -22.96902349965204
              ],
              [
                -48.469140143839276,
                -22.968754005066803
              ],
              [
                -48.46887064925403,
                -22.968754005066803
              ],
              [
                -48.46887064925403,
                -22.967945521311105
              ],
              [
                -48.4686011546688,
                -22.967945521311098
              ],
              [
                -48.4686011546688,
                -22.967676026725854
              ],
              [
                -48.468062165498324,
                -22.96767602672585
              ],
              [
                -48.468062165498324,
                -22.967406532140622
              ]
            ]
          ]
        ],
        "type": "MultiPolygon"
      },
      "properties": {
        "id": "27",
        "name": "MB 3 · Formação florestal · 27",
        "class": "Vegetação nativa mapeada",
        "area_ha": 14.1983,
        "reviewed": false,
        "pct": 1.0312
      }
    },
    {
      "type": "Feature",
      "id": "28",
      "geometry": {
        "coordinates": [
          [
            [
              [
                -48.4508145120488,
                -22.971792072279737
              ],
              [
                -48.45081451204323,
                -22.971987940089637
              ],
              [
                -48.450545017458005,
                -22.97198794008963
              ],
              [
                -48.450545017458005,
                -22.972796423845352
              ],
              [
                -48.45081451204323,
                -22.972796423845345
              ],
              [
                -48.45081451204323,
                -22.973335413015814
              ],
              [
                -48.45135350121371,
                -22.97333541301582
              ],
              [
                -48.45135350121371,
                -22.973065918430578
              ],
              [
                -48.451622995798935,
                -22.97306591843058
              ],
              [
                -48.451622995798935,
                -22.97252692926011
              ],
              [
                -48.45189249038418,
                -22.972526929260102
              ],
              [
                -48.45189249038418,
                -22.972796423845345
              ],
              [
                -48.45216198496941,
                -22.972796423845345
              ],
              [
                -48.45216198496941,
                -22.97306591843057
              ],
              [
                -48.45297046872511,
                -22.97306591843058
              ],
              [
                -48.45297046872511,
                -22.97279642384534
              ],
              [
                -48.45323996331036,
                -22.97279642384534
              ],
              [
                -48.45323996331036,
                -22.972526929260102
              ],
              [
                -48.45377895248083,
                -22.972526929260102
              ],
              [
                -48.45377895248083,
                -22.972257434674866
              ],
              [
                -48.45458743623654,
                -22.972257434674862
              ],
              [
                -48.45458743623654,
                -22.97198794008964
              ],
              [
                -48.45485693082176,
                -22.971987940089633
              ],
              [
                -48.45485693082176,
                -22.97144895091916
              ],
              [
                -48.45512642540701,
                -22.97144895091916
              ],
              [
                -48.45512642540701,
                -22.97117945633392
              ],
              [
                -48.455395919992235,
                -22.971179456333928
              ],
              [
                -48.455395919992235,
                -22.97090996174869
              ],
              [
                -48.45512642540701,
                -22.97090996174869
              ],
              [
                -48.45512642540701,
                -22.970370972578223
              ],
              [
                -48.45485693082176,
                -22.97037097257822
              ],
              [
                -48.45485693082176,
                -22.970101477992973
              ],
              [
                -48.45404844706606,
                -22.970101477992984
              ],
              [
                -48.45404844706606,
                -22.970370972578227
              ],
              [
                -48.453509457895585,
                -22.97037097257822
              ],
              [
                -48.453509457895585,
                -22.970640467163427
              ],
              [
                -48.45297046872511,
                -22.970640467163456
              ],
              [
                -48.45297046872511,
                -22.97090996174869
              ],
              [
                -48.452431479554654,
                -22.97090996174869
              ],
              [
                -48.452431479554654,
                -22.97117945633392
              ],
              [
                -48.45190348741894,
                -22.971179456352267
              ],
              [
                -48.45189249038481,
                -22.97118564293174
              ],
              [
                -48.45189249038418,
                -22.971448950919164
              ],
              [
                -48.4514244406839,
                -22.971448951422516
              ],
              [
                -48.45108400663424,
                -22.971640466197808
              ],
              [
                -48.45108400662848,
                -22.9717184455044
              ],
              [
                -48.45094539090129,
                -22.971718445561706
              ],
              [
                -48.4508145120488,
                -22.971792072279737
              ]
            ]
          ]
        ],
        "type": "MultiPolygon"
      },
      "properties": {
        "id": "28",
        "name": "MB 15 · Pastagem · 28",
        "class": "Uso agropecuário",
        "area_ha": 9.2855,
        "reviewed": false,
        "pct": 0.6744
      }
    },
    {
      "type": "Feature",
      "id": "29",
      "geometry": {
        "coordinates": [
          [
            [
              [
                -48.47183508969163,
                -22.97279642384534
              ],
              [
                -48.471026605935926,
                -22.972796423845335
              ],
              [
                -48.471026605935926,
                -22.97306591843058
              ],
              [
                -48.47075711135068,
                -22.97306591843058
              ],
              [
                -48.47075711135068,
                -22.973335413015818
              ],
              [
                -48.47048761676545,
                -22.973335413015814
              ],
              [
                -48.47048761676545,
                -22.973874402186286
              ],
              [
                -48.47129610052115,
                -22.973874402186276
              ],
              [
                -48.47129610052115,
                -22.973604907601043
              ],
              [
                -48.4715655951064,
                -22.973604907601043
              ],
              [
                -48.4715655951064,
                -22.973065918430578
              ],
              [
                -48.47183508969163,
                -22.97306591843058
              ],
              [
                -48.47183508969163,
                -22.97279642384534
              ]
            ]
          ]
        ],
        "type": "MultiPolygon"
      },
      "properties": {
        "id": "29",
        "name": "MB 11 · Campo alagado · 29",
        "class": "Vegetação nativa mapeada",
        "area_ha": 1.0731,
        "reviewed": false,
        "pct": 0.0779
      }
    },
    {
      "type": "Feature",
      "id": "30",
      "geometry": {
        "coordinates": [
          [
            [
              [
                -48.46752317632785,
                -22.97306591843058
              ],
              [
                -48.466984187157394,
                -22.973065918430585
              ],
              [
                -48.466984187157394,
                -22.973874402186283
              ],
              [
                -48.46752317632785,
                -22.973874402186283
              ],
              [
                -48.46752317632785,
                -22.973604907601054
              ],
              [
                -48.4677926709131,
                -22.973604907601043
              ],
              [
                -48.4677926709131,
                -22.973335413015818
              ],
              [
                -48.46752317632785,
                -22.973335413015818
              ],
              [
                -48.46752317632785,
                -22.97306591843058
              ]
            ]
          ]
        ],
        "type": "MultiPolygon"
      },
      "properties": {
        "id": "30",
        "name": "MB 21 · Mosaico de usos · 30",
        "class": "Uso agropecuário",
        "area_ha": 0.5778,
        "reviewed": false,
        "pct": 0.042
      }
    },
    {
      "type": "Feature",
      "id": "31",
      "geometry": {
        "coordinates": [
          [
            [
              [
                -48.45566541457748,
                -22.972526929260095
              ],
              [
                -48.45458743623654,
                -22.97252692926011
              ],
              [
                -48.45458743623654,
                -22.972796423845345
              ],
              [
                -48.45404844706606,
                -22.97279642384534
              ],
              [
                -48.45404844706606,
                -22.97360490760104
              ],
              [
                -48.45431794165129,
                -22.973604907601043
              ],
              [
                -48.45431794165129,
                -22.974143896771526
              ],
              [
                -48.45458743623654,
                -22.97414389677152
              ],
              [
                -48.45458743623654,
                -22.97441339135675
              ],
              [
                -48.455395919992235,
                -22.97441339135675
              ],
              [
                -48.455395919992235,
                -22.97414389677152
              ],
              [
                -48.45566541457748,
                -22.974143896771515
              ],
              [
                -48.45566541457748,
                -22.973604907601047
              ],
              [
                -48.456204403747954,
                -22.973604907601047
              ],
              [
                -48.456204403747954,
                -22.97306591843058
              ],
              [
                -48.455934909162714,
                -22.97306591843058
              ],
              [
                -48.455934909162714,
                -22.972796423845338
              ],
              [
                -48.45566541457748,
                -22.972796423845345
              ],
              [
                -48.45566541457748,
                -22.972526929260095
              ]
            ]
          ]
        ],
        "type": "MultiPolygon"
      },
      "properties": {
        "id": "31",
        "name": "MB 39 · Soja · 31",
        "class": "Uso agropecuário",
        "area_ha": 3.3019,
        "reviewed": false,
        "pct": 0.2398
      }
    },
    {
      "type": "Feature",
      "id": "32",
      "geometry": {
        "coordinates": [
          [
            [
              [
                -48.468062165498324,
                -22.97414389677152
              ],
              [
                -48.4677926709131,
                -22.974143896771523
              ],
              [
                -48.4677926709131,
                -22.97441339135675
              ],
              [
                -48.468062165498324,
                -22.974413391356745
              ],
              [
                -48.468062165498324,
                -22.97414389677152
              ]
            ]
          ]
        ],
        "type": "MultiPolygon"
      },
      "properties": {
        "id": "32",
        "name": "MB 21 · Mosaico de usos · 32",
        "class": "Uso agropecuário",
        "area_ha": 0.0825,
        "reviewed": false,
        "pct": 0.006
      }
    },
    {
      "type": "Feature",
      "id": "33",
      "geometry": {
        "coordinates": [
          [
            [
              [
                -48.46671469257215,
                -22.97306591843058
              ],
              [
                -48.46644519798692,
                -22.97306591843058
              ],
              [
                -48.46644519798692,
                -22.973874402186283
              ],
              [
                -48.46590620881645,
                -22.973874402186283
              ],
              [
                -48.46590620881645,
                -22.97441339135675
              ],
              [
                -48.466175703401674,
                -22.97441339135675
              ],
              [
                -48.466175703401674,
                -22.97468288594199
              ],
              [
                -48.46671469257215,
                -22.97468288594199
              ],
              [
                -48.46671469257215,
                -22.97441339135676
              ],
              [
                -48.466984187157394,
                -22.97441339135675
              ],
              [
                -48.466984187157394,
                -22.973335413015825
              ],
              [
                -48.46671469257215,
                -22.973335413015818
              ],
              [
                -48.46671469257215,
                -22.97306591843058
              ]
            ]
          ]
        ],
        "type": "MultiPolygon"
      },
      "properties": {
        "id": "33",
        "name": "MB 3 · Formação florestal · 33",
        "class": "Vegetação nativa mapeada",
        "area_ha": 1.2382,
        "reviewed": false,
        "pct": 0.0899
      }
    },
    {
      "type": "Feature",
      "id": "34",
      "geometry": {
        "coordinates": [
          [
            [
              [
                -48.47129610052115,
                -22.973874402186276
              ],
              [
                -48.470218122180206,
                -22.973874402186286
              ],
              [
                -48.470218122180206,
                -22.974143896771512
              ],
              [
                -48.469140143839276,
                -22.97414389677152
              ],
              [
                -48.469140143839276,
                -22.97441339135676
              ],
              [
                -48.4694096384245,
                -22.97441339135674
              ],
              [
                -48.4694096384245,
                -22.974682885942
              ],
              [
                -48.47048761676545,
                -22.97468288594199
              ],
              [
                -48.47048761676545,
                -22.97441339135675
              ],
              [
                -48.47075711135068,
                -22.974413391356748
              ],
              [
                -48.47075711135068,
                -22.97414389677152
              ],
              [
                -48.47129610052115,
                -22.97414389677152
              ],
              [
                -48.47129610052115,
                -22.973874402186276
              ]
            ]
          ]
        ],
        "type": "MultiPolygon"
      },
      "properties": {
        "id": "34",
        "name": "MB 3 · Formação florestal · 34",
        "class": "Vegetação nativa mapeada",
        "area_ha": 1.1556,
        "reviewed": false,
        "pct": 0.0839
      }
    },
    {
      "type": "Feature",
      "id": "35",
      "geometry": {
        "coordinates": [
          [
            [
              [
                -48.45108400662848,
                -22.974143896771526
              ],
              [
                -48.45081451204323,
                -22.97414389677152
              ],
              [
                -48.45081451204323,
                -22.974682885942
              ],
              [
                -48.45108400662848,
                -22.974682885941988
              ],
              [
                -48.45108400662848,
                -22.974952380527217
              ],
              [
                -48.45135350121371,
                -22.97495238052723
              ],
              [
                -48.45135350121371,
                -22.974413391356755
              ],
              [
                -48.45108400662848,
                -22.974413391356748
              ],
              [
                -48.45108400662848,
                -22.974143896771526
              ]
            ]
          ]
        ],
        "type": "MultiPolygon"
      },
      "properties": {
        "id": "35",
        "name": "MB 41 · Outras lavouras temporárias · 35",
        "class": "Uso agropecuário",
        "area_ha": 0.3302,
        "reviewed": false,
        "pct": 0.024
      }
    },
    {
      "type": "Feature",
      "id": "36",
      "geometry": {
        "coordinates": [
          [
            [
              [
                -48.46590620881645,
                -22.97468288594199
              ],
              [
                -48.465636714231216,
                -22.974682885941988
              ],
              [
                -48.465636714231216,
                -22.974952380527238
              ],
              [
                -48.46590620881645,
                -22.97495238052723
              ],
              [
                -48.46590620881645,
                -22.97468288594199
              ]
            ]
          ]
        ],
        "type": "MultiPolygon"
      },
      "properties": {
        "id": "36",
        "name": "MB 21 · Mosaico de usos · 36",
        "class": "Uso agropecuário",
        "area_ha": 0.0825,
        "reviewed": false,
        "pct": 0.006
      }
    },
    {
      "type": "Feature",
      "id": "37",
      "geometry": {
        "coordinates": [
          [
            [
              [
                -48.47129610052115,
                -22.97414389677152
              ],
              [
                -48.47075711135068,
                -22.97414389677152
              ],
              [
                -48.47075711135068,
                -22.974413391356748
              ],
              [
                -48.47048761676545,
                -22.97441339135675
              ],
              [
                -48.47048761676545,
                -22.97468288594199
              ],
              [
                -48.4694096384245,
                -22.974682885942
              ],
              [
                -48.4694096384245,
                -22.974952380527228
              ],
              [
                -48.469140143839276,
                -22.974952380527235
              ],
              [
                -48.469140143839276,
                -22.975221875112464
              ],
              [
                -48.47048761676545,
                -22.97522187511245
              ],
              [
                -48.47048761676545,
                -22.974952380527228
              ],
              [
                -48.47075711135068,
                -22.974952380527228
              ],
              [
                -48.47075711135068,
                -22.974682885942
              ],
              [
                -48.471026605935926,
                -22.974682885941995
              ],
              [
                -48.471026605935926,
                -22.97441339135674
              ],
              [
                -48.47129610052115,
                -22.974413391356755
              ],
              [
                -48.47129610052115,
                -22.97414389677152
              ]
            ]
          ]
        ],
        "type": "MultiPolygon"
      },
      "properties": {
        "id": "37",
        "name": "MB 21 · Mosaico de usos · 37",
        "class": "Uso agropecuário",
        "area_ha": 1.1556,
        "reviewed": false,
        "pct": 0.0839
      }
    },
    {
      "type": "Feature",
      "id": "38",
      "geometry": {
        "coordinates": [
          [
            [
              [
                -48.46833166008357,
                -22.97441339135676
              ],
              [
                -48.468062165498324,
                -22.974413391356745
              ],
              [
                -48.468062165498324,
                -22.97522187511244
              ],
              [
                -48.4686011546688,
                -22.975221875112453
              ],
              [
                -48.4686011546688,
                -22.974952380527228
              ],
              [
                -48.46833166008357,
                -22.974952380527224
              ],
              [
                -48.46833166008357,
                -22.97441339135676
              ]
            ]
          ]
        ],
        "type": "MultiPolygon"
      },
      "properties": {
        "id": "38",
        "name": "MB 21 · Mosaico de usos · 38",
        "class": "Uso agropecuário",
        "area_ha": 0.3302,
        "reviewed": false,
        "pct": 0.024
      }
    },
    {
      "type": "Feature",
      "id": "39",
      "geometry": {
        "coordinates": [
          [
            [
              [
                -48.46671469257215,
                -22.974952380527217
              ],
              [
                -48.466175703401674,
                -22.974952380527228
              ],
              [
                -48.466175703401674,
                -22.975221875112464
              ],
              [
                -48.46671469257215,
                -22.97522187511245
              ],
              [
                -48.46671469257215,
                -22.974952380527217
              ]
            ]
          ]
        ],
        "type": "MultiPolygon"
      },
      "properties": {
        "id": "39",
        "name": "MB 21 · Mosaico de usos · 39",
        "class": "Uso agropecuário",
        "area_ha": 0.1651,
        "reviewed": false,
        "pct": 0.012
      }
    },
    {
      "type": "Feature",
      "id": "40",
      "geometry": {
        "coordinates": [
          [
            [
              [
                -48.465636714231216,
                -22.974952380527238
              ],
              [
                -48.465097725060744,
                -22.974952380527235
              ],
              [
                -48.465097725060744,
                -22.975221875112464
              ],
              [
                -48.465636714231216,
                -22.97522187511247
              ],
              [
                -48.465636714231216,
                -22.974952380527238
              ]
            ]
          ]
        ],
        "type": "MultiPolygon"
      },
      "properties": {
        "id": "40",
        "name": "MB 21 · Mosaico de usos · 40",
        "class": "Uso agropecuário",
        "area_ha": 0.1651,
        "reviewed": false,
        "pct": 0.012
      }
    },
    {
      "type": "Feature",
      "id": "41",
      "geometry": {
        "coordinates": [
          [
            [
              [
                -48.45135350121371,
                -22.97495238052723
              ],
              [
                -48.45108400662848,
                -22.974952380527217
              ],
              [
                -48.45108400662848,
                -22.975221875112457
              ],
              [
                -48.45135350121371,
                -22.975221875112464
              ],
              [
                -48.45135350121371,
                -22.97495238052723
              ]
            ]
          ]
        ],
        "type": "MultiPolygon"
      },
      "properties": {
        "id": "41",
        "name": "MB 39 · Soja · 41",
        "class": "Uso agropecuário",
        "area_ha": 0.0825,
        "reviewed": false,
        "pct": 0.006
      }
    },
    {
      "type": "Feature",
      "id": "42",
      "geometry": {
        "coordinates": [
          [
            [
              [
                -48.467253681742626,
                -22.974952380527228
              ],
              [
                -48.466984187157394,
                -22.974952380527217
              ],
              [
                -48.466984187157394,
                -22.975491369697693
              ],
              [
                -48.467253681742626,
                -22.975491369697707
              ],
              [
                -48.467253681742626,
                -22.974952380527228
              ]
            ]
          ]
        ],
        "type": "MultiPolygon"
      },
      "properties": {
        "id": "42",
        "name": "MB 21 · Mosaico de usos · 42",
        "class": "Uso agropecuário",
        "area_ha": 0.1651,
        "reviewed": false,
        "pct": 0.012
      }
    },
    {
      "type": "Feature",
      "id": "43",
      "geometry": {
        "coordinates": [
          [
            [
              [
                -48.45108400662848,
                -22.974952380527217
              ],
              [
                -48.45081451204323,
                -22.974952380527228
              ],
              [
                -48.45081451204323,
                -22.975491369697696
              ],
              [
                -48.45135350121371,
                -22.9754913696977
              ],
              [
                -48.45135350121371,
                -22.975221875112464
              ],
              [
                -48.45108400662848,
                -22.975221875112457
              ],
              [
                -48.45108400662848,
                -22.974952380527217
              ]
            ]
          ]
        ],
        "type": "MultiPolygon"
      },
      "properties": {
        "id": "43",
        "name": "MB 41 · Outras lavouras temporárias · 43",
        "class": "Uso agropecuário",
        "area_ha": 0.2476,
        "reviewed": false,
        "pct": 0.018
      }
    },
    {
      "type": "Feature",
      "id": "44",
      "geometry": {
        "coordinates": [
          [
            [
              [
                -48.4677926709131,
                -22.96983198340775
              ],
              [
                -48.46752317632785,
                -22.969831983407744
              ],
              [
                -48.46752317632785,
                -22.970101477992984
              ],
              [
                -48.467253681742626,
                -22.970101477992976
              ],
              [
                -48.467253681742626,
                -22.969831983407747
              ],
              [
                -48.466175703401674,
                -22.969831983407747
              ],
              [
                -48.466175703401674,
                -22.970101477992955
              ],
              [
                -48.46536721964597,
                -22.97010147799295
              ],
              [
                -48.46536721964597,
                -22.970370972578223
              ],
              [
                -48.465097725060744,
                -22.970370972578213
              ],
              [
                -48.465097725060744,
                -22.970640467163445
              ],
              [
                -48.466175703401674,
                -22.970640467163456
              ],
              [
                -48.466175703401674,
                -22.970909961748692
              ],
              [
                -48.46590620881645,
                -22.970909961748692
              ],
              [
                -48.46590620881645,
                -22.971448950919164
              ],
              [
                -48.465636714231216,
                -22.971448950919168
              ],
              [
                -48.465636714231216,
                -22.971987940089637
              ],
              [
                -48.466175703401674,
                -22.971987940089637
              ],
              [
                -48.466175703401674,
                -22.972257434674866
              ],
              [
                -48.465636714231216,
                -22.97225743467487
              ],
              [
                -48.465636714231216,
                -22.972526929260106
              ],
              [
                -48.46536721964597,
                -22.972526929260102
              ],
              [
                -48.46536721964597,
                -22.97279642384534
              ],
              [
                -48.465636714231216,
                -22.97279642384535
              ],
              [
                -48.465636714231216,
                -22.973874402186283
              ],
              [
                -48.46536721964597,
                -22.97387440218629
              ],
              [
                -48.46536721964597,
                -22.974143896771505
              ],
              [
                -48.465097725060744,
                -22.97414389677151
              ],
              [
                -48.465097725060744,
                -22.97468288594199
              ],
              [
                -48.4648282304755,
                -22.974682885942
              ],
              [
                -48.4648282304755,
                -22.97495238052722
              ],
              [
                -48.464289241305025,
                -22.97495238052722
              ],
              [
                -48.464289241305025,
                -22.975760864282936
              ],
              [
                -48.46455873589027,
                -22.975760864282933
              ],
              [
                -48.46455873589027,
                -22.975491369697707
              ],
              [
                -48.4648282304755,
                -22.9754913696977
              ],
              [
                -48.4648282304755,
                -22.975221875112453
              ],
              [
                -48.465097725060744,
                -22.975221875112464
              ],
              [
                -48.465097725060744,
                -22.974952380527235
              ],
              [
                -48.465636714231216,
                -22.974952380527238
              ],
              [
                -48.465636714231216,
                -22.974682885941988
              ],
              [
                -48.466175703401674,
                -22.97468288594199
              ],
              [
                -48.466175703401674,
                -22.97441339135675
              ],
              [
                -48.46590620881645,
                -22.97441339135675
              ],
              [
                -48.46590620881645,
                -22.973874402186283
              ],
              [
                -48.46644519798692,
                -22.973874402186283
              ],
              [
                -48.46644519798692,
                -22.97306591843058
              ],
              [
                -48.46671469257215,
                -22.97306591843058
              ],
              [
                -48.46671469257215,
                -22.973335413015818
              ],
              [
                -48.466984187157394,
                -22.973335413015825
              ],
              [
                -48.466984187157394,
                -22.973065918430585
              ],
              [
                -48.46752317632785,
                -22.97306591843058
              ],
              [
                -48.46752317632785,
                -22.973335413015818
              ],
              [
                -48.4677926709131,
                -22.973335413015818
              ],
              [
                -48.4677926709131,
                -22.973604907601043
              ],
              [
                -48.46752317632785,
                -22.973604907601054
              ],
              [
                -48.46752317632785,
                -22.973874402186283
              ],
              [
                -48.4677926709131,
                -22.973874402186276
              ],
              [
                -48.4677926709131,
                -22.974143896771523
              ],
              [
                -48.468062165498324,
                -22.97414389677152
              ],
              [
                -48.468062165498324,
                -22.974413391356745
              ],
              [
                -48.46833166008357,
                -22.97441339135676
              ],
              [
                -48.46833166008357,
                -22.974952380527224
              ],
              [
                -48.4686011546688,
                -22.974952380527228
              ],
              [
                -48.4686011546688,
                -22.975221875112453
              ],
              [
                -48.469140143839276,
                -22.975221875112464
              ],
              [
                -48.469140143839276,
                -22.974952380527235
              ],
              [
                -48.4694096384245,
                -22.974952380527228
              ],
              [
                -48.4694096384245,
                -22.97441339135674
              ],
              [
                -48.469140143839276,
                -22.97441339135676
              ],
              [
                -48.469140143839276,
                -22.97414389677152
              ],
              [
                -48.46887064925403,
                -22.97414389677152
              ],
              [
                -48.46887064925403,
                -22.973874402186283
              ],
              [
                -48.46833166008357,
                -22.973874402186283
              ],
              [
                -48.46833166008357,
                -22.973335413015818
              ],
              [
                -48.468062165498324,
                -22.973335413015814
              ],
              [
                -48.468062165498324,
                -22.973065918430567
              ],
              [
                -48.4677926709131,
                -22.973065918430578
              ],
              [
                -48.4677926709131,
                -22.97252692926011
              ],
              [
                -48.46752317632785,
                -22.972526929260106
              ],
              [
                -48.46752317632785,
                -22.972257434674862
              ],
              [
                -48.467253681742626,
                -22.972257434674873
              ],
              [
                -48.467253681742626,
                -22.97144895091917
              ],
              [
                -48.466984187157394,
                -22.971448950919168
              ],
              [
                -48.466984187157394,
                -22.97117945633393
              ],
              [
                -48.46671469257215,
                -22.97117945633392
              ],
              [
                -48.46671469257215,
                -22.970909961748678
              ],
              [
                -48.466984187157394,
                -22.97090996174869
              ],
              [
                -48.466984187157394,
                -22.970640467163456
              ],
              [
                -48.467253681742626,
                -22.970640467163456
              ],
              [
                -48.467253681742626,
                -22.970370972578216
              ],
              [
                -48.4677926709131,
                -22.970370972578216
              ],
              [
                -48.4677926709131,
                -22.96983198340775
              ]
            ]
          ]
        ],
        "type": "MultiPolygon"
      },
      "properties": {
        "id": "44",
        "name": "MB 11 · Campo alagado · 44",
        "class": "Vegetação nativa mapeada",
        "area_ha": 10.3184,
        "reviewed": false,
        "pct": 0.7494
      }
    },
    {
      "type": "Feature",
      "id": "45",
      "geometry": {
        "coordinates": [
          [
            [
              [
                -48.466984187157394,
                -22.974952380527217
              ],
              [
                -48.46671469257215,
                -22.974952380527217
              ],
              [
                -48.46671469257215,
                -22.97522187511245
              ],
              [
                -48.466175703401674,
                -22.975221875112464
              ],
              [
                -48.466175703401674,
                -22.975760864282936
              ],
              [
                -48.46644519798692,
                -22.975760864282943
              ],
              [
                -48.46644519798692,
                -22.975491369697703
              ],
              [
                -48.466984187157394,
                -22.975491369697693
              ],
              [
                -48.466984187157394,
                -22.974952380527217
              ]
            ]
          ]
        ],
        "type": "MultiPolygon"
      },
      "properties": {
        "id": "45",
        "name": "MB 41 · Outras lavouras temporárias · 45",
        "class": "Uso agropecuário",
        "area_ha": 0.4127,
        "reviewed": false,
        "pct": 0.03
      }
    },
    {
      "type": "Feature",
      "id": "46",
      "geometry": {
        "coordinates": [
          [
            [
              [
                -48.46455873589027,
                -22.975760864282933
              ],
              [
                -48.464289241305025,
                -22.975760864282936
              ],
              [
                -48.464289241305025,
                -22.976030358868172
              ],
              [
                -48.46455873589027,
                -22.976030358868165
              ],
              [
                -48.46455873589027,
                -22.975760864282933
              ]
            ]
          ]
        ],
        "type": "MultiPolygon"
      },
      "properties": {
        "id": "46",
        "name": "MB 21 · Mosaico de usos · 46",
        "class": "Uso agropecuário",
        "area_ha": 0.0825,
        "reviewed": false,
        "pct": 0.006
      }
    },
    {
      "type": "Feature",
      "id": "47",
      "geometry": {
        "coordinates": [
          [
            [
              [
                -48.44838906077611,
                -22.975760864282933
              ],
              [
                -48.448119566190876,
                -22.97576086428294
              ],
              [
                -48.448119566190876,
                -22.97603035886818
              ],
              [
                -48.44838906077611,
                -22.97603035886816
              ],
              [
                -48.44838906077611,
                -22.975760864282933
              ]
            ]
          ]
        ],
        "type": "MultiPolygon"
      },
      "properties": {
        "id": "47",
        "name": "MB 21 · Mosaico de usos · 47",
        "class": "Uso agropecuário",
        "area_ha": 0.0825,
        "reviewed": false,
        "pct": 0.006
      }
    },
    {
      "type": "Feature",
      "id": "48",
      "geometry": {
        "coordinates": [
          [
            [
              [
                -48.481806389345365,
                -22.975221875112453
              ],
              [
                -48.480728411004414,
                -22.97522187511246
              ],
              [
                -48.480728411004414,
                -22.97549136969769
              ],
              [
                -48.48018942183394,
                -22.975491369697693
              ],
              [
                -48.48018942183394,
                -22.976030358868165
              ],
              [
                -48.48099790558966,
                -22.976030358868176
              ],
              [
                -48.48099790558966,
                -22.97629985345341
              ],
              [
                -48.48153689476012,
                -22.976299853453416
              ],
              [
                -48.48153689476012,
                -22.975491369697693
              ],
              [
                -48.481806389345365,
                -22.9754913696977
              ],
              [
                -48.481806389345365,
                -22.975221875112453
              ]
            ]
          ]
        ],
        "type": "MultiPolygon"
      },
      "properties": {
        "id": "48",
        "name": "MB 21 · Mosaico de usos · 48",
        "class": "Uso agropecuário",
        "area_ha": 1.3207,
        "reviewed": false,
        "pct": 0.0959
      }
    },
    {
      "type": "Feature",
      "id": "49",
      "geometry": {
        "coordinates": [
          [
            [
              [
                -48.464289241305025,
                -22.976030358868172
              ],
              [
                -48.46401974671979,
                -22.97603035886817
              ],
              [
                -48.46401974671979,
                -22.9762998534534
              ],
              [
                -48.464289241305025,
                -22.976299853453412
              ],
              [
                -48.464289241305025,
                -22.976030358868172
              ]
            ]
          ]
        ],
        "type": "MultiPolygon"
      },
      "properties": {
        "id": "49",
        "name": "MB 21 · Mosaico de usos · 49",
        "class": "Uso agropecuário",
        "area_ha": 0.0825,
        "reviewed": false,
        "pct": 0.006
      }
    },
    {
      "type": "Feature",
      "id": "50",
      "geometry": {
        "coordinates": [
          [
            [
              [
                -48.46455873589027,
                -22.97037097257822
              ],
              [
                -48.46401974671979,
                -22.97037097257822
              ],
              [
                -48.46401974671979,
                -22.970909961748692
              ],
              [
                -48.46375025213455,
                -22.970909961748685
              ],
              [
                -48.46375025213455,
                -22.971448950919168
              ],
              [
                -48.46348075754932,
                -22.971448950919164
              ],
              [
                -48.46348075754932,
                -22.971718445504393
              ],
              [
                -48.46321126296408,
                -22.97171844550437
              ],
              [
                -48.46321126296408,
                -22.972257434674866
              ],
              [
                -48.46348075754932,
                -22.97225743467487
              ],
              [
                -48.46348075754932,
                -22.97198794008963
              ],
              [
                -48.46375025213455,
                -22.971987940089637
              ],
              [
                -48.46375025213455,
                -22.971718445504393
              ],
              [
                -48.46401974671979,
                -22.9717184455044
              ],
              [
                -48.46401974671979,
                -22.972257434674876
              ],
              [
                -48.46455873589027,
                -22.972257434674862
              ],
              [
                -48.46455873589027,
                -22.972796423845345
              ],
              [
                -48.4648282304755,
                -22.97279642384534
              ],
              [
                -48.4648282304755,
                -22.97333541301582
              ],
              [
                -48.465097725060744,
                -22.973335413015818
              ],
              [
                -48.465097725060744,
                -22.973874402186276
              ],
              [
                -48.464289241305025,
                -22.973874402186286
              ],
              [
                -48.464289241305025,
                -22.97414389677152
              ],
              [
                -48.46401974671979,
                -22.97414389677151
              ],
              [
                -48.46401974671979,
                -22.97468288594199
              ],
              [
                -48.46375025213455,
                -22.974682885941995
              ],
              [
                -48.46375025213455,
                -22.974952380527228
              ],
              [
                -48.46348075754932,
                -22.97495238052723
              ],
              [
                -48.46348075754932,
                -22.9754913696977
              ],
              [
                -48.462672273793615,
                -22.975491369697693
              ],
              [
                -48.462672273793615,
                -22.974682885941984
              ],
              [
                -48.462402779208375,
                -22.97468288594199
              ],
              [
                -48.462402779208375,
                -22.974413391356755
              ],
              [
                -48.46213328462314,
                -22.974413391356748
              ],
              [
                -48.46213328462314,
                -22.97414389677152
              ],
              [
                -48.462402779208375,
                -22.974143896771523
              ],
              [
                -48.462402779208375,
                -22.973604907601047
              ],
              [
                -48.46213328462314,
                -22.97360490760105
              ],
              [
                -48.46213328462314,
                -22.97306591843058
              ],
              [
                -48.4618637900379,
                -22.97306591843058
              ],
              [
                -48.4618637900379,
                -22.972796423845335
              ],
              [
                -48.460246822526486,
                -22.972796423845356
              ],
              [
                -48.460246822526486,
                -22.972257434674873
              ],
              [
                -48.45997732794125,
                -22.972257434674876
              ],
              [
                -48.45997732794125,
                -22.973604907601047
              ],
              [
                -48.460246822526486,
                -22.973604907601043
              ],
              [
                -48.460246822526486,
                -22.97414389677152
              ],
              [
                -48.46078581169696,
                -22.974143896771526
              ],
              [
                -48.46078581169696,
                -22.974413391356748
              ],
              [
                -48.46132480086743,
                -22.97441339135675
              ],
              [
                -48.46132480086743,
                -22.97468288594198
              ],
              [
                -48.4618637900379,
                -22.974682885941995
              ],
              [
                -48.4618637900379,
                -22.974952380527228
              ],
              [
                -48.46213328462314,
                -22.97495238052721
              ],
              [
                -48.46213328462314,
                -22.975221875112446
              ],
              [
                -48.462402779208375,
                -22.975221875112464
              ],
              [
                -48.462402779208375,
                -22.975760864282936
              ],
              [
                -48.46375025213455,
                -22.975760864282936
              ],
              [
                -48.46375025213455,
                -22.976030358868172
              ],
              [
                -48.46348075754932,
                -22.97603035886817
              ],
              [
                -48.46348075754932,
                -22.9762998534534
              ],
              [
                -48.46321126296408,
                -22.9762998534534
              ],
              [
                -48.46321126296408,
                -22.97656934803864
              ],
              [
                -48.46375025213455,
                -22.976569348038627
              ],
              [
                -48.46375025213455,
                -22.976299853453412
              ],
              [
                -48.46401974671979,
                -22.9762998534534
              ],
              [
                -48.46401974671979,
                -22.97603035886817
              ],
              [
                -48.464289241305025,
                -22.976030358868172
              ],
              [
                -48.464289241305025,
                -22.97495238052722
              ],
              [
                -48.4648282304755,
                -22.97495238052722
              ],
              [
                -48.4648282304755,
                -22.974682885942
              ],
              [
                -48.465097725060744,
                -22.97468288594199
              ],
              [
                -48.465097725060744,
                -22.97414389677151
              ],
              [
                -48.46536721964597,
                -22.974143896771505
              ],
              [
                -48.46536721964597,
                -22.97387440218629
              ],
              [
                -48.465636714231216,
                -22.973874402186283
              ],
              [
                -48.465636714231216,
                -22.97279642384535
              ],
              [
                -48.46536721964597,
                -22.97279642384534
              ],
              [
                -48.46536721964597,
                -22.972526929260102
              ],
              [
                -48.465636714231216,
                -22.972526929260106
              ],
              [
                -48.465636714231216,
                -22.97225743467487
              ],
              [
                -48.466175703401674,
                -22.972257434674866
              ],
              [
                -48.466175703401674,
                -22.971987940089637
              ],
              [
                -48.465636714231216,
                -22.971987940089637
              ],
              [
                -48.465636714231216,
                -22.971448950919168
              ],
              [
                -48.46590620881645,
                -22.971448950919164
              ],
              [
                -48.46590620881645,
                -22.970909961748692
              ],
              [
                -48.466175703401674,
                -22.970909961748692
              ],
              [
                -48.466175703401674,
                -22.970640467163456
              ],
              [
                -48.46455873589027,
                -22.97064046716345
              ],
              [
                -48.46455873589027,
                -22.97037097257822
              ]
            ]
          ]
        ],
        "type": "MultiPolygon"
      },
      "properties": {
        "id": "50",
        "name": "MB 3 · Formação florestal · 50",
        "class": "Vegetação nativa mapeada",
        "area_ha": 13.125,
        "reviewed": false,
        "pct": 0.9533
      }
    },
    {
      "type": "Feature",
      "id": "51",
      "geometry": {
        "coordinates": [
          [
            [
              [
                -48.448119566190876,
                -22.97603035886818
              ],
              [
                -48.448119566190876,
                -22.976299853453398
              ],
              [
                -48.448658555361355,
                -22.976299853453416
              ],
              [
                -48.448658555361355,
                -22.97656934803864
              ],
              [
                -48.44946703911705,
                -22.97656934803864
              ],
              [
                -48.44946703911705,
                -22.976299853453405
              ],
              [
                -48.45027552287276,
                -22.976299853453412
              ],
              [
                -48.45027552287276,
                -22.97468288594199
              ],
              [
                -48.45000602828753,
                -22.974682885941967
              ],
              [
                -48.45000602828753,
                -22.97414389677151
              ],
              [
                -48.45027552287276,
                -22.97414389677152
              ],
              [
                -48.45027552287276,
                -22.973335413015818
              ],
              [
                -48.45000602828753,
                -22.97333541301581
              ],
              [
                -48.45000602828753,
                -22.972257434674862
              ],
              [
                -48.44998727568882,
                -22.972257434705686
              ],
              [
                -48.44519641447493,
                -22.97495238207436
              ],
              [
                -48.4467720932647,
                -22.97495238052722
              ],
              [
                -48.4467720932647,
                -22.975221875112464
              ],
              [
                -48.448119566190876,
                -22.975221875112425
              ],
              [
                -48.448119566190876,
                -22.975491369697696
              ],
              [
                -48.44731108243518,
                -22.975491369697696
              ],
              [
                -48.44731108243518,
                -22.97576086428293
              ],
              [
                -48.4475805770204,
                -22.975760864282922
              ],
              [
                -48.4475805770204,
                -22.97603035886817
              ],
              [
                -48.448119566190876,
                -22.97603035886818
              ]
            ],
            [
              [
                -48.448119566190876,
                -22.97603035886818
              ],
              [
                -48.448119566190876,
                -22.97576086428294
              ],
              [
                -48.44838906077611,
                -22.975760864282933
              ],
              [
                -48.44838906077611,
                -22.97603035886816
              ],
              [
                -48.448119566190876,
                -22.97603035886818
              ]
            ]
          ]
        ],
        "type": "MultiPolygon"
      },
      "properties": {
        "id": "51",
        "name": "MB 39 · Soja · 51",
        "class": "Uso agropecuário",
        "area_ha": 12.0174,
        "reviewed": false,
        "pct": 0.8728
      }
    },
    {
      "type": "Feature",
      "id": "52",
      "geometry": {
        "coordinates": [
          [
            [
              [
                -48.4424601799067,
                -22.976491445514103
              ],
              [
                -48.44246017990092,
                -22.976569348038637
              ],
              [
                -48.444346641997576,
                -22.976569348038637
              ],
              [
                -48.444346641997576,
                -22.976030358868176
              ],
              [
                -48.44461613658281,
                -22.97603035886817
              ],
              [
                -48.44461613658281,
                -22.9754913696977
              ],
              [
                -48.44423818872538,
                -22.97549136988999
              ],
              [
                -48.44407714741861,
                -22.975581952204774
              ],
              [
                -48.44407714741234,
                -22.97576086428293
              ],
              [
                -48.443759067053946,
                -22.975760864775772
              ],
              [
                -48.4424601799067,
                -22.976491445514103
              ]
            ]
          ]
        ],
        "type": "MultiPolygon"
      },
      "properties": {
        "id": "52",
        "name": "MB 9 · Silvicultura · 52",
        "class": "Silvicultura mapeada",
        "area_ha": 1.4336,
        "reviewed": false,
        "pct": 0.1041
      }
    },
    {
      "type": "Feature",
      "id": "53",
      "geometry": {
        "coordinates": [
          [
            [
              [
                -48.44488563116805,
                -22.975491369697696
              ],
              [
                -48.44461613658281,
                -22.9754913696977
              ],
              [
                -48.44461613658281,
                -22.97603035886817
              ],
              [
                -48.444346641997576,
                -22.976030358868176
              ],
              [
                -48.444346641997576,
                -22.976569348038637
              ],
              [
                -48.44515512575328,
                -22.976569348038645
              ],
              [
                -48.44515512575328,
                -22.97576086428293
              ],
              [
                -48.44488563116805,
                -22.975760864282936
              ],
              [
                -48.44488563116805,
                -22.975491369697696
              ]
            ]
          ]
        ],
        "type": "MultiPolygon"
      },
      "properties": {
        "id": "53",
        "name": "MB 4 · Formação savânica · 53",
        "class": "Vegetação nativa mapeada",
        "area_ha": 0.7429,
        "reviewed": false,
        "pct": 0.054
      }
    },
    {
      "type": "Feature",
      "id": "54",
      "geometry": {
        "coordinates": [
          [
            [
              [
                -48.467253681742626,
                -22.976030358868172
              ],
              [
                -48.466984187157394,
                -22.976030358868172
              ],
              [
                -48.466984187157394,
                -22.97629985345341
              ],
              [
                -48.46644519798692,
                -22.97629985345341
              ],
              [
                -48.46644519798692,
                -22.976569348038637
              ],
              [
                -48.467253681742626,
                -22.976569348038637
              ],
              [
                -48.467253681742626,
                -22.976030358868172
              ]
            ]
          ]
        ],
        "type": "MultiPolygon"
      },
      "properties": {
        "id": "54",
        "name": "MB 21 · Mosaico de usos · 54",
        "class": "Uso agropecuário",
        "area_ha": 0.3302,
        "reviewed": false,
        "pct": 0.024
      }
    },
    {
      "type": "Feature",
      "id": "55",
      "geometry": {
        "coordinates": [
          [
            [
              [
                -48.458360360429836,
                -22.976030358868176
              ],
              [
                -48.4580908658446,
                -22.97603035886817
              ],
              [
                -48.4580908658446,
                -22.976569348038645
              ],
              [
                -48.458360360429836,
                -22.976569348038634
              ],
              [
                -48.458360360429836,
                -22.976030358868176
              ]
            ]
          ]
        ],
        "type": "MultiPolygon"
      },
      "properties": {
        "id": "55",
        "name": "MB 21 · Mosaico de usos · 55",
        "class": "Uso agropecuário",
        "area_ha": 0.1651,
        "reviewed": false,
        "pct": 0.012
      }
    },
    {
      "type": "Feature",
      "id": "56",
      "geometry": {
        "coordinates": [
          [
            [
              [
                -48.46401974671979,
                -22.9762998534534
              ],
              [
                -48.46375025213455,
                -22.976299853453412
              ],
              [
                -48.46375025213455,
                -22.976569348038627
              ],
              [
                -48.46401974671979,
                -22.97656934803864
              ],
              [
                -48.46401974671979,
                -22.9762998534534
              ]
            ]
          ]
        ],
        "type": "MultiPolygon"
      },
      "properties": {
        "id": "56",
        "name": "MB 21 · Mosaico de usos · 56",
        "class": "Uso agropecuário",
        "area_ha": 0.0825,
        "reviewed": false,
        "pct": 0.006
      }
    },
    {
      "type": "Feature",
      "id": "57",
      "geometry": {
        "coordinates": [
          [
            [
              [
                -48.44232167618253,
                -22.976569348095953
              ],
              [
                -48.44246017990092,
                -22.976569348038637
              ],
              [
                -48.4424601799067,
                -22.976491445514103
              ],
              [
                -48.44232167618253,
                -22.976569348095953
              ]
            ]
          ]
        ],
        "type": "MultiPolygon"
      },
      "properties": {
        "id": "57",
        "name": "MB 21 · Mosaico de usos · 57",
        "class": "Uso agropecuário",
        "area_ha": 0.0061,
        "reviewed": false,
        "pct": 0.0004
      }
    },
    {
      "type": "Feature",
      "id": "58",
      "geometry": {
        "coordinates": [
          [
            [
              [
                -48.453509457895585,
                -22.97387440218628
              ],
              [
                -48.45323996331036,
                -22.97387440218628
              ],
              [
                -48.45323996331036,
                -22.97441339135675
              ],
              [
                -48.453509457895585,
                -22.974413391356755
              ],
              [
                -48.453509457895585,
                -22.97468288594199
              ],
              [
                -48.45377895248083,
                -22.974682885941984
              ],
              [
                -48.45377895248083,
                -22.974952380527228
              ],
              [
                -48.45431794165129,
                -22.974952380527217
              ],
              [
                -48.45431794165129,
                -22.975221875112457
              ],
              [
                -48.45404844706606,
                -22.975221875112457
              ],
              [
                -48.45404844706606,
                -22.975491369697696
              ],
              [
                -48.45377895248083,
                -22.975491369697693
              ],
              [
                -48.45377895248083,
                -22.975760864282936
              ],
              [
                -48.45404844706606,
                -22.975760864282933
              ],
              [
                -48.45404844706606,
                -22.97629985345341
              ],
              [
                -48.45431794165129,
                -22.976299853453405
              ],
              [
                -48.45431794165129,
                -22.977108337209113
              ],
              [
                -48.45458743623654,
                -22.977108337209117
              ],
              [
                -48.45458743623654,
                -22.976299853453405
              ],
              [
                -48.45485693082176,
                -22.9762998534534
              ],
              [
                -48.45485693082176,
                -22.97603035886816
              ],
              [
                -48.45566541457748,
                -22.97603035886817
              ],
              [
                -48.45566541457748,
                -22.975760864282933
              ],
              [
                -48.455395919992235,
                -22.97576086428293
              ],
              [
                -48.455395919992235,
                -22.974952380527235
              ],
              [
                -48.45512642540701,
                -22.974952380527224
              ],
              [
                -48.45512642540701,
                -22.974682885941984
              ],
              [
                -48.45431794165129,
                -22.97468288594199
              ],
              [
                -48.45431794165129,
                -22.97441339135674
              ],
              [
                -48.45404844706606,
                -22.97441339135676
              ],
              [
                -48.45404844706606,
                -22.97414389677152
              ],
              [
                -48.453509457895585,
                -22.97414389677153
              ],
              [
                -48.453509457895585,
                -22.97387440218628
              ]
            ]
          ]
        ],
        "type": "MultiPolygon"
      },
      "properties": {
        "id": "58",
        "name": "MB 3 · Formação florestal · 58",
        "class": "Vegetação nativa mapeada",
        "area_ha": 3.2193,
        "reviewed": false,
        "pct": 0.2338
      }
    },
    {
      "type": "Feature",
      "id": "59",
      "geometry": {
        "coordinates": [
          [
            [
              [
                -48.466175703401674,
                -22.975221875112464
              ],
              [
                -48.465636714231216,
                -22.97522187511247
              ],
              [
                -48.465636714231216,
                -22.97603035886817
              ],
              [
                -48.46536721964597,
                -22.97603035886817
              ],
              [
                -48.46536721964597,
                -22.9762998534534
              ],
              [
                -48.465097725060744,
                -22.976299853453405
              ],
              [
                -48.465097725060744,
                -22.97656934803864
              ],
              [
                -48.4648282304755,
                -22.976569348038634
              ],
              [
                -48.4648282304755,
                -22.976838842623877
              ],
              [
                -48.465636714231216,
                -22.976838842623877
              ],
              [
                -48.465636714231216,
                -22.977108337209103
              ],
              [
                -48.46590620881645,
                -22.977108337209113
              ],
              [
                -48.46590620881645,
                -22.976569348038634
              ],
              [
                -48.465636714231216,
                -22.976569348038634
              ],
              [
                -48.465636714231216,
                -22.976299853453412
              ],
              [
                -48.46590620881645,
                -22.976299853453405
              ],
              [
                -48.46590620881645,
                -22.97603035886817
              ],
              [
                -48.466984187157394,
                -22.976030358868172
              ],
              [
                -48.466984187157394,
                -22.975491369697693
              ],
              [
                -48.46644519798692,
                -22.975491369697703
              ],
              [
                -48.46644519798692,
                -22.975760864282943
              ],
              [
                -48.466175703401674,
                -22.975760864282936
              ],
              [
                -48.466175703401674,
                -22.975221875112464
              ]
            ]
          ]
        ],
        "type": "MultiPolygon"
      },
      "properties": {
        "id": "59",
        "name": "MB 21 · Mosaico de usos · 59",
        "class": "Uso agropecuário",
        "area_ha": 1.6509,
        "reviewed": false,
        "pct": 0.1199
      }
    },
    {
      "type": "Feature",
      "id": "60",
      "geometry": {
        "coordinates": [
          [
            [
              [
                -48.45997732794125,
                -22.97441339135675
              ],
              [
                -48.458629855015076,
                -22.974413391356748
              ],
              [
                -48.458629855015076,
                -22.974682885941977
              ],
              [
                -48.4580908658446,
                -22.97468288594199
              ],
              [
                -48.4580908658446,
                -22.974413391356755
              ],
              [
                -48.45755187667413,
                -22.974413391356755
              ],
              [
                -48.45755187667413,
                -22.974952380527224
              ],
              [
                -48.457821371259364,
                -22.974952380527228
              ],
              [
                -48.457821371259364,
                -22.9754913696977
              ],
              [
                -48.4580908658446,
                -22.975491369697696
              ],
              [
                -48.4580908658446,
                -22.97603035886817
              ],
              [
                -48.458360360429836,
                -22.976030358868176
              ],
              [
                -48.458360360429836,
                -22.976569348038634
              ],
              [
                -48.458629855015076,
                -22.97656934803863
              ],
              [
                -48.458629855015076,
                -22.977108337209113
              ],
              [
                -48.45889934960031,
                -22.977108337209113
              ],
              [
                -48.45889934960031,
                -22.976838842623884
              ],
              [
                -48.45916884418555,
                -22.97683884262387
              ],
              [
                -48.45916884418555,
                -22.97656934803861
              ],
              [
                -48.45889934960031,
                -22.976569348038627
              ],
              [
                -48.45889934960031,
                -22.97629985345341
              ],
              [
                -48.45970783335602,
                -22.97629985345341
              ],
              [
                -48.45970783335602,
                -22.97603035886816
              ],
              [
                -48.458629855015076,
                -22.976030358868147
              ],
              [
                -48.458629855015076,
                -22.97522187511246
              ],
              [
                -48.460246822526486,
                -22.975221875112464
              ],
              [
                -48.460246822526486,
                -22.974682885941977
              ],
              [
                -48.45997732794125,
                -22.974682885941988
              ],
              [
                -48.45997732794125,
                -22.97441339135675
              ]
            ]
          ]
        ],
        "type": "MultiPolygon"
      },
      "properties": {
        "id": "60",
        "name": "MB 39 · Soja · 60",
        "class": "Uso agropecuário",
        "area_ha": 3.5495,
        "reviewed": false,
        "pct": 0.2578
      }
    },
    {
      "type": "Feature",
      "id": "61",
      "geometry": {
        "coordinates": [
          [
            [
              [
                -48.458629855015076,
                -22.97656934803863
              ],
              [
                -48.458360360429836,
                -22.976569348038634
              ],
              [
                -48.458360360429836,
                -22.97710833720912
              ],
              [
                -48.458629855015076,
                -22.977108337209113
              ],
              [
                -48.458629855015076,
                -22.97656934803863
              ]
            ]
          ]
        ],
        "type": "MultiPolygon"
      },
      "properties": {
        "id": "61",
        "name": "MB 21 · Mosaico de usos · 61",
        "class": "Uso agropecuário",
        "area_ha": 0.1651,
        "reviewed": false,
        "pct": 0.012
      }
    },
    {
      "type": "Feature",
      "id": "62",
      "geometry": {
        "coordinates": [
          [
            [
              [
                -48.466984187157394,
                -22.976030358868172
              ],
              [
                -48.46590620881645,
                -22.97603035886817
              ],
              [
                -48.46590620881645,
                -22.976299853453405
              ],
              [
                -48.465636714231216,
                -22.976299853453412
              ],
              [
                -48.465636714231216,
                -22.976569348038634
              ],
              [
                -48.46590620881645,
                -22.976569348038634
              ],
              [
                -48.46590620881645,
                -22.977108337209113
              ],
              [
                -48.46644519798692,
                -22.97710833720912
              ],
              [
                -48.46644519798692,
                -22.977377831794357
              ],
              [
                -48.467253681742626,
                -22.97737783179436
              ],
              [
                -48.467253681742626,
                -22.97710833720911
              ],
              [
                -48.46752317632785,
                -22.977108337209113
              ],
              [
                -48.46752317632785,
                -22.97629985345341
              ],
              [
                -48.467253681742626,
                -22.97629985345341
              ],
              [
                -48.467253681742626,
                -22.976569348038637
              ],
              [
                -48.46644519798692,
                -22.976569348038637
              ],
              [
                -48.46644519798692,
                -22.97629985345341
              ],
              [
                -48.466984187157394,
                -22.97629985345341
              ],
              [
                -48.466984187157394,
                -22.976030358868172
              ]
            ]
          ]
        ],
        "type": "MultiPolygon"
      },
      "properties": {
        "id": "62",
        "name": "MB 41 · Outras lavouras temporárias · 62",
        "class": "Uso agropecuário",
        "area_ha": 1.8985,
        "reviewed": false,
        "pct": 0.1379
      }
    },
    {
      "type": "Feature",
      "id": "63",
      "geometry": {
        "coordinates": [
          [
            [
              [
                -48.44838906077611,
                -22.97683884262387
              ],
              [
                -48.44731108243518,
                -22.976838842623874
              ],
              [
                -48.44731108243518,
                -22.977108337209106
              ],
              [
                -48.4475805770204,
                -22.977108337209113
              ],
              [
                -48.4475805770204,
                -22.977377831794353
              ],
              [
                -48.448119566190876,
                -22.977377831794346
              ],
              [
                -48.448119566190876,
                -22.97710833720911
              ],
              [
                -48.44838906077611,
                -22.97710833720911
              ],
              [
                -48.44838906077611,
                -22.97683884262387
              ]
            ]
          ]
        ],
        "type": "MultiPolygon"
      },
      "properties": {
        "id": "63",
        "name": "MB 41 · Outras lavouras temporárias · 63",
        "class": "Uso agropecuário",
        "area_ha": 0.4953,
        "reviewed": false,
        "pct": 0.036
      }
    },
    {
      "type": "Feature",
      "id": "64",
      "geometry": {
        "coordinates": [
          [
            [
              [
                -48.453509457895585,
                -22.975221875112464
              ],
              [
                -48.45189249038418,
                -22.975221875112464
              ],
              [
                -48.45189249038418,
                -22.975491369697696
              ],
              [
                -48.451622995798935,
                -22.97549136969769
              ],
              [
                -48.451622995798935,
                -22.975221875112464
              ],
              [
                -48.45135350121371,
                -22.975221875112464
              ],
              [
                -48.45135350121371,
                -22.9754913696977
              ],
              [
                -48.45108400662848,
                -22.975491369697693
              ],
              [
                -48.45108400662848,
                -22.976838842623877
              ],
              [
                -48.45081451204323,
                -22.976838842623877
              ],
              [
                -48.45081451204323,
                -22.977108337209113
              ],
              [
                -48.45108400662848,
                -22.977108337209113
              ],
              [
                -48.45108400662848,
                -22.97764732637959
              ],
              [
                -48.45135350121371,
                -22.977647326379575
              ],
              [
                -48.45135350121371,
                -22.977377831794353
              ],
              [
                -48.451622995798935,
                -22.977377831794346
              ],
              [
                -48.451622995798935,
                -22.977647326379593
              ],
              [
                -48.45189249038418,
                -22.977647326379582
              ],
              [
                -48.45189249038418,
                -22.977377831794346
              ],
              [
                -48.45216198496941,
                -22.97737783179435
              ],
              [
                -48.45216198496941,
                -22.97710833720911
              ],
              [
                -48.45270097413988,
                -22.977108337209103
              ],
              [
                -48.45270097413988,
                -22.9762998534534
              ],
              [
                -48.45323996331036,
                -22.976299853453405
              ],
              [
                -48.45323996331036,
                -22.97603035886816
              ],
              [
                -48.45377895248083,
                -22.976030358868172
              ],
              [
                -48.45377895248083,
                -22.975760864282936
              ],
              [
                -48.453509457895585,
                -22.97576086428294
              ],
              [
                -48.453509457895585,
                -22.975221875112464
              ]
            ]
          ]
        ],
        "type": "MultiPolygon"
      },
      "properties": {
        "id": "64",
        "name": "MB 39 · Soja · 64",
        "class": "Uso agropecuário",
        "area_ha": 4.8702,
        "reviewed": false,
        "pct": 0.3537
      }
    },
    {
      "type": "Feature",
      "id": "65",
      "geometry": {
        "coordinates": [
          [
            [
              [
                -48.45566541457748,
                -22.97603035886817
              ],
              [
                -48.45485693082176,
                -22.97603035886816
              ],
              [
                -48.45485693082176,
                -22.9762998534534
              ],
              [
                -48.45458743623654,
                -22.976299853453405
              ],
              [
                -48.45458743623654,
                -22.977108337209117
              ],
              [
                -48.45431794165129,
                -22.977108337209113
              ],
              [
                -48.45431794165129,
                -22.976838842623874
              ],
              [
                -48.45404844706606,
                -22.976838842623877
              ],
              [
                -48.45404844706606,
                -22.977377831794353
              ],
              [
                -48.45512642540701,
                -22.977377831794346
              ],
              [
                -48.45512642540701,
                -22.977647326379582
              ],
              [
                -48.455395919992235,
                -22.977647326379582
              ],
              [
                -48.455395919992235,
                -22.977377831794342
              ],
              [
                -48.45566541457748,
                -22.97737783179434
              ],
              [
                -48.45566541457748,
                -22.97603035886817
              ]
            ]
          ]
        ],
        "type": "MultiPolygon"
      },
      "properties": {
        "id": "65",
        "name": "MB 11 · Campo alagado · 65",
        "class": "Vegetação nativa mapeada",
        "area_ha": 1.8986,
        "reviewed": false,
        "pct": 0.1379
      }
    },
    {
      "type": "Feature",
      "id": "66",
      "geometry": {
        "coordinates": [
          [
            [
              [
                -48.443538158241864,
                -22.976838842623874
              ],
              [
                -48.44272967448616,
                -22.976838842623874
              ],
              [
                -48.44272967448616,
                -22.97710833720912
              ],
              [
                -48.44246017990092,
                -22.977108337209113
              ],
              [
                -48.44246017990092,
                -22.97764732637959
              ],
              [
                -48.44299916907139,
                -22.97764732637957
              ],
              [
                -48.44299916907139,
                -22.977377831794357
              ],
              [
                -48.443538158241864,
                -22.977377831794353
              ],
              [
                -48.443538158241864,
                -22.976838842623874
              ]
            ]
          ]
        ],
        "type": "MultiPolygon"
      },
      "properties": {
        "id": "66",
        "name": "MB 15 · Pastagem · 66",
        "class": "Uso agropecuário",
        "area_ha": 0.7429,
        "reviewed": false,
        "pct": 0.054
      }
    },
    {
      "type": "Feature",
      "id": "67",
      "geometry": {
        "coordinates": [
          [
            [
              [
                -48.46833166008357,
                -22.977377831794353
              ],
              [
                -48.468062165498324,
                -22.97737783179435
              ],
              [
                -48.468062165498324,
                -22.977647326379586
              ],
              [
                -48.46833166008357,
                -22.97764732637958
              ],
              [
                -48.46833166008357,
                -22.977377831794353
              ]
            ]
          ]
        ],
        "type": "MultiPolygon"
      },
      "properties": {
        "id": "67",
        "name": "MB 41 · Outras lavouras temporárias · 67",
        "class": "Uso agropecuário",
        "area_ha": 0.0825,
        "reviewed": false,
        "pct": 0.006
      }
    },
    {
      "type": "Feature",
      "id": "68",
      "geometry": {
        "coordinates": [
          [
            [
              [
                -48.451622995798935,
                -22.977377831794346
              ],
              [
                -48.45135350121371,
                -22.977377831794353
              ],
              [
                -48.45135350121371,
                -22.977647326379575
              ],
              [
                -48.451622995798935,
                -22.977647326379593
              ],
              [
                -48.451622995798935,
                -22.977377831794346
              ]
            ]
          ]
        ],
        "type": "MultiPolygon"
      },
      "properties": {
        "id": "68",
        "name": "MB 21 · Mosaico de usos · 68",
        "class": "Uso agropecuário",
        "area_ha": 0.0825,
        "reviewed": false,
        "pct": 0.006
      }
    },
    {
      "type": "Feature",
      "id": "69",
      "geometry": {
        "coordinates": [
          [
            [
              [
                -48.48153689476012,
                -22.977108337209113
              ],
              [
                -48.48099790558966,
                -22.97710833720911
              ],
              [
                -48.48099790558966,
                -22.97737783179435
              ],
              [
                -48.481267400174886,
                -22.97737783179435
              ],
              [
                -48.481267400174886,
                -22.977647326379586
              ],
              [
                -48.48153689476012,
                -22.977647326379582
              ],
              [
                -48.48153689476012,
                -22.977916820964808
              ],
              [
                -48.48207588393059,
                -22.977916820964822
              ],
              [
                -48.48207588393059,
                -22.977647326379593
              ],
              [
                -48.481806389345365,
                -22.977647326379582
              ],
              [
                -48.481806389345365,
                -22.977377831794353
              ],
              [
                -48.48153689476012,
                -22.977377831794353
              ],
              [
                -48.48153689476012,
                -22.977108337209113
              ]
            ]
          ]
        ],
        "type": "MultiPolygon"
      },
      "properties": {
        "id": "69",
        "name": "MB 21 · Mosaico de usos · 69",
        "class": "Uso agropecuário",
        "area_ha": 0.4953,
        "reviewed": false,
        "pct": 0.036
      }
    },
    {
      "type": "Feature",
      "id": "70",
      "geometry": {
        "coordinates": [
          [
            [
              [
                -48.451622995798935,
                -22.977647326379593
              ],
              [
                -48.45135350121371,
                -22.977647326379575
              ],
              [
                -48.45135350121371,
                -22.9779168209648
              ],
              [
                -48.451622995798935,
                -22.977916820964825
              ],
              [
                -48.451622995798935,
                -22.977647326379593
              ]
            ]
          ]
        ],
        "type": "MultiPolygon"
      },
      "properties": {
        "id": "70",
        "name": "MB 39 · Soja · 70",
        "class": "Uso agropecuário",
        "area_ha": 0.0825,
        "reviewed": false,
        "pct": 0.006
      }
    },
    {
      "type": "Feature",
      "id": "71",
      "geometry": {
        "coordinates": [
          [
            [
              [
                -48.46132480086743,
                -22.97683884262387
              ],
              [
                -48.4610553062822,
                -22.976838842623874
              ],
              [
                -48.4610553062822,
                -22.977108337209103
              ],
              [
                -48.46078581169696,
                -22.977108337209113
              ],
              [
                -48.46078581169696,
                -22.977647326379575
              ],
              [
                -48.4610553062822,
                -22.977647326379582
              ],
              [
                -48.4610553062822,
                -22.978186315550058
              ],
              [
                -48.46132480086743,
                -22.97818631555006
              ],
              [
                -48.46132480086743,
                -22.97683884262387
              ]
            ]
          ]
        ],
        "type": "MultiPolygon"
      },
      "properties": {
        "id": "71",
        "name": "MB 39 · Soja · 71",
        "class": "Uso agropecuário",
        "area_ha": 0.5778,
        "reviewed": false,
        "pct": 0.042
      }
    },
    {
      "type": "Feature",
      "id": "72",
      "geometry": {
        "coordinates": [
          [
            [
              [
                -48.48261487310106,
                -22.97791682096482
              ],
              [
                -48.48207588393059,
                -22.977916820964822
              ],
              [
                -48.48207588393059,
                -22.978186315550055
              ],
              [
                -48.48261487310106,
                -22.978186315550058
              ],
              [
                -48.48261487310106,
                -22.97791682096482
              ]
            ]
          ]
        ],
        "type": "MultiPolygon"
      },
      "properties": {
        "id": "72",
        "name": "MB 21 · Mosaico de usos · 72",
        "class": "Uso agropecuário",
        "area_ha": 0.1651,
        "reviewed": false,
        "pct": 0.012
      }
    },
    {
      "type": "Feature",
      "id": "73",
      "geometry": {
        "coordinates": [
          [
            [
              [
                -48.44704158784993,
                -22.977647326379586
              ],
              [
                -48.445963609508986,
                -22.977647326379582
              ],
              [
                -48.445963609508986,
                -22.9784558101353
              ],
              [
                -48.44650259867946,
                -22.97845581013529
              ],
              [
                -48.44650259867946,
                -22.978186315550047
              ],
              [
                -48.4467720932647,
                -22.978186315550055
              ],
              [
                -48.4467720932647,
                -22.97791682096482
              ],
              [
                -48.44704158784993,
                -22.977916820964815
              ],
              [
                -48.44704158784993,
                -22.977647326379586
              ]
            ]
          ]
        ],
        "type": "MultiPolygon"
      },
      "properties": {
        "id": "73",
        "name": "MB 39 · Soja · 73",
        "class": "Uso agropecuário",
        "area_ha": 0.7429,
        "reviewed": false,
        "pct": 0.054
      }
    },
    {
      "type": "Feature",
      "id": "74",
      "geometry": {
        "coordinates": [
          [
            [
              [
                -48.465097725060744,
                -22.978186315550058
              ],
              [
                -48.4648282304755,
                -22.97818631555006
              ],
              [
                -48.4648282304755,
                -22.978455810135287
              ],
              [
                -48.465097725060744,
                -22.97845581013529
              ],
              [
                -48.465097725060744,
                -22.978186315550058
              ]
            ]
          ]
        ],
        "type": "MultiPolygon"
      },
      "properties": {
        "id": "74",
        "name": "MB 21 · Mosaico de usos · 74",
        "class": "Uso agropecuário",
        "area_ha": 0.0825,
        "reviewed": false,
        "pct": 0.006
      }
    },
    {
      "type": "Feature",
      "id": "75",
      "geometry": {
        "coordinates": [
          [
            [
              [
                -48.45189249038418,
                -22.978186315550055
              ],
              [
                -48.451622995798935,
                -22.978186315550055
              ],
              [
                -48.451622995798935,
                -22.978455810135294
              ],
              [
                -48.45108400662848,
                -22.978455810135294
              ],
              [
                -48.45108400662848,
                -22.978725304720527
              ],
              [
                -48.45135350121371,
                -22.978725304720538
              ],
              [
                -48.45135350121371,
                -22.97899479930577
              ],
              [
                -48.451622995798935,
                -22.97899479930577
              ],
              [
                -48.451622995798935,
                -22.97872530472053
              ],
              [
                -48.45216198496941,
                -22.978725304720523
              ],
              [
                -48.45216198496941,
                -22.978455810135294
              ],
              [
                -48.45189249038418,
                -22.978455810135294
              ],
              [
                -48.45189249038418,
                -22.978186315550055
              ]
            ]
          ]
        ],
        "type": "MultiPolygon"
      },
      "properties": {
        "id": "75",
        "name": "MB 9 · Silvicultura · 75",
        "class": "Silvicultura mapeada",
        "area_ha": 0.4953,
        "reviewed": false,
        "pct": 0.036
      }
    },
    {
      "type": "Feature",
      "id": "76",
      "geometry": {
        "coordinates": [
          [
            [
              [
                -48.4497365337023,
                -22.977916820964822
              ],
              [
                -48.44919754453183,
                -22.977916820964822
              ],
              [
                -48.44919754453183,
                -22.978186315550055
              ],
              [
                -48.44946703911705,
                -22.978186315550058
              ],
              [
                -48.44946703911705,
                -22.978455810135294
              ],
              [
                -48.44919754453183,
                -22.978455810135284
              ],
              [
                -48.44919754453183,
                -22.97872530472053
              ],
              [
                -48.44946703911705,
                -22.97872530472053
              ],
              [
                -48.44946703911705,
                -22.97899479930575
              ],
              [
                -48.450545017458005,
                -22.978994799305767
              ],
              [
                -48.450545017458005,
                -22.97872530472053
              ],
              [
                -48.45108400662848,
                -22.978725304720527
              ],
              [
                -48.45108400662848,
                -22.978455810135294
              ],
              [
                -48.4497365337023,
                -22.97845581013531
              ],
              [
                -48.4497365337023,
                -22.977916820964822
              ]
            ]
          ]
        ],
        "type": "MultiPolygon"
      },
      "properties": {
        "id": "76",
        "name": "MB 4 · Formação savânica · 76",
        "class": "Vegetação nativa mapeada",
        "area_ha": 1.1556,
        "reviewed": false,
        "pct": 0.0839
      }
    },
    {
      "type": "Feature",
      "id": "77",
      "geometry": {
        "coordinates": [
          [
            [
              [
                -48.455934909162714,
                -22.978455810135294
              ],
              [
                -48.45566541457748,
                -22.978455810135294
              ],
              [
                -48.45566541457748,
                -22.979264293891003
              ],
              [
                -48.455934909162714,
                -22.979264293890996
              ],
              [
                -48.455934909162714,
                -22.978455810135294
              ]
            ]
          ]
        ],
        "type": "MultiPolygon"
      },
      "properties": {
        "id": "77",
        "name": "MB 21 · Mosaico de usos · 77",
        "class": "Uso agropecuário",
        "area_ha": 0.2476,
        "reviewed": false,
        "pct": 0.018
      }
    },
    {
      "type": "Feature",
      "id": "78",
      "geometry": {
        "coordinates": [
          [
            [
              [
                -48.45323996331036,
                -22.97899479930577
              ],
              [
                -48.45297046872511,
                -22.97899479930577
              ],
              [
                -48.45297046872511,
                -22.979264293891006
              ],
              [
                -48.45323996331036,
                -22.979264293891006
              ],
              [
                -48.45323996331036,
                -22.97899479930577
              ]
            ]
          ]
        ],
        "type": "MultiPolygon"
      },
      "properties": {
        "id": "78",
        "name": "MB 21 · Mosaico de usos · 78",
        "class": "Uso agropecuário",
        "area_ha": 0.0825,
        "reviewed": false,
        "pct": 0.006
      }
    },
    {
      "type": "Feature",
      "id": "79",
      "geometry": {
        "coordinates": [
          [
            [
              [
                -48.44272967448616,
                -22.976838842623874
              ],
              [
                -48.44219068531569,
                -22.976838842623877
              ],
              [
                -48.44219068531569,
                -22.977108337209113
              ],
              [
                -48.441921190730454,
                -22.977108337209113
              ],
              [
                -48.441921190730454,
                -22.97737783179434
              ],
              [
                -48.441651696145215,
                -22.977377831794342
              ],
              [
                -48.441651696145215,
                -22.977916820964822
              ],
              [
                -48.441921190730454,
                -22.97791682096481
              ],
              [
                -48.441921190730454,
                -22.978455810135287
              ],
              [
                -48.44219068531569,
                -22.978455810135287
              ],
              [
                -48.44219068531569,
                -22.97899479930576
              ],
              [
                -48.44407714741234,
                -22.978994799305763
              ],
              [
                -48.44407714741234,
                -22.979264293890992
              ],
              [
                -48.44461613658281,
                -22.979264293891003
              ],
              [
                -48.44461613658281,
                -22.978994799305763
              ],
              [
                -48.444346641997576,
                -22.978994799305767
              ],
              [
                -48.444346641997576,
                -22.97872530472053
              ],
              [
                -48.44407714741234,
                -22.97872530472052
              ],
              [
                -48.44407714741234,
                -22.97818631555005
              ],
              [
                -48.443807652827104,
                -22.978186315550058
              ],
              [
                -48.443807652827104,
                -22.97845581013529
              ],
              [
                -48.443538158241864,
                -22.978455810135287
              ],
              [
                -48.443538158241864,
                -22.978725304720523
              ],
              [
                -48.44272967448616,
                -22.97872530472053
              ],
              [
                -48.44272967448616,
                -22.978455810135305
              ],
              [
                -48.44246017990092,
                -22.97845581013529
              ],
              [
                -48.44246017990092,
                -22.977108337209113
              ],
              [
                -48.44272967448616,
                -22.97710833720912
              ],
              [
                -48.44272967448616,
                -22.976838842623874
              ]
            ]
          ]
        ],
        "type": "MultiPolygon"
      },
      "properties": {
        "id": "79",
        "name": "MB 11 · Campo alagado · 79",
        "class": "Vegetação nativa mapeada",
        "area_ha": 2.3938,
        "reviewed": false,
        "pct": 0.1739
      }
    },
    {
      "type": "Feature",
      "id": "80",
      "geometry": {
        "coordinates": [
          [
            [
              [
                -48.46806216550408,
                -22.966250139071317
              ],
              [
                -48.468062165498324,
                -22.966328553799677
              ],
              [
                -48.46833166008357,
                -22.966328553799677
              ],
              [
                -48.46833166008357,
                -22.966598048384913
              ],
              [
                -48.4686011546688,
                -22.966598048384913
              ],
              [
                -48.4686011546688,
                -22.966867542970153
              ],
              [
                -48.46887064925403,
                -22.966867542970153
              ],
              [
                -48.46887064925403,
                -22.96713703755539
              ],
              [
                -48.469140143839276,
                -22.96713703755539
              ],
              [
                -48.469140143839276,
                -22.96740653214063
              ],
              [
                -48.46967913300975,
                -22.967406532140625
              ],
              [
                -48.46967913300975,
                -22.967945521311094
              ],
              [
                -48.46887064925403,
                -22.967945521311105
              ],
              [
                -48.46887064925403,
                -22.968754005066803
              ],
              [
                -48.469140143839276,
                -22.968754005066803
              ],
              [
                -48.469140143839276,
                -22.96902349965204
              ],
              [
                -48.4694096384245,
                -22.96902349965204
              ],
              [
                -48.4694096384245,
                -22.969292994237282
              ],
              [
                -48.46967913300975,
                -22.96929299423727
              ],
              [
                -48.46967913300975,
                -22.970101477992984
              ],
              [
                -48.4694096384245,
                -22.97010147799298
              ],
              [
                -48.4694096384245,
                -22.970640467163456
              ],
              [
                -48.46967913300975,
                -22.970640467163456
              ],
              [
                -48.46967913300975,
                -22.970909961748692
              ],
              [
                -48.469948627594974,
                -22.970909961748685
              ],
              [
                -48.469948627594974,
                -22.971987940089637
              ],
              [
                -48.46967913300975,
                -22.97198794008964
              ],
              [
                -48.46967913300975,
                -22.9725269292601
              ],
              [
                -48.469140143839276,
                -22.972526929260106
              ],
              [
                -48.469140143839276,
                -22.97306591843058
              ],
              [
                -48.4686011546688,
                -22.97306591843058
              ],
              [
                -48.4686011546688,
                -22.973335413015825
              ],
              [
                -48.46833166008357,
                -22.973335413015818
              ],
              [
                -48.46833166008357,
                -22.973874402186283
              ],
              [
                -48.46887064925403,
                -22.973874402186283
              ],
              [
                -48.46887064925403,
                -22.97414389677152
              ],
              [
                -48.470218122180206,
                -22.974143896771512
              ],
              [
                -48.470218122180206,
                -22.973874402186286
              ],
              [
                -48.47048761676545,
                -22.973874402186286
              ],
              [
                -48.47048761676545,
                -22.973335413015814
              ],
              [
                -48.47075711135068,
                -22.973335413015818
              ],
              [
                -48.47075711135068,
                -22.97306591843058
              ],
              [
                -48.471026605935926,
                -22.97306591843058
              ],
              [
                -48.471026605935926,
                -22.972796423845335
              ],
              [
                -48.47129610052115,
                -22.972796423845345
              ],
              [
                -48.47129610052115,
                -22.972526929260106
              ],
              [
                -48.4715655951064,
                -22.972526929260106
              ],
              [
                -48.4715655951064,
                -22.971718445504404
              ],
              [
                -48.47183508969163,
                -22.971718445504397
              ],
              [
                -48.47183508969163,
                -22.971448950919164
              ],
              [
                -48.472104584276856,
                -22.971448950919164
              ],
              [
                -48.472104584276856,
                -22.971179456333925
              ],
              [
                -48.472913068032575,
                -22.971179456333918
              ],
              [
                -48.472913068032575,
                -22.970370972578227
              ],
              [
                -48.47318256261781,
                -22.97037097257822
              ],
              [
                -48.47318256261781,
                -22.970640467163456
              ],
              [
                -48.47345205720305,
                -22.97064046716345
              ],
              [
                -48.47345205720305,
                -22.97090996174869
              ],
              [
                -48.47372155178828,
                -22.970909961748692
              ],
              [
                -48.47372155178828,
                -22.971179456333928
              ],
              [
                -48.47399104637352,
                -22.97117945633392
              ],
              [
                -48.47399104637352,
                -22.971987940089637
              ],
              [
                -48.47426054095875,
                -22.97198794008962
              ],
              [
                -48.47426054095875,
                -22.971718445504393
              ],
              [
                -48.47453003554399,
                -22.9717184455044
              ],
              [
                -48.47453003554399,
                -22.971448950919164
              ],
              [
                -48.474799530129225,
                -22.971448950919168
              ],
              [
                -48.474799530129225,
                -22.97117945633392
              ],
              [
                -48.475069024714465,
                -22.971179456333925
              ],
              [
                -48.475069024714465,
                -22.97037097257822
              ],
              [
                -48.4753385192997,
                -22.97037097257822
              ],
              [
                -48.4753385192997,
                -22.969831983407747
              ],
              [
                -48.475069024714465,
                -22.969831983407747
              ],
              [
                -48.475069024714465,
                -22.96956248882251
              ],
              [
                -48.47453003554399,
                -22.969562488822508
              ],
              [
                -48.47453003554399,
                -22.969292994237275
              ],
              [
                -48.47399104637352,
                -22.969292994237275
              ],
              [
                -48.47399104637352,
                -22.968754005066803
              ],
              [
                -48.47453003554399,
                -22.968754005066803
              ],
              [
                -48.47453003554399,
                -22.96902349965204
              ],
              [
                -48.474799530129225,
                -22.96902349965204
              ],
              [
                -48.474799530129225,
                -22.96929299423727
              ],
              [
                -48.4753385192997,
                -22.969292994237275
              ],
              [
                -48.4753385192997,
                -22.969023499652042
              ],
              [
                -48.47560801388494,
                -22.96902349965204
              ],
              [
                -48.47560801388494,
                -22.968754005066803
              ],
              [
                -48.47587750847017,
                -22.968754005066806
              ],
              [
                -48.47587750847685,
                -22.968645368586447
              ],
              [
                -48.4737215518508,
                -22.96781614208687
              ],
              [
                -48.47372155178828,
                -22.96821501589633
              ],
              [
                -48.47345205720305,
                -22.968215015896334
              ],
              [
                -48.47345205720305,
                -22.967945521311105
              ],
              [
                -48.47318256261781,
                -22.967945521311094
              ],
              [
                -48.47318256261781,
                -22.967676026725854
              ],
              [
                -48.472913068032575,
                -22.967676026725858
              ],
              [
                -48.472913068056656,
                -22.967505172278965
              ],
              [
                -48.469,
                -22.965999999999987
              ],
              [
                -48.46806216550408,
                -22.966250139071317
              ]
            ]
          ]
        ],
        "type": "MultiPolygon"
      },
      "properties": {
        "id": "80",
        "name": "MB 21 · Mosaico de usos · 80",
        "class": "Uso agropecuário",
        "area_ha": 32.715,
        "reviewed": false,
        "pct": 2.376
      }
    },
    {
      "type": "Feature",
      "id": "81",
      "geometry": {
        "coordinates": [
          [
            [
              [
                -48.45377895248083,
                -22.975760864282936
              ],
              [
                -48.45377895248083,
                -22.975491369697693
              ],
              [
                -48.45404844706606,
                -22.975491369697696
              ],
              [
                -48.45404844706606,
                -22.975221875112457
              ],
              [
                -48.45431794165129,
                -22.975221875112457
              ],
              [
                -48.45431794165129,
                -22.974952380527217
              ],
              [
                -48.45377895248083,
                -22.974952380527228
              ],
              [
                -48.45377895248083,
                -22.974682885941984
              ],
              [
                -48.453509457895585,
                -22.97468288594199
              ],
              [
                -48.453509457895585,
                -22.974413391356755
              ],
              [
                -48.45323996331036,
                -22.97441339135675
              ],
              [
                -48.45323996331036,
                -22.97387440218628
              ],
              [
                -48.453509457895585,
                -22.97387440218628
              ],
              [
                -48.453509457895585,
                -22.97414389677153
              ],
              [
                -48.45404844706606,
                -22.97414389677152
              ],
              [
                -48.45404844706606,
                -22.97441339135676
              ],
              [
                -48.45431794165129,
                -22.97441339135674
              ],
              [
                -48.45431794165129,
                -22.97468288594199
              ],
              [
                -48.45512642540701,
                -22.974682885941984
              ],
              [
                -48.45512642540701,
                -22.974952380527224
              ],
              [
                -48.455395919992235,
                -22.974952380527235
              ],
              [
                -48.455395919992235,
                -22.97576086428293
              ],
              [
                -48.45566541457748,
                -22.975760864282933
              ],
              [
                -48.45566541457748,
                -22.976838842623874
              ],
              [
                -48.455934909162714,
                -22.976838842623874
              ],
              [
                -48.455934909162714,
                -22.976569348038637
              ],
              [
                -48.456473898333186,
                -22.976569348038634
              ],
              [
                -48.456473898333186,
                -22.976299853453416
              ],
              [
                -48.456743392918426,
                -22.976299853453405
              ],
              [
                -48.456743392918426,
                -22.976030358868165
              ],
              [
                -48.45701288750366,
                -22.97603035886817
              ],
              [
                -48.45701288750366,
                -22.975760864282936
              ],
              [
                -48.456743392918426,
                -22.975760864282933
              ],
              [
                -48.456743392918426,
                -22.975221875112467
              ],
              [
                -48.456473898333186,
                -22.975221875112464
              ],
              [
                -48.456473898333186,
                -22.97468288594199
              ],
              [
                -48.455934909162714,
                -22.97468288594199
              ],
              [
                -48.455934909162714,
                -22.974413391356755
              ],
              [
                -48.456204403747954,
                -22.97441339135676
              ],
              [
                -48.456204403747954,
                -22.973874402186272
              ],
              [
                -48.45701288750366,
                -22.973874402186286
              ],
              [
                -48.45701288750366,
                -22.974143896771523
              ],
              [
                -48.45728238208889,
                -22.97414389677152
              ],
              [
                -48.45728238208889,
                -22.97441339135675
              ],
              [
                -48.4580908658446,
                -22.974413391356755
              ],
              [
                -48.4580908658446,
                -22.97468288594199
              ],
              [
                -48.458629855015076,
                -22.974682885941977
              ],
              [
                -48.458629855015076,
                -22.974413391356748
              ],
              [
                -48.45997732794125,
                -22.97441339135675
              ],
              [
                -48.45997732794125,
                -22.974682885941988
              ],
              [
                -48.460246822526486,
                -22.974682885941977
              ],
              [
                -48.460246822526486,
                -22.975221875112464
              ],
              [
                -48.458629855015076,
                -22.97522187511246
              ],
              [
                -48.458629855015076,
                -22.976030358868147
              ],
              [
                -48.45970783335602,
                -22.97603035886816
              ],
              [
                -48.45970783335602,
                -22.97629985345341
              ],
              [
                -48.45889934960031,
                -22.97629985345341
              ],
              [
                -48.45889934960031,
                -22.976569348038627
              ],
              [
                -48.45916884418555,
                -22.97656934803861
              ],
              [
                -48.45916884418555,
                -22.97683884262387
              ],
              [
                -48.45889934960031,
                -22.976838842623884
              ],
              [
                -48.45889934960031,
                -22.977108337209113
              ],
              [
                -48.458629855015076,
                -22.977108337209113
              ],
              [
                -48.458629855015076,
                -22.977916820964804
              ],
              [
                -48.45889934960031,
                -22.97791682096481
              ],
              [
                -48.45889934960031,
                -22.97818631555007
              ],
              [
                -48.45916884418555,
                -22.978186315550058
              ],
              [
                -48.45916884418555,
                -22.97845581013529
              ],
              [
                -48.45943833877078,
                -22.978455810135294
              ],
              [
                -48.45943833877078,
                -22.978186315550058
              ],
              [
                -48.45970783335602,
                -22.97818631555005
              ],
              [
                -48.45970783335602,
                -22.97683884262387
              ],
              [
                -48.460246822526486,
                -22.976838842623874
              ],
              [
                -48.460246822526486,
                -22.976569348038637
              ],
              [
                -48.460516317111725,
                -22.976569348038637
              ],
              [
                -48.460516317111725,
                -22.97603035886817
              ],
              [
                -48.460246822526486,
                -22.976030358868176
              ],
              [
                -48.460246822526486,
                -22.97576086428293
              ],
              [
                -48.46078581169696,
                -22.975760864282936
              ],
              [
                -48.46078581169696,
                -22.975221875112464
              ],
              [
                -48.4610553062822,
                -22.975221875112464
              ],
              [
                -48.4610553062822,
                -22.974682885941988
              ],
              [
                -48.460516317111725,
                -22.974682885941988
              ],
              [
                -48.460516317111725,
                -22.974413391356745
              ],
              [
                -48.460246822526486,
                -22.974413391356762
              ],
              [
                -48.460246822526486,
                -22.973604907601043
              ],
              [
                -48.45997732794125,
                -22.973604907601047
              ],
              [
                -48.45997732794125,
                -22.972257434674876
              ],
              [
                -48.460246822526486,
                -22.972257434674873
              ],
              [
                -48.460246822526486,
                -22.972796423845356
              ],
              [
                -48.4618637900379,
                -22.972796423845335
              ],
              [
                -48.4618637900379,
                -22.97306591843058
              ],
              [
                -48.46213328462314,
                -22.97306591843058
              ],
              [
                -48.46213328462314,
                -22.97360490760105
              ],
              [
                -48.462402779208375,
                -22.973604907601047
              ],
              [
                -48.462402779208375,
                -22.974143896771523
              ],
              [
                -48.46213328462314,
                -22.97414389677152
              ],
              [
                -48.46213328462314,
                -22.974413391356748
              ],
              [
                -48.462402779208375,
                -22.974413391356755
              ],
              [
                -48.462402779208375,
                -22.97468288594199
              ],
              [
                -48.462672273793615,
                -22.974682885941984
              ],
              [
                -48.462672273793615,
                -22.975491369697693
              ],
              [
                -48.46348075754932,
                -22.9754913696977
              ],
              [
                -48.46348075754932,
                -22.97495238052723
              ],
              [
                -48.46375025213455,
                -22.974952380527228
              ],
              [
                -48.46375025213455,
                -22.974682885941995
              ],
              [
                -48.46401974671979,
                -22.97468288594199
              ],
              [
                -48.46401974671979,
                -22.97414389677151
              ],
              [
                -48.464289241305025,
                -22.97414389677152
              ],
              [
                -48.464289241305025,
                -22.973874402186286
              ],
              [
                -48.465097725060744,
                -22.973874402186276
              ],
              [
                -48.465097725060744,
                -22.973335413015818
              ],
              [
                -48.4648282304755,
                -22.97333541301582
              ],
              [
                -48.4648282304755,
                -22.97279642384534
              ],
              [
                -48.46455873589027,
                -22.972796423845345
              ],
              [
                -48.46455873589027,
                -22.972257434674862
              ],
              [
                -48.46401974671979,
                -22.972257434674876
              ],
              [
                -48.46401974671979,
                -22.9717184455044
              ],
              [
                -48.46375025213455,
                -22.971718445504393
              ],
              [
                -48.46375025213455,
                -22.971987940089637
              ],
              [
                -48.46348075754932,
                -22.97198794008963
              ],
              [
                -48.46348075754932,
                -22.97225743467487
              ],
              [
                -48.46321126296408,
                -22.972257434674866
              ],
              [
                -48.46321126296408,
                -22.97171844550437
              ],
              [
                -48.46348075754932,
                -22.971718445504393
              ],
              [
                -48.46348075754932,
                -22.971448950919164
              ],
              [
                -48.46375025213455,
                -22.971448950919168
              ],
              [
                -48.46375025213455,
                -22.970909961748685
              ],
              [
                -48.46401974671979,
                -22.970909961748692
              ],
              [
                -48.46401974671979,
                -22.97037097257822
              ],
              [
                -48.46455873589027,
                -22.97037097257822
              ],
              [
                -48.46455873589027,
                -22.97064046716345
              ],
              [
                -48.465097725060744,
                -22.970640467163445
              ],
              [
                -48.465097725060744,
                -22.97010147799295
              ],
              [
                -48.4648282304755,
                -22.970101477992984
              ],
              [
                -48.4648282304755,
                -22.969831983407737
              ],
              [
                -48.465097725060744,
                -22.969831983407747
              ],
              [
                -48.465097725060744,
                -22.96956248882251
              ],
              [
                -48.4648282304755,
                -22.969562488822508
              ],
              [
                -48.4648282304755,
                -22.96929299423727
              ],
              [
                -48.46455873589027,
                -22.969292994237268
              ],
              [
                -48.46455873589027,
                -22.96902349965204
              ],
              [
                -48.4648282304755,
                -22.96902349965204
              ],
              [
                -48.4648282304755,
                -22.968754005066803
              ],
              [
                -48.465097725060744,
                -22.968754005066806
              ],
              [
                -48.465097725060744,
                -22.969023499652035
              ],
              [
                -48.46536721964597,
                -22.96902349965204
              ],
              [
                -48.46536721964597,
                -22.969292994237275
              ],
              [
                -48.465636714231216,
                -22.969292994237275
              ],
              [
                -48.465636714231216,
                -22.969562488822515
              ],
              [
                -48.46644519798692,
                -22.96956248882251
              ],
              [
                -48.46644519798692,
                -22.969292994237275
              ],
              [
                -48.466984187157394,
                -22.969292994237275
              ],
              [
                -48.466984187157394,
                -22.969023499652042
              ],
              [
                -48.467253681742626,
                -22.969023499652035
              ],
              [
                -48.467253681742626,
                -22.968215015896334
              ],
              [
                -48.466984187157394,
                -22.96821501589633
              ],
              [
                -48.466984187157394,
                -22.967676026725858
              ],
              [
                -48.467253681742626,
                -22.967676026725858
              ],
              [
                -48.467253682181784,
                -22.966465772278774
              ],
              [
                -48.459977328125504,
                -22.968406249789847
              ],
              [
                -48.45997732794125,
                -22.97090996174869
              ],
              [
                -48.460246822526486,
                -22.97090996174869
              ],
              [
                -48.460246822526486,
                -22.97198794008964
              ],
              [
                -48.45997732794125,
                -22.97198794008963
              ],
              [
                -48.45997732794125,
                -22.97144895091916
              ],
              [
                -48.45970783335602,
                -22.971448950919164
              ],
              [
                -48.45970783335602,
                -22.970640467163452
              ],
              [
                -48.45943833877078,
                -22.97064046716345
              ],
              [
                -48.45943833877078,
                -22.969831983407744
              ],
              [
                -48.45970783335602,
                -22.96983198340774
              ],
              [
                -48.45970783335602,
                -22.96902349965204
              ],
              [
                -48.45943833877078,
                -22.96902349965204
              ],
              [
                -48.45943833877078,
                -22.968754005066803
              ],
              [
                -48.45889934960031,
                -22.968754005066803
              ],
              [
                -48.45889934960031,
                -22.969023499652042
              ],
              [
                -48.458629855015076,
                -22.96902349965203
              ],
              [
                -48.45862985501622,
                -22.96876555356818
              ],
              [
                -48.455934909168484,
                -22.969484119825587
              ],
              [
                -48.455934909162714,
                -22.969562488822508
              ],
              [
                -48.455640976017186,
                -22.969562489300262
              ],
              [
                -48.454,
                -22.969999999999988
              ],
              [
                -48.45190348741894,
                -22.971179456352267
              ],
              [
                -48.452431479554654,
                -22.97117945633392
              ],
              [
                -48.452431479554654,
                -22.97090996174869
              ],
              [
                -48.45297046872511,
                -22.97090996174869
              ],
              [
                -48.45297046872511,
                -22.970640467163456
              ],
              [
                -48.453509457895585,
                -22.970640467163427
              ],
              [
                -48.453509457895585,
                -22.97037097257822
              ],
              [
                -48.45404844706606,
                -22.970370972578227
              ],
              [
                -48.45404844706606,
                -22.970101477992984
              ],
              [
                -48.45485693082176,
                -22.970101477992973
              ],
              [
                -48.45485693082176,
                -22.97037097257822
              ],
              [
                -48.45512642540701,
                -22.970370972578223
              ],
              [
                -48.45512642540701,
                -22.97090996174869
              ],
              [
                -48.455395919992235,
                -22.97090996174869
              ],
              [
                -48.455395919992235,
                -22.971179456333928
              ],
              [
                -48.45512642540701,
                -22.97117945633392
              ],
              [
                -48.45512642540701,
                -22.97144895091916
              ],
              [
                -48.45485693082176,
                -22.97144895091916
              ],
              [
                -48.45485693082176,
                -22.971987940089633
              ],
              [
                -48.45458743623654,
                -22.97198794008964
              ],
              [
                -48.45458743623654,
                -22.972257434674862
              ],
              [
                -48.45377895248083,
                -22.972257434674866
              ],
              [
                -48.45377895248083,
                -22.972526929260102
              ],
              [
                -48.45323996331036,
                -22.972526929260102
              ],
              [
                -48.45323996331036,
                -22.97279642384534
              ],
              [
                -48.45297046872511,
                -22.97279642384534
              ],
              [
                -48.45297046872511,
                -22.97306591843058
              ],
              [
                -48.45216198496941,
                -22.97306591843057
              ],
              [
                -48.45216198496941,
                -22.972796423845345
              ],
              [
                -48.45189249038418,
                -22.972796423845345
              ],
              [
                -48.45189249038418,
                -22.972526929260102
              ],
              [
                -48.451622995798935,
                -22.97252692926011
              ],
              [
                -48.451622995798935,
                -22.97306591843058
              ],
              [
                -48.45135350121371,
                -22.973065918430578
              ],
              [
                -48.45135350121371,
                -22.97333541301582
              ],
              [
                -48.45081451204323,
                -22.973335413015814
              ],
              [
                -48.45081451204323,
                -22.972796423845345
              ],
              [
                -48.450545017458005,
                -22.972796423845352
              ],
              [
                -48.450545017458005,
                -22.97198794008963
              ],
              [
                -48.45081451204323,
                -22.971987940089637
              ],
              [
                -48.4508145120488,
                -22.971792072279737
              ],
              [
                -48.44998727568882,
                -22.972257434705686
              ],
              [
                -48.45000602828753,
                -22.972257434674862
              ],
              [
                -48.45000602828753,
                -22.97333541301581
              ],
              [
                -48.45027552287276,
                -22.973335413015818
              ],
              [
                -48.45027552287276,
                -22.97414389677152
              ],
              [
                -48.45000602828753,
                -22.97414389677151
              ],
              [
                -48.45000602828753,
                -22.974682885941967
              ],
              [
                -48.45027552287276,
                -22.97468288594199
              ],
              [
                -48.45027552287276,
                -22.976299853453412
              ],
              [
                -48.44946703911705,
                -22.976299853453405
              ],
              [
                -48.44946703911705,
                -22.97656934803864
              ],
              [
                -48.448658555361355,
                -22.97656934803864
              ],
              [
                -48.448658555361355,
                -22.976299853453416
              ],
              [
                -48.448119566190876,
                -22.976299853453398
              ],
              [
                -48.448119566190876,
                -22.97603035886818
              ],
              [
                -48.4475805770204,
                -22.97603035886817
              ],
              [
                -48.4475805770204,
                -22.975760864282922
              ],
              [
                -48.44731108243518,
                -22.97576086428293
              ],
              [
                -48.44731108243518,
                -22.975491369697696
              ],
              [
                -48.448119566190876,
                -22.975491369697696
              ],
              [
                -48.448119566190876,
                -22.975221875112425
              ],
              [
                -48.4467720932647,
                -22.975221875112464
              ],
              [
                -48.4467720932647,
                -22.97495238052722
              ],
              [
                -48.44519641447493,
                -22.97495238207436
              ],
              [
                -48.444238188481606,
                -22.97549137002711
              ],
              [
                -48.44488563116805,
                -22.975491369697696
              ],
              [
                -48.44488563116805,
                -22.975760864282936
              ],
              [
                -48.44515512575328,
                -22.97576086428293
              ],
              [
                -48.44515512575328,
                -22.976569348038645
              ],
              [
                -48.44246017990092,
                -22.976569348038637
              ],
              [
                -48.44246017990092,
                -22.976838842623874
              ],
              [
                -48.443538158241864,
                -22.976838842623874
              ],
              [
                -48.443538158241864,
                -22.977377831794353
              ],
              [
                -48.44299916907139,
                -22.977377831794357
              ],
              [
                -48.44299916907139,
                -22.97764732637957
              ],
              [
                -48.44246017990092,
                -22.97764732637959
              ],
              [
                -48.44246017990092,
                -22.97845581013529
              ],
              [
                -48.44272967448616,
                -22.978455810135305
              ],
              [
                -48.44272967448616,
                -22.97872530472053
              ],
              [
                -48.443538158241864,
                -22.978725304720523
              ],
              [
                -48.443538158241864,
                -22.978455810135287
              ],
              [
                -48.443807652827104,
                -22.97845581013529
              ],
              [
                -48.443807652827104,
                -22.978186315550058
              ],
              [
                -48.44407714741234,
                -22.97818631555005
              ],
              [
                -48.44407714741234,
                -22.97872530472052
              ],
              [
                -48.444346641997576,
                -22.97872530472053
              ],
              [
                -48.444346641997576,
                -22.978994799305767
              ],
              [
                -48.44461613658281,
                -22.978994799305763
              ],
              [
                -48.44461613658281,
                -22.978725304720527
              ],
              [
                -48.445424620338514,
                -22.978725304720527
              ],
              [
                -48.445424620338514,
                -22.978994799305774
              ],
              [
                -48.445694114923754,
                -22.978994799305767
              ],
              [
                -48.445694114923754,
                -22.979264293891003
              ],
              [
                -48.445424620338514,
                -22.97926429389099
              ],
              [
                -48.445424620338514,
                -22.979533788476243
              ],
              [
                -48.446233104094226,
                -22.97953378847623
              ],
              [
                -48.446233104094226,
                -22.979264293891003
              ],
              [
                -48.4467720932647,
                -22.97926429389101
              ],
              [
                -48.4467720932647,
                -22.979533788476235
              ],
              [
                -48.448658555361355,
                -22.979533788476243
              ],
              [
                -48.448658555361355,
                -22.978455810135294
              ],
              [
                -48.44892804994658,
                -22.978455810135298
              ],
              [
                -48.44892804994658,
                -22.97818631555006
              ],
              [
                -48.44919754453183,
                -22.978186315550055
              ],
              [
                -48.44919754453183,
                -22.977916820964822
              ],
              [
                -48.4497365337023,
                -22.977916820964822
              ],
              [
                -48.4497365337023,
                -22.97845581013531
              ],
              [
                -48.451622995798935,
                -22.978455810135294
              ],
              [
                -48.451622995798935,
                -22.978186315550055
              ],
              [
                -48.45189249038418,
                -22.978186315550055
              ],
              [
                -48.45189249038418,
                -22.978455810135294
              ],
              [
                -48.45216198496941,
                -22.978455810135294
              ],
              [
                -48.45216198496941,
                -22.978725304720523
              ],
              [
                -48.45270097413988,
                -22.978725304720534
              ],
              [
                -48.45270097413988,
                -22.9784558101353
              ],
              [
                -48.45323996331036,
                -22.978455810135294
              ],
              [
                -48.45323996331036,
                -22.978186315550058
              ],
              [
                -48.45377895248083,
                -22.978186315550055
              ],
              [
                -48.45377895248083,
                -22.97791682096481
              ],
              [
                -48.45404844706606,
                -22.97791682096481
              ],
              [
                -48.45404844706606,
                -22.976838842623877
              ],
              [
                -48.45431794165129,
                -22.976838842623874
              ],
              [
                -48.45431794165129,
                -22.976299853453405
              ],
              [
                -48.45404844706606,
                -22.97629985345341
              ],
              [
                -48.45404844706606,
                -22.975760864282933
              ],
              [
                -48.45377895248083,
                -22.975760864282936
              ]
            ],
            [
              [
                -48.45377895248083,
                -22.975760864282936
              ],
              [
                -48.45377895248083,
                -22.976030358868172
              ],
              [
                -48.45323996331036,
                -22.97603035886816
              ],
              [
                -48.45323996331036,
                -22.976299853453405
              ],
              [
                -48.45270097413988,
                -22.9762998534534
              ],
              [
                -48.45270097413988,
                -22.977108337209103
              ],
              [
                -48.45216198496941,
                -22.97710833720911
              ],
              [
                -48.45216198496941,
                -22.97737783179435
              ],
              [
                -48.45189249038418,
                -22.977377831794346
              ],
              [
                -48.45189249038418,
                -22.977647326379582
              ],
              [
                -48.451622995798935,
                -22.977647326379593
              ],
              [
                -48.451622995798935,
                -22.977916820964825
              ],
              [
                -48.45135350121371,
                -22.9779168209648
              ],
              [
                -48.45135350121371,
                -22.977647326379575
              ],
              [
                -48.45108400662848,
                -22.97764732637959
              ],
              [
                -48.45108400662848,
                -22.977108337209113
              ],
              [
                -48.45081451204323,
                -22.977108337209113
              ],
              [
                -48.45081451204323,
                -22.976838842623877
              ],
              [
                -48.45108400662848,
                -22.976838842623877
              ],
              [
                -48.45108400662848,
                -22.975491369697693
              ],
              [
                -48.45081451204323,
                -22.975491369697696
              ],
              [
                -48.45081451204323,
                -22.974952380527228
              ],
              [
                -48.45108400662848,
                -22.974952380527217
              ],
              [
                -48.45108400662848,
                -22.974682885941988
              ],
              [
                -48.45081451204323,
                -22.974682885942
              ],
              [
                -48.45081451204323,
                -22.97414389677152
              ],
              [
                -48.45108400662848,
                -22.974143896771526
              ],
              [
                -48.45108400662848,
                -22.974413391356748
              ],
              [
                -48.45135350121371,
                -22.974413391356755
              ],
              [
                -48.45135350121371,
                -22.975221875112464
              ],
              [
                -48.451622995798935,
                -22.975221875112464
              ],
              [
                -48.451622995798935,
                -22.97549136969769
              ],
              [
                -48.45189249038418,
                -22.975491369697696
              ],
              [
                -48.45189249038418,
                -22.975221875112464
              ],
              [
                -48.453509457895585,
                -22.975221875112464
              ],
              [
                -48.453509457895585,
                -22.97576086428294
              ],
              [
                -48.45377895248083,
                -22.975760864282936
              ]
            ],
            [
              [
                -48.45701288750366,
                -22.971448950919164
              ],
              [
                -48.45701288750366,
                -22.97171844550437
              ],
              [
                -48.456204403747954,
                -22.9717184455044
              ],
              [
                -48.456204403747954,
                -22.972796423845345
              ],
              [
                -48.455934909162714,
                -22.972796423845338
              ],
              [
                -48.455934909162714,
                -22.97306591843058
              ],
              [
                -48.456204403747954,
                -22.97306591843058
              ],
              [
                -48.456204403747954,
                -22.973604907601047
              ],
              [
                -48.45566541457748,
                -22.973604907601047
              ],
              [
                -48.45566541457748,
                -22.974143896771515
              ],
              [
                -48.455395919992235,
                -22.97414389677152
              ],
              [
                -48.455395919992235,
                -22.97441339135675
              ],
              [
                -48.45458743623654,
                -22.97441339135675
              ],
              [
                -48.45458743623654,
                -22.97414389677152
              ],
              [
                -48.45431794165129,
                -22.974143896771526
              ],
              [
                -48.45431794165129,
                -22.973604907601043
              ],
              [
                -48.45404844706606,
                -22.97360490760104
              ],
              [
                -48.45404844706606,
                -22.97279642384534
              ],
              [
                -48.45458743623654,
                -22.972796423845345
              ],
              [
                -48.45458743623654,
                -22.97252692926011
              ],
              [
                -48.455395919992235,
                -22.97252692926011
              ],
              [
                -48.455395919992235,
                -22.972257434674873
              ],
              [
                -48.45512642540701,
                -22.972257434674866
              ],
              [
                -48.45512642540701,
                -22.971718445504393
              ],
              [
                -48.455934909162714,
                -22.971718445504386
              ],
              [
                -48.455934909162714,
                -22.971448950919164
              ],
              [
                -48.45701288750366,
                -22.971448950919164
              ]
            ],
            [
              [
                -48.44838906077611,
                -22.97683884262387
              ],
              [
                -48.44838906077611,
                -22.97710833720911
              ],
              [
                -48.448119566190876,
                -22.97710833720911
              ],
              [
                -48.448119566190876,
                -22.977377831794346
              ],
              [
                -48.4475805770204,
                -22.977377831794353
              ],
              [
                -48.4475805770204,
                -22.977108337209113
              ],
              [
                -48.44731108243518,
                -22.977108337209106
              ],
              [
                -48.44731108243518,
                -22.976838842623874
              ],
              [
                -48.44838906077611,
                -22.97683884262387
              ]
            ],
            [
              [
                -48.44704158784993,
                -22.977647326379586
              ],
              [
                -48.44704158784993,
                -22.977916820964815
              ],
              [
                -48.4467720932647,
                -22.97791682096482
              ],
              [
                -48.4467720932647,
                -22.978186315550055
              ],
              [
                -48.44650259867946,
                -22.978186315550047
              ],
              [
                -48.44650259867946,
                -22.97845581013529
              ],
              [
                -48.445963609508986,
                -22.9784558101353
              ],
              [
                -48.445963609508986,
                -22.977647326379582
              ],
              [
                -48.44704158784993,
                -22.977647326379586
              ]
            ]
          ]
        ],
        "type": "MultiPolygon"
      },
      "properties": {
        "id": "81",
        "name": "MB 21 · Mosaico de usos · 81",
        "class": "Uso agropecuário",
        "area_ha": 115.3476,
        "reviewed": false,
        "pct": 8.3776
      }
    },
    {
      "type": "Feature",
      "id": "82",
      "geometry": {
        "coordinates": [
          [
            [
              [
                -48.443759067053946,
                -22.975760864775772
              ],
              [
                -48.44407714741234,
                -22.97576086428293
              ],
              [
                -48.44407714741861,
                -22.975581952204774
              ],
              [
                -48.443759067053946,
                -22.975760864775772
              ]
            ]
          ]
        ],
        "type": "MultiPolygon"
      },
      "properties": {
        "id": "82",
        "name": "MB 21 · Mosaico de usos · 82",
        "class": "Uso agropecuário",
        "area_ha": 0.0323,
        "reviewed": false,
        "pct": 0.0023
      }
    },
    {
      "type": "Feature",
      "id": "83",
      "geometry": {
        "coordinates": [
          [
            [
              [
                -48.4514244406839,
                -22.971448951422516
              ],
              [
                -48.45189249038418,
                -22.971448950919164
              ],
              [
                -48.45189249038481,
                -22.97118564293174
              ],
              [
                -48.4514244406839,
                -22.971448951422516
              ]
            ]
          ]
        ],
        "type": "MultiPolygon"
      },
      "properties": {
        "id": "83",
        "name": "MB 21 · Mosaico de usos · 83",
        "class": "Uso agropecuário",
        "area_ha": 0.07,
        "reviewed": false,
        "pct": 0.0051
      }
    },
    {
      "type": "Feature",
      "id": "84",
      "geometry": {
        "coordinates": [
          [
            [
              [
                -48.45094539090129,
                -22.971718445561706
              ],
              [
                -48.45108400662848,
                -22.9717184455044
              ],
              [
                -48.45108400663424,
                -22.971640466197808
              ],
              [
                -48.45094539090129,
                -22.971718445561706
              ]
            ]
          ]
        ],
        "type": "MultiPolygon"
      },
      "properties": {
        "id": "84",
        "name": "MB 21 · Mosaico de usos · 84",
        "class": "Uso agropecuário",
        "area_ha": 0.0061,
        "reviewed": false,
        "pct": 0.0004
      }
    },
    {
      "type": "Feature",
      "id": "85",
      "geometry": {
        "coordinates": [
          [
            [
              [
                -48.47991992724871,
                -22.97737783179435
              ],
              [
                -48.47965043266347,
                -22.977377831794346
              ],
              [
                -48.47965043266347,
                -22.977647326379575
              ],
              [
                -48.479380938078236,
                -22.97764732637958
              ],
              [
                -48.479380938078236,
                -22.978455810135294
              ],
              [
                -48.479111443493,
                -22.978455810135294
              ],
              [
                -48.479111443493,
                -22.979264293890996
              ],
              [
                -48.479380938078236,
                -22.979264293890992
              ],
              [
                -48.479380938078236,
                -22.97953378847622
              ],
              [
                -48.47965043266347,
                -22.979533788476218
              ],
              [
                -48.47965043266347,
                -22.978725304720527
              ],
              [
                -48.47991992724871,
                -22.978725304720534
              ],
              [
                -48.47991992724871,
                -22.97737783179435
              ]
            ]
          ]
        ],
        "type": "MultiPolygon"
      },
      "properties": {
        "id": "85",
        "name": "MB 21 · Mosaico de usos · 85",
        "class": "Uso agropecuário",
        "area_ha": 1.2381,
        "reviewed": false,
        "pct": 0.0899
      }
    },
    {
      "type": "Feature",
      "id": "86",
      "geometry": {
        "coordinates": [
          [
            [
              [
                -48.4648282304755,
                -22.978994799305767
              ],
              [
                -48.46455873589027,
                -22.978994799305767
              ],
              [
                -48.46455873589027,
                -22.979533788476235
              ],
              [
                -48.4648282304755,
                -22.979533788476235
              ],
              [
                -48.4648282304755,
                -22.978994799305767
              ]
            ]
          ]
        ],
        "type": "MultiPolygon"
      },
      "properties": {
        "id": "86",
        "name": "MB 21 · Mosaico de usos · 86",
        "class": "Uso agropecuário",
        "area_ha": 0.1651,
        "reviewed": false,
        "pct": 0.012
      }
    },
    {
      "type": "Feature",
      "id": "87",
      "geometry": {
        "coordinates": [
          [
            [
              [
                -48.445424620338514,
                -22.978725304720527
              ],
              [
                -48.44461613658281,
                -22.978725304720527
              ],
              [
                -48.44461613658281,
                -22.979264293891003
              ],
              [
                -48.44515512575328,
                -22.979264293891
              ],
              [
                -48.44515512575328,
                -22.979533788476246
              ],
              [
                -48.445424620338514,
                -22.979533788476243
              ],
              [
                -48.445424620338514,
                -22.97926429389099
              ],
              [
                -48.445694114923754,
                -22.979264293891003
              ],
              [
                -48.445694114923754,
                -22.978994799305767
              ],
              [
                -48.445424620338514,
                -22.978994799305774
              ],
              [
                -48.445424620338514,
                -22.978725304720527
              ]
            ]
          ]
        ],
        "type": "MultiPolygon"
      },
      "properties": {
        "id": "87",
        "name": "MB 4 · Formação savânica · 87",
        "class": "Vegetação nativa mapeada",
        "area_ha": 0.6604,
        "reviewed": false,
        "pct": 0.048
      }
    },
    {
      "type": "Feature",
      "id": "88",
      "geometry": {
        "coordinates": [
          [
            [
              [
                -48.47991992724871,
                -22.97953378847624
              ],
              [
                -48.47965043266347,
                -22.979533788476218
              ],
              [
                -48.47965043266347,
                -22.979803283061425
              ],
              [
                -48.47991992724871,
                -22.979803283061468
              ],
              [
                -48.47991992724871,
                -22.97953378847624
              ]
            ]
          ]
        ],
        "type": "MultiPolygon"
      },
      "properties": {
        "id": "88",
        "name": "MB 21 · Mosaico de usos · 88",
        "class": "Uso agropecuário",
        "area_ha": 0.0825,
        "reviewed": false,
        "pct": 0.006
      }
    },
    {
      "type": "Feature",
      "id": "89",
      "geometry": {
        "coordinates": [
          [
            [
              [
                -48.45566541457748,
                -22.979533788476232
              ],
              [
                -48.455395919992235,
                -22.97953378847624
              ],
              [
                -48.455395919992235,
                -22.97980328306147
              ],
              [
                -48.45566541457748,
                -22.97980328306146
              ],
              [
                -48.45566541457748,
                -22.979533788476232
              ]
            ]
          ]
        ],
        "type": "MultiPolygon"
      },
      "properties": {
        "id": "89",
        "name": "MB 39 · Soja · 89",
        "class": "Uso agropecuário",
        "area_ha": 0.0825,
        "reviewed": false,
        "pct": 0.006
      }
    },
    {
      "type": "Feature",
      "id": "90",
      "geometry": {
        "coordinates": [
          [
            [
              [
                -48.465636714231216,
                -22.978455810135294
              ],
              [
                -48.46536721964597,
                -22.978455810135294
              ],
              [
                -48.46536721964597,
                -22.978725304720534
              ],
              [
                -48.465097725060744,
                -22.978725304720523
              ],
              [
                -48.465097725060744,
                -22.97845581013529
              ],
              [
                -48.4648282304755,
                -22.978455810135287
              ],
              [
                -48.4648282304755,
                -22.97872530472054
              ],
              [
                -48.46455873589027,
                -22.978725304720534
              ],
              [
                -48.46455873589027,
                -22.978994799305767
              ],
              [
                -48.4648282304755,
                -22.978994799305767
              ],
              [
                -48.4648282304755,
                -22.979533788476235
              ],
              [
                -48.465097725060744,
                -22.97953378847623
              ],
              [
                -48.465097725060744,
                -22.98007277764671
              ],
              [
                -48.46536721964597,
                -22.980072777646708
              ],
              [
                -48.46536721964597,
                -22.97953378847624
              ],
              [
                -48.46590620881645,
                -22.97953378847623
              ],
              [
                -48.46590620881645,
                -22.97872530472053
              ],
              [
                -48.465636714231216,
                -22.978725304720523
              ],
              [
                -48.465636714231216,
                -22.978455810135294
              ]
            ]
          ]
        ],
        "type": "MultiPolygon"
      },
      "properties": {
        "id": "90",
        "name": "MB 20 · Cana · 90",
        "class": "Uso agropecuário",
        "area_ha": 1.4032,
        "reviewed": false,
        "pct": 0.1019
      }
    },
    {
      "type": "Feature",
      "id": "91",
      "geometry": {
        "coordinates": [
          [
            [
              [
                -48.46132480086743,
                -22.97926429389099
              ],
              [
                -48.46078581169696,
                -22.979264293891003
              ],
              [
                -48.46078581169696,
                -22.97953378847623
              ],
              [
                -48.460246822526486,
                -22.979533788476246
              ],
              [
                -48.460246822526486,
                -22.97980328306148
              ],
              [
                -48.460516317111725,
                -22.97980328306144
              ],
              [
                -48.460516317111725,
                -22.980072777646715
              ],
              [
                -48.46132480086743,
                -22.980072777646697
              ],
              [
                -48.46132480086743,
                -22.97926429389099
              ]
            ]
          ]
        ],
        "type": "MultiPolygon"
      },
      "properties": {
        "id": "91",
        "name": "MB 3 · Formação florestal · 91",
        "class": "Vegetação nativa mapeada",
        "area_ha": 0.7429,
        "reviewed": false,
        "pct": 0.054
      }
    },
    {
      "type": "Feature",
      "id": "92",
      "geometry": {
        "coordinates": [
          [
            [
              [
                -48.465097725060744,
                -22.97953378847623
              ],
              [
                -48.4648282304755,
                -22.979533788476235
              ],
              [
                -48.4648282304755,
                -22.980072777646708
              ],
              [
                -48.465097725060744,
                -22.98007277764671
              ],
              [
                -48.465097725060744,
                -22.97953378847623
              ]
            ]
          ]
        ],
        "type": "MultiPolygon"
      },
      "properties": {
        "id": "92",
        "name": "MB 21 · Mosaico de usos · 92",
        "class": "Uso agropecuário",
        "area_ha": 0.1651,
        "reviewed": false,
        "pct": 0.012
      }
    },
    {
      "type": "Feature",
      "id": "93",
      "geometry": {
        "coordinates": [
          [
            [
              [
                -48.4694096384245,
                -22.979533788476235
              ],
              [
                -48.469140143839276,
                -22.97953378847624
              ],
              [
                -48.469140143839276,
                -22.979803283061464
              ],
              [
                -48.4686011546688,
                -22.979803283061468
              ],
              [
                -48.4686011546688,
                -22.9800727776467
              ],
              [
                -48.469140143839276,
                -22.980072777646708
              ],
              [
                -48.469140143839276,
                -22.98034227223194
              ],
              [
                -48.4694096384245,
                -22.98034227223194
              ],
              [
                -48.4694096384245,
                -22.979533788476235
              ]
            ]
          ]
        ],
        "type": "MultiPolygon"
      },
      "properties": {
        "id": "93",
        "name": "MB 21 · Mosaico de usos · 93",
        "class": "Uso agropecuário",
        "area_ha": 0.4127,
        "reviewed": false,
        "pct": 0.03
      }
    },
    {
      "type": "Feature",
      "id": "94",
      "geometry": {
        "coordinates": [
          [
            [
              [
                -48.445424620338514,
                -22.980072777646715
              ],
              [
                -48.44515512575328,
                -22.980072777646704
              ],
              [
                -48.44515512575328,
                -22.980342272231947
              ],
              [
                -48.445424620338514,
                -22.98034227223194
              ],
              [
                -48.445424620338514,
                -22.980072777646715
              ]
            ]
          ]
        ],
        "type": "MultiPolygon"
      },
      "properties": {
        "id": "94",
        "name": "MB 21 · Mosaico de usos · 94",
        "class": "Uso agropecuário",
        "area_ha": 0.0825,
        "reviewed": false,
        "pct": 0.006
      }
    },
    {
      "type": "Feature",
      "id": "95",
      "geometry": {
        "coordinates": [
          [
            [
              [
                -48.448658555361355,
                -22.979533788476243
              ],
              [
                -48.44785007160565,
                -22.979533788476235
              ],
              [
                -48.44785007160565,
                -22.98034227223194
              ],
              [
                -48.4475805770204,
                -22.98034227223194
              ],
              [
                -48.4475805770204,
                -22.980881261402413
              ],
              [
                -48.448119566190876,
                -22.98088126140241
              ],
              [
                -48.448119566190876,
                -22.98061176681717
              ],
              [
                -48.448658555361355,
                -22.980611766817173
              ],
              [
                -48.448658555361355,
                -22.979533788476243
              ]
            ]
          ]
        ],
        "type": "MultiPolygon"
      },
      "properties": {
        "id": "95",
        "name": "MB 11 · Campo alagado · 95",
        "class": "Vegetação nativa mapeada",
        "area_ha": 1.2382,
        "reviewed": false,
        "pct": 0.0899
      }
    },
    {
      "type": "Feature",
      "id": "96",
      "geometry": {
        "coordinates": [
          [
            [
              [
                -48.46967913300975,
                -22.980342272231944
              ],
              [
                -48.4694096384245,
                -22.98034227223194
              ],
              [
                -48.4694096384245,
                -22.980881261402416
              ],
              [
                -48.46967913300975,
                -22.98088126140241
              ],
              [
                -48.46967913300975,
                -22.980342272231944
              ]
            ]
          ]
        ],
        "type": "MultiPolygon"
      },
      "properties": {
        "id": "96",
        "name": "MB 21 · Mosaico de usos · 96",
        "class": "Uso agropecuário",
        "area_ha": 0.1651,
        "reviewed": false,
        "pct": 0.012
      }
    },
    {
      "type": "Feature",
      "id": "97",
      "geometry": {
        "coordinates": [
          [
            [
              [
                -48.468062165498324,
                -22.977647326379586
              ],
              [
                -48.468062165498324,
                -22.977916820964825
              ],
              [
                -48.46833166008357,
                -22.977916820964815
              ],
              [
                -48.46833166008357,
                -22.9784558101353
              ],
              [
                -48.4686011546688,
                -22.978455810135294
              ],
              [
                -48.4686011546688,
                -22.978994799305767
              ],
              [
                -48.46887064925403,
                -22.97899479930576
              ],
              [
                -48.46887064925403,
                -22.97953378847623
              ],
              [
                -48.4694096384245,
                -22.979533788476235
              ],
              [
                -48.4694096384245,
                -22.98034227223194
              ],
              [
                -48.46967913300975,
                -22.980342272231944
              ],
              [
                -48.46967913300975,
                -22.98088126140241
              ],
              [
                -48.469948627594974,
                -22.980881261402406
              ],
              [
                -48.469948627594974,
                -22.981150755987652
              ],
              [
                -48.470218122180206,
                -22.981150755987652
              ],
              [
                -48.470218122180206,
                -22.980881261402406
              ],
              [
                -48.47048761676545,
                -22.98088126140242
              ],
              [
                -48.47048761676545,
                -22.980611766817173
              ],
              [
                -48.47075711135068,
                -22.980611766817173
              ],
              [
                -48.47075711135068,
                -22.980342272231944
              ],
              [
                -48.47129610052115,
                -22.98034227223194
              ],
              [
                -48.47129610052115,
                -22.979803283061464
              ],
              [
                -48.4715655951064,
                -22.97980328306147
              ],
              [
                -48.4715655951064,
                -22.97953378847623
              ],
              [
                -48.47183508969163,
                -22.97953378847623
              ],
              [
                -48.47183508969163,
                -22.979264293891006
              ],
              [
                -48.472104584276856,
                -22.979264293890996
              ],
              [
                -48.472104584276856,
                -22.978994799305777
              ],
              [
                -48.4723740788621,
                -22.978994799305774
              ],
              [
                -48.4723740788621,
                -22.97872530472053
              ],
              [
                -48.47264357344733,
                -22.97872530472053
              ],
              [
                -48.47264357344733,
                -22.978455810135294
              ],
              [
                -48.472913068032575,
                -22.97845581013529
              ],
              [
                -48.472913068032575,
                -22.978186315550058
              ],
              [
                -48.47318256261781,
                -22.978186315550058
              ],
              [
                -48.47318256261781,
                -22.977916820964804
              ],
              [
                -48.47345205720305,
                -22.977916820964815
              ],
              [
                -48.47345205720305,
                -22.977377831794346
              ],
              [
                -48.47399104637352,
                -22.977377831794346
              ],
              [
                -48.47399104637352,
                -22.977108337209117
              ],
              [
                -48.47426054095875,
                -22.977108337209113
              ],
              [
                -48.47426054095875,
                -22.976838842623874
              ],
              [
                -48.47453003554399,
                -22.976838842623874
              ],
              [
                -48.47453003554399,
                -22.976569348038637
              ],
              [
                -48.474799530129225,
                -22.976569348038645
              ],
              [
                -48.474799530129225,
                -22.9762998534534
              ],
              [
                -48.475069024714465,
                -22.976299853453412
              ],
              [
                -48.475069024714465,
                -22.97603035886816
              ],
              [
                -48.4753385192997,
                -22.976030358868165
              ],
              [
                -48.4753385192997,
                -22.97576086428293
              ],
              [
                -48.47560801388494,
                -22.975760864282936
              ],
              [
                -48.47560801388494,
                -22.97522187511244
              ],
              [
                -48.47614700305541,
                -22.975221875112457
              ],
              [
                -48.47614700305541,
                -22.974952380527235
              ],
              [
                -48.47641649764064,
                -22.974952380527228
              ],
              [
                -48.47641649764064,
                -22.974143896771515
              ],
              [
                -48.477224981396354,
                -22.97414389677152
              ],
              [
                -48.477224981396354,
                -22.973874402186286
              ],
              [
                -48.47749447598159,
                -22.973874402186283
              ],
              [
                -48.47749447598159,
                -22.97360490760104
              ],
              [
                -48.47776397056683,
                -22.97360490760105
              ],
              [
                -48.47776397056683,
                -22.973335413015803
              ],
              [
                -48.477224981396354,
                -22.973335413015818
              ],
              [
                -48.477224981396354,
                -22.973065918430574
              ],
              [
                -48.476955486811114,
                -22.97306591843058
              ],
              [
                -48.476955486811114,
                -22.97279642384534
              ],
              [
                -48.47668599222588,
                -22.97279642384534
              ],
              [
                -48.47668599222588,
                -22.972526929260106
              ],
              [
                -48.47641649764064,
                -22.97252692926011
              ],
              [
                -48.47641649764064,
                -22.970101477992984
              ],
              [
                -48.47614700305541,
                -22.970101477992984
              ],
              [
                -48.47614700305541,
                -22.970640467163456
              ],
              [
                -48.47560801388494,
                -22.970640467163438
              ],
              [
                -48.47560801388494,
                -22.971179456333925
              ],
              [
                -48.4753385192997,
                -22.971179456333925
              ],
              [
                -48.4753385192997,
                -22.971718445504397
              ],
              [
                -48.475069024714465,
                -22.9717184455044
              ],
              [
                -48.475069024714465,
                -22.971987940089633
              ],
              [
                -48.47399104637352,
                -22.971987940089637
              ],
              [
                -48.47399104637352,
                -22.9717184455044
              ],
              [
                -48.47345205720305,
                -22.971718445504393
              ],
              [
                -48.47345205720305,
                -22.971987940089637
              ],
              [
                -48.472913068032575,
                -22.971987940089633
              ],
              [
                -48.472913068032575,
                -22.97225743467487
              ],
              [
                -48.47264357344733,
                -22.972257434674862
              ],
              [
                -48.47264357344733,
                -22.971987940089633
              ],
              [
                -48.4723740788621,
                -22.97198794008963
              ],
              [
                -48.4723740788621,
                -22.972526929260095
              ],
              [
                -48.472104584276856,
                -22.972526929260106
              ],
              [
                -48.472104584276856,
                -22.972796423845352
              ],
              [
                -48.47183508969163,
                -22.97279642384534
              ],
              [
                -48.47183508969163,
                -22.97306591843058
              ],
              [
                -48.4715655951064,
                -22.973065918430578
              ],
              [
                -48.4715655951064,
                -22.973604907601043
              ],
              [
                -48.47129610052115,
                -22.973604907601043
              ],
              [
                -48.47129610052115,
                -22.974413391356755
              ],
              [
                -48.471026605935926,
                -22.97441339135674
              ],
              [
                -48.471026605935926,
                -22.974682885941995
              ],
              [
                -48.47075711135068,
                -22.974682885942
              ],
              [
                -48.47075711135068,
                -22.974952380527228
              ],
              [
                -48.47048761676545,
                -22.974952380527228
              ],
              [
                -48.47048761676545,
                -22.97522187511245
              ],
              [
                -48.468062165498324,
                -22.97522187511244
              ],
              [
                -48.468062165498324,
                -22.974413391356745
              ],
              [
                -48.4677926709131,
                -22.97441339135675
              ],
              [
                -48.4677926709131,
                -22.973874402186276
              ],
              [
                -48.466984187157394,
                -22.973874402186283
              ],
              [
                -48.466984187157394,
                -22.97441339135675
              ],
              [
                -48.46671469257215,
                -22.97441339135676
              ],
              [
                -48.46671469257215,
                -22.97468288594199
              ],
              [
                -48.46590620881645,
                -22.97468288594199
              ],
              [
                -48.46590620881645,
                -22.97495238052723
              ],
              [
                -48.465636714231216,
                -22.974952380527238
              ],
              [
                -48.465636714231216,
                -22.97522187511247
              ],
              [
                -48.4648282304755,
                -22.975221875112453
              ],
              [
                -48.4648282304755,
                -22.9754913696977
              ],
              [
                -48.46455873589027,
                -22.975491369697707
              ],
              [
                -48.46455873589027,
                -22.976030358868165
              ],
              [
                -48.464289241305025,
                -22.976030358868172
              ],
              [
                -48.464289241305025,
                -22.976299853453412
              ],
              [
                -48.46401974671979,
                -22.9762998534534
              ],
              [
                -48.46401974671979,
                -22.97656934803864
              ],
              [
                -48.46375025213455,
                -22.976569348038627
              ],
              [
                -48.46375025213455,
                -22.977108337209117
              ],
              [
                -48.46401974671979,
                -22.977108337209106
              ],
              [
                -48.46401974671979,
                -22.977647326379586
              ],
              [
                -48.464289241305025,
                -22.97764732637959
              ],
              [
                -48.464289241305025,
                -22.978455810135298
              ],
              [
                -48.4648282304755,
                -22.978455810135287
              ],
              [
                -48.4648282304755,
                -22.97818631555006
              ],
              [
                -48.46590620881645,
                -22.978186315550058
              ],
              [
                -48.46590620881645,
                -22.977647326379586
              ],
              [
                -48.465097725060744,
                -22.977647326379575
              ],
              [
                -48.465097725060744,
                -22.977377831794346
              ],
              [
                -48.466175703401674,
                -22.97737783179435
              ],
              [
                -48.466175703401674,
                -22.97764732637958
              ],
              [
                -48.46752317632785,
                -22.97764732637958
              ],
              [
                -48.46752317632785,
                -22.97737783179435
              ],
              [
                -48.4677926709131,
                -22.977377831794346
              ],
              [
                -48.4677926709131,
                -22.977647326379575
              ],
              [
                -48.468062165498324,
                -22.977647326379586
              ]
            ],
            [
              [
                -48.465636714231216,
                -22.97522187511247
              ],
              [
                -48.466175703401674,
                -22.975221875112464
              ],
              [
                -48.466175703401674,
                -22.974952380527228
              ],
              [
                -48.467253681742626,
                -22.974952380527228
              ],
              [
                -48.467253681742626,
                -22.975491369697707
              ],
              [
                -48.466984187157394,
                -22.975491369697693
              ],
              [
                -48.466984187157394,
                -22.976030358868172
              ],
              [
                -48.467253681742626,
                -22.976030358868172
              ],
              [
                -48.467253681742626,
                -22.97629985345341
              ],
              [
                -48.46752317632785,
                -22.97629985345341
              ],
              [
                -48.46752317632785,
                -22.977108337209113
              ],
              [
                -48.467253681742626,
                -22.97710833720911
              ],
              [
                -48.467253681742626,
                -22.97737783179436
              ],
              [
                -48.46644519798692,
                -22.977377831794357
              ],
              [
                -48.46644519798692,
                -22.97710833720912
              ],
              [
                -48.465636714231216,
                -22.977108337209103
              ],
              [
                -48.465636714231216,
                -22.976838842623877
              ],
              [
                -48.4648282304755,
                -22.976838842623877
              ],
              [
                -48.4648282304755,
                -22.976569348038634
              ],
              [
                -48.465097725060744,
                -22.97656934803864
              ],
              [
                -48.465097725060744,
                -22.976299853453405
              ],
              [
                -48.46536721964597,
                -22.9762998534534
              ],
              [
                -48.46536721964597,
                -22.97603035886817
              ],
              [
                -48.465636714231216,
                -22.97603035886817
              ],
              [
                -48.465636714231216,
                -22.97522187511247
              ]
            ],
            [
              [
                -48.468062165498324,
                -22.977647326379586
              ],
              [
                -48.468062165498324,
                -22.97737783179435
              ],
              [
                -48.46833166008357,
                -22.977377831794353
              ],
              [
                -48.46833166008357,
                -22.97764732637958
              ],
              [
                -48.468062165498324,
                -22.977647326379586
              ]
            ]
          ]
        ],
        "type": "MultiPolygon"
      },
      "properties": {
        "id": "97",
        "name": "MB 20 · Cana · 97",
        "class": "Uso agropecuário",
        "area_ha": 60.01,
        "reviewed": false,
        "pct": 4.3585
      }
    },
    {
      "type": "Feature",
      "id": "98",
      "geometry": {
        "coordinates": [
          [
            [
              [
                -48.464289241305025,
                -22.97872530472053
              ],
              [
                -48.46348075754932,
                -22.978725304720534
              ],
              [
                -48.46348075754932,
                -22.979533788476232
              ],
              [
                -48.46375025213455,
                -22.979533788476235
              ],
              [
                -48.46375025213455,
                -22.979803283061464
              ],
              [
                -48.46401974671979,
                -22.979803283061464
              ],
              [
                -48.46401974671979,
                -22.98088126140242
              ],
              [
                -48.464289241305025,
                -22.980881261402416
              ],
              [
                -48.464289241305025,
                -22.981150755987642
              ],
              [
                -48.46455873589027,
                -22.98115075598765
              ],
              [
                -48.46455873589027,
                -22.980881261402406
              ],
              [
                -48.465097725060744,
                -22.98088126140242
              ],
              [
                -48.465097725060744,
                -22.98007277764671
              ],
              [
                -48.4648282304755,
                -22.980072777646708
              ],
              [
                -48.4648282304755,
                -22.979533788476235
              ],
              [
                -48.46455873589027,
                -22.979533788476235
              ],
              [
                -48.46455873589027,
                -22.978994799305767
              ],
              [
                -48.464289241305025,
                -22.978994799305767
              ],
              [
                -48.464289241305025,
                -22.97872530472053
              ]
            ]
          ]
        ],
        "type": "MultiPolygon"
      },
      "properties": {
        "id": "98",
        "name": "MB 15 · Pastagem · 98",
        "class": "Uso agropecuário",
        "area_ha": 2.5588,
        "reviewed": false,
        "pct": 0.1858
      }
    },
    {
      "type": "Feature",
      "id": "99",
      "geometry": {
        "coordinates": [
          [
            [
              [
                -48.46078581169696,
                -22.974143896771526
              ],
              [
                -48.460246822526486,
                -22.97414389677152
              ],
              [
                -48.460246822526486,
                -22.974413391356762
              ],
              [
                -48.460516317111725,
                -22.974413391356745
              ],
              [
                -48.460516317111725,
                -22.974682885941988
              ],
              [
                -48.4610553062822,
                -22.974682885941988
              ],
              [
                -48.4610553062822,
                -22.975221875112464
              ],
              [
                -48.46078581169696,
                -22.975221875112464
              ],
              [
                -48.46078581169696,
                -22.975760864282936
              ],
              [
                -48.460246822526486,
                -22.97576086428293
              ],
              [
                -48.460246822526486,
                -22.976030358868176
              ],
              [
                -48.460516317111725,
                -22.97603035886817
              ],
              [
                -48.460516317111725,
                -22.976569348038637
              ],
              [
                -48.460246822526486,
                -22.976569348038637
              ],
              [
                -48.460246822526486,
                -22.976838842623874
              ],
              [
                -48.45970783335602,
                -22.97683884262387
              ],
              [
                -48.45970783335602,
                -22.97818631555005
              ],
              [
                -48.45943833877078,
                -22.978186315550058
              ],
              [
                -48.45943833877078,
                -22.978455810135294
              ],
              [
                -48.45916884418555,
                -22.97845581013529
              ],
              [
                -48.45916884418555,
                -22.978186315550058
              ],
              [
                -48.45889934960031,
                -22.97818631555007
              ],
              [
                -48.45889934960031,
                -22.97791682096481
              ],
              [
                -48.458360360429836,
                -22.977916820964808
              ],
              [
                -48.458360360429836,
                -22.978186315550055
              ],
              [
                -48.458629855015076,
                -22.978186315550058
              ],
              [
                -48.458629855015076,
                -22.97953378847623
              ],
              [
                -48.45889934960031,
                -22.979533788476235
              ],
              [
                -48.45889934960031,
                -22.979803283061464
              ],
              [
                -48.45916884418555,
                -22.979803283061475
              ],
              [
                -48.45916884418555,
                -22.980072777646708
              ],
              [
                -48.45970783335602,
                -22.98007277764671
              ],
              [
                -48.45970783335602,
                -22.980342272231944
              ],
              [
                -48.45997732794125,
                -22.980342272231933
              ],
              [
                -48.45997732794125,
                -22.981150755987645
              ],
              [
                -48.460516317111725,
                -22.981150755987656
              ],
              [
                -48.460516317111725,
                -22.98088126140241
              ],
              [
                -48.46078581169696,
                -22.980881261402402
              ],
              [
                -48.46078581169696,
                -22.980342272231944
              ],
              [
                -48.4610553062822,
                -22.980342272231937
              ],
              [
                -48.4610553062822,
                -22.98007277764671
              ],
              [
                -48.460516317111725,
                -22.980072777646715
              ],
              [
                -48.460516317111725,
                -22.97980328306144
              ],
              [
                -48.460246822526486,
                -22.97980328306148
              ],
              [
                -48.460246822526486,
                -22.979533788476246
              ],
              [
                -48.46078581169696,
                -22.97953378847623
              ],
              [
                -48.46078581169696,
                -22.979264293891003
              ],
              [
                -48.46132480086743,
                -22.97926429389099
              ],
              [
                -48.46132480086743,
                -22.978455810135298
              ],
              [
                -48.4610553062822,
                -22.978455810135294
              ],
              [
                -48.4610553062822,
                -22.977647326379582
              ],
              [
                -48.46078581169696,
                -22.977647326379575
              ],
              [
                -48.46078581169696,
                -22.977108337209113
              ],
              [
                -48.4610553062822,
                -22.977108337209103
              ],
              [
                -48.4610553062822,
                -22.976838842623874
              ],
              [
                -48.46132480086743,
                -22.97683884262387
              ],
              [
                -48.46132480086743,
                -22.97791682096481
              ],
              [
                -48.46159429545267,
                -22.977916820964815
              ],
              [
                -48.46159429545267,
                -22.97818631555005
              ],
              [
                -48.4618637900379,
                -22.97818631555006
              ],
              [
                -48.4618637900379,
                -22.977377831794342
              ],
              [
                -48.46159429545267,
                -22.977377831794342
              ],
              [
                -48.46159429545267,
                -22.977108337209113
              ],
              [
                -48.4618637900379,
                -22.977108337209113
              ],
              [
                -48.4618637900379,
                -22.97656934803864
              ],
              [
                -48.46321126296408,
                -22.97656934803864
              ],
              [
                -48.46321126296408,
                -22.9762998534534
              ],
              [
                -48.46348075754932,
                -22.9762998534534
              ],
              [
                -48.46348075754932,
                -22.97603035886817
              ],
              [
                -48.46375025213455,
                -22.976030358868172
              ],
              [
                -48.46375025213455,
                -22.975760864282936
              ],
              [
                -48.462402779208375,
                -22.975760864282936
              ],
              [
                -48.462402779208375,
                -22.975221875112464
              ],
              [
                -48.46213328462314,
                -22.975221875112446
              ],
              [
                -48.46213328462314,
                -22.97495238052721
              ],
              [
                -48.4618637900379,
                -22.974952380527228
              ],
              [
                -48.4618637900379,
                -22.974682885941995
              ],
              [
                -48.46132480086743,
                -22.97468288594198
              ],
              [
                -48.46132480086743,
                -22.97441339135675
              ],
              [
                -48.46078581169696,
                -22.974413391356748
              ],
              [
                -48.46078581169696,
                -22.974143896771526
              ]
            ]
          ]
        ],
        "type": "MultiPolygon"
      },
      "properties": {
        "id": "99",
        "name": "MB 11 · Campo alagado · 99",
        "class": "Vegetação nativa mapeada",
        "area_ha": 13.7024,
        "reviewed": false,
        "pct": 0.9952
      }
    },
    {
      "type": "Feature",
      "id": "100",
      "geometry": {
        "coordinates": [
          [
            [
              [
                -48.469948627594974,
                -22.980881261402406
              ],
              [
                -48.46967913300975,
                -22.98088126140241
              ],
              [
                -48.46967913300975,
                -22.981150755987652
              ],
              [
                -48.469948627594974,
                -22.981150755987652
              ],
              [
                -48.469948627594974,
                -22.980881261402406
              ]
            ]
          ]
        ],
        "type": "MultiPolygon"
      },
      "properties": {
        "id": "100",
        "name": "MB 21 · Mosaico de usos · 100",
        "class": "Uso agropecuário",
        "area_ha": 0.0825,
        "reviewed": false,
        "pct": 0.006
      }
    },
    {
      "type": "Feature",
      "id": "101",
      "geometry": {
        "coordinates": [
          [
            [
              [
                -48.46375025213455,
                -22.976569348038627
              ],
              [
                -48.4618637900379,
                -22.97656934803864
              ],
              [
                -48.4618637900379,
                -22.977108337209113
              ],
              [
                -48.46159429545267,
                -22.977108337209113
              ],
              [
                -48.46159429545267,
                -22.977377831794342
              ],
              [
                -48.4618637900379,
                -22.977377831794342
              ],
              [
                -48.4618637900379,
                -22.97818631555006
              ],
              [
                -48.46159429545267,
                -22.97818631555005
              ],
              [
                -48.46159429545267,
                -22.977916820964815
              ],
              [
                -48.46132480086743,
                -22.97791682096481
              ],
              [
                -48.46132480086743,
                -22.97818631555006
              ],
              [
                -48.4610553062822,
                -22.978186315550058
              ],
              [
                -48.4610553062822,
                -22.978455810135294
              ],
              [
                -48.46132480086743,
                -22.978455810135298
              ],
              [
                -48.46132480086743,
                -22.980072777646697
              ],
              [
                -48.4610553062822,
                -22.98007277764671
              ],
              [
                -48.4610553062822,
                -22.980342272231937
              ],
              [
                -48.46078581169696,
                -22.980342272231944
              ],
              [
                -48.46078581169696,
                -22.980881261402402
              ],
              [
                -48.46132480086743,
                -22.980881261402402
              ],
              [
                -48.46132480086743,
                -22.98034227223194
              ],
              [
                -48.46159429545267,
                -22.980342272231933
              ],
              [
                -48.46159429545267,
                -22.98007277764671
              ],
              [
                -48.4618637900379,
                -22.980072777646708
              ],
              [
                -48.4618637900379,
                -22.981150755987642
              ],
              [
                -48.46294176837885,
                -22.981150755987652
              ],
              [
                -48.46294176837885,
                -22.980881261402416
              ],
              [
                -48.462402779208375,
                -22.980881261402413
              ],
              [
                -48.462402779208375,
                -22.98007277764672
              ],
              [
                -48.46213328462314,
                -22.980072777646708
              ],
              [
                -48.46213328462314,
                -22.979803283061464
              ],
              [
                -48.462402779208375,
                -22.979803283061468
              ],
              [
                -48.462402779208375,
                -22.97953378847624
              ],
              [
                -48.46213328462314,
                -22.979533788476225
              ],
              [
                -48.46213328462314,
                -22.979264293890996
              ],
              [
                -48.4618637900379,
                -22.979264293891003
              ],
              [
                -48.4618637900379,
                -22.978455810135294
              ],
              [
                -48.462402779208375,
                -22.978455810135294
              ],
              [
                -48.462402779208375,
                -22.978725304720523
              ],
              [
                -48.46294176837885,
                -22.97872530472053
              ],
              [
                -48.46294176837885,
                -22.978994799305767
              ],
              [
                -48.46321126296408,
                -22.97899479930576
              ],
              [
                -48.46321126296408,
                -22.98034227223194
              ],
              [
                -48.46348075754932,
                -22.98034227223194
              ],
              [
                -48.46348075754932,
                -22.980881261402413
              ],
              [
                -48.46375025213455,
                -22.980881261402416
              ],
              [
                -48.46375025213455,
                -22.981150755987656
              ],
              [
                -48.464289241305025,
                -22.981150755987642
              ],
              [
                -48.464289241305025,
                -22.980881261402416
              ],
              [
                -48.46401974671979,
                -22.98088126140242
              ],
              [
                -48.46401974671979,
                -22.979803283061464
              ],
              [
                -48.46375025213455,
                -22.979803283061464
              ],
              [
                -48.46375025213455,
                -22.979533788476235
              ],
              [
                -48.46348075754932,
                -22.979533788476232
              ],
              [
                -48.46348075754932,
                -22.978725304720534
              ],
              [
                -48.464289241305025,
                -22.97872530472053
              ],
              [
                -48.464289241305025,
                -22.978994799305767
              ],
              [
                -48.46455873589027,
                -22.978994799305767
              ],
              [
                -48.46455873589027,
                -22.978725304720534
              ],
              [
                -48.4648282304755,
                -22.97872530472054
              ],
              [
                -48.4648282304755,
                -22.978455810135287
              ],
              [
                -48.464289241305025,
                -22.978455810135298
              ],
              [
                -48.464289241305025,
                -22.97764732637959
              ],
              [
                -48.46401974671979,
                -22.977647326379586
              ],
              [
                -48.46401974671979,
                -22.977108337209106
              ],
              [
                -48.46375025213455,
                -22.977108337209117
              ],
              [
                -48.46375025213455,
                -22.976569348038627
              ]
            ]
          ]
        ],
        "type": "MultiPolygon"
      },
      "properties": {
        "id": "101",
        "name": "MB 21 · Mosaico de usos · 101",
        "class": "Uso agropecuário",
        "area_ha": 10.0704,
        "reviewed": false,
        "pct": 0.7314
      }
    },
    {
      "type": "Feature",
      "id": "102",
      "geometry": {
        "coordinates": [
          [
            [
              [
                -48.46078581169696,
                -22.980881261402402
              ],
              [
                -48.460516317111725,
                -22.98088126140241
              ],
              [
                -48.460516317111725,
                -22.981150755987656
              ],
              [
                -48.46078581169696,
                -22.981150755987645
              ],
              [
                -48.46078581169696,
                -22.980881261402402
              ]
            ]
          ]
        ],
        "type": "MultiPolygon"
      },
      "properties": {
        "id": "102",
        "name": "MB 21 · Mosaico de usos · 102",
        "class": "Uso agropecuário",
        "area_ha": 0.0825,
        "reviewed": false,
        "pct": 0.006
      }
    },
    {
      "type": "Feature",
      "id": "103",
      "geometry": {
        "coordinates": [
          [
            [
              [
                -48.479380938078236,
                -22.979264293890992
              ],
              [
                -48.479111443493,
                -22.979264293890996
              ],
              [
                -48.479111443493,
                -22.97980328306146
              ],
              [
                -48.47884194890778,
                -22.979803283061464
              ],
              [
                -48.47884194890778,
                -22.981420250572892
              ],
              [
                -48.479380938078236,
                -22.98142025057288
              ],
              [
                -48.479380938078236,
                -22.980881261402413
              ],
              [
                -48.47965043266347,
                -22.98088126140241
              ],
              [
                -48.47965043266347,
                -22.979533788476218
              ],
              [
                -48.479380938078236,
                -22.97953378847622
              ],
              [
                -48.479380938078236,
                -22.979264293890992
              ]
            ]
          ]
        ],
        "type": "MultiPolygon"
      },
      "properties": {
        "id": "103",
        "name": "MB 3 · Formação florestal · 103",
        "class": "Vegetação nativa mapeada",
        "area_ha": 1.5683,
        "reviewed": false,
        "pct": 0.1139
      }
    },
    {
      "type": "Feature",
      "id": "104",
      "geometry": {
        "coordinates": [
          [
            [
              [
                -48.460516317111725,
                -22.981150755987656
              ],
              [
                -48.45997732794125,
                -22.981150755987645
              ],
              [
                -48.45997732794125,
                -22.98142025057289
              ],
              [
                -48.460516317111725,
                -22.981420250572885
              ],
              [
                -48.460516317111725,
                -22.981150755987656
              ]
            ]
          ]
        ],
        "type": "MultiPolygon"
      },
      "properties": {
        "id": "104",
        "name": "MB 21 · Mosaico de usos · 104",
        "class": "Uso agropecuário",
        "area_ha": 0.1651,
        "reviewed": false,
        "pct": 0.012
      }
    },
    {
      "type": "Feature",
      "id": "105",
      "geometry": {
        "coordinates": [
          [
            [
              [
                -48.45081451204323,
                -22.980072777646704
              ],
              [
                -48.45027552287276,
                -22.980072777646708
              ],
              [
                -48.45027552287276,
                -22.980342272231944
              ],
              [
                -48.45000602828753,
                -22.98034227223194
              ],
              [
                -48.45000602828753,
                -22.980881261402406
              ],
              [
                -48.44946703911705,
                -22.980881261402406
              ],
              [
                -48.44946703911705,
                -22.981420250572885
              ],
              [
                -48.45108400662848,
                -22.981420250572892
              ],
              [
                -48.45108400662848,
                -22.981150755987667
              ],
              [
                -48.45027552287276,
                -22.981150755987652
              ],
              [
                -48.45027552287276,
                -22.980611766817177
              ],
              [
                -48.45081451204323,
                -22.980611766817173
              ],
              [
                -48.45081451204323,
                -22.980072777646704
              ]
            ]
          ]
        ],
        "type": "MultiPolygon"
      },
      "properties": {
        "id": "105",
        "name": "MB 21 · Mosaico de usos · 105",
        "class": "Uso agropecuário",
        "area_ha": 1.2382,
        "reviewed": false,
        "pct": 0.0899
      }
    },
    {
      "type": "Feature",
      "id": "106",
      "geometry": {
        "coordinates": [
          [
            [
              [
                -48.46967913300975,
                -22.981150755987652
              ],
              [
                -48.469140143839276,
                -22.981150755987663
              ],
              [
                -48.469140143839276,
                -22.98168974515812
              ],
              [
                -48.4694096384245,
                -22.98168974515812
              ],
              [
                -48.4694096384245,
                -22.981420250572896
              ],
              [
                -48.46967913300975,
                -22.981420250572892
              ],
              [
                -48.46967913300975,
                -22.981150755987652
              ]
            ]
          ]
        ],
        "type": "MultiPolygon"
      },
      "properties": {
        "id": "106",
        "name": "MB 21 · Mosaico de usos · 106",
        "class": "Uso agropecuário",
        "area_ha": 0.2476,
        "reviewed": false,
        "pct": 0.018
      }
    },
    {
      "type": "Feature",
      "id": "107",
      "geometry": {
        "coordinates": [
          [
            [
              [
                -48.445963609508986,
                -22.981150755987652
              ],
              [
                -48.445424620338514,
                -22.981150755987652
              ],
              [
                -48.445424620338514,
                -22.981689745158125
              ],
              [
                -48.445963609508986,
                -22.981689745158132
              ],
              [
                -48.445963609508986,
                -22.981150755987652
              ]
            ]
          ]
        ],
        "type": "MultiPolygon"
      },
      "properties": {
        "id": "107",
        "name": "MB 4 · Formação savânica · 107",
        "class": "Vegetação nativa mapeada",
        "area_ha": 0.3302,
        "reviewed": false,
        "pct": 0.024
      }
    },
    {
      "type": "Feature",
      "id": "108",
      "geometry": {
        "coordinates": [
          [
            [
              [
                -48.45135350121371,
                -22.981420250572885
              ],
              [
                -48.45108400662848,
                -22.981420250572892
              ],
              [
                -48.45108400662848,
                -22.981689745158114
              ],
              [
                -48.45135350121371,
                -22.981689745158118
              ],
              [
                -48.45135350121371,
                -22.981420250572885
              ]
            ]
          ]
        ],
        "type": "MultiPolygon"
      },
      "properties": {
        "id": "108",
        "name": "MB 21 · Mosaico de usos · 108",
        "class": "Uso agropecuário",
        "area_ha": 0.0825,
        "reviewed": false,
        "pct": 0.006
      }
    },
    {
      "type": "Feature",
      "id": "109",
      "geometry": {
        "coordinates": [
          [
            [
              [
                -48.45189249038418,
                -22.98168974515812
              ],
              [
                -48.45135350121371,
                -22.981689745158118
              ],
              [
                -48.45135350121371,
                -22.98195923974335
              ],
              [
                -48.45189249038418,
                -22.981959239743347
              ],
              [
                -48.45189249038418,
                -22.98168974515812
              ]
            ]
          ]
        ],
        "type": "MultiPolygon"
      },
      "properties": {
        "id": "109",
        "name": "MB 21 · Mosaico de usos · 109",
        "class": "Uso agropecuário",
        "area_ha": 0.1651,
        "reviewed": false,
        "pct": 0.012
      }
    },
    {
      "type": "Feature",
      "id": "110",
      "geometry": {
        "coordinates": [
          [
            [
              [
                -48.445694114923754,
                -22.981689745158114
              ],
              [
                -48.445424620338514,
                -22.981689745158125
              ],
              [
                -48.445424620338514,
                -22.981959239743357
              ],
              [
                -48.445694114923754,
                -22.981959239743357
              ],
              [
                -48.445694114923754,
                -22.981689745158114
              ]
            ]
          ]
        ],
        "type": "MultiPolygon"
      },
      "properties": {
        "id": "110",
        "name": "MB 21 · Mosaico de usos · 110",
        "class": "Uso agropecuário",
        "area_ha": 0.0825,
        "reviewed": false,
        "pct": 0.006
      }
    },
    {
      "type": "Feature",
      "id": "111",
      "geometry": {
        "coordinates": [
          [
            [
              [
                -48.44946703911705,
                -22.981420250572885
              ],
              [
                -48.44892804994658,
                -22.981420250572885
              ],
              [
                -48.44892804994658,
                -22.981689745158125
              ],
              [
                -48.44838906077611,
                -22.981689745158118
              ],
              [
                -48.44838906077611,
                -22.981959239743354
              ],
              [
                -48.448658555361355,
                -22.981959239743354
              ],
              [
                -48.448658555361355,
                -22.9822287343286
              ],
              [
                -48.44946703911705,
                -22.982228734328594
              ],
              [
                -48.44946703911705,
                -22.981420250572885
              ]
            ]
          ]
        ],
        "type": "MultiPolygon"
      },
      "properties": {
        "id": "111",
        "name": "MB 21 · Mosaico de usos · 111",
        "class": "Uso agropecuário",
        "area_ha": 0.7429,
        "reviewed": false,
        "pct": 0.054
      }
    },
    {
      "type": "Feature",
      "id": "112",
      "geometry": {
        "coordinates": [
          [
            [
              [
                -48.469140143839276,
                -22.98168974515812
              ],
              [
                -48.4686011546688,
                -22.981689745158125
              ],
              [
                -48.4686011546688,
                -22.9822287343286
              ],
              [
                -48.46887064925403,
                -22.9822287343286
              ],
              [
                -48.46887064925403,
                -22.98195923974335
              ],
              [
                -48.469140143839276,
                -22.98195923974335
              ],
              [
                -48.469140143839276,
                -22.98168974515812
              ]
            ]
          ]
        ],
        "type": "MultiPolygon"
      },
      "properties": {
        "id": "112",
        "name": "MB 21 · Mosaico de usos · 112",
        "class": "Uso agropecuário",
        "area_ha": 0.2476,
        "reviewed": false,
        "pct": 0.018
      }
    },
    {
      "type": "Feature",
      "id": "113",
      "geometry": {
        "coordinates": [
          [
            [
              [
                -48.476955486811114,
                -22.982228734328604
              ],
              [
                -48.47641649764064,
                -22.98222873432859
              ],
              [
                -48.47641649764064,
                -22.98249822891383
              ],
              [
                -48.476955486811114,
                -22.98249822891383
              ],
              [
                -48.476955486811114,
                -22.982228734328604
              ]
            ]
          ]
        ],
        "type": "MultiPolygon"
      },
      "properties": {
        "id": "113",
        "name": "MB 21 · Mosaico de usos · 113",
        "class": "Uso agropecuário",
        "area_ha": 0.1651,
        "reviewed": false,
        "pct": 0.012
      }
    },
    {
      "type": "Feature",
      "id": "114",
      "geometry": {
        "coordinates": [
          [
            [
              [
                -48.4677926709131,
                -22.977377831794346
              ],
              [
                -48.46752317632785,
                -22.97737783179435
              ],
              [
                -48.46752317632785,
                -22.97764732637958
              ],
              [
                -48.466175703401674,
                -22.97764732637958
              ],
              [
                -48.466175703401674,
                -22.97737783179435
              ],
              [
                -48.465097725060744,
                -22.977377831794346
              ],
              [
                -48.465097725060744,
                -22.977647326379575
              ],
              [
                -48.46590620881645,
                -22.977647326379586
              ],
              [
                -48.46590620881645,
                -22.978186315550058
              ],
              [
                -48.465097725060744,
                -22.978186315550058
              ],
              [
                -48.465097725060744,
                -22.978725304720523
              ],
              [
                -48.46536721964597,
                -22.978725304720534
              ],
              [
                -48.46536721964597,
                -22.978455810135294
              ],
              [
                -48.465636714231216,
                -22.978455810135294
              ],
              [
                -48.465636714231216,
                -22.978725304720523
              ],
              [
                -48.46590620881645,
                -22.97872530472053
              ],
              [
                -48.46590620881645,
                -22.97953378847623
              ],
              [
                -48.46536721964597,
                -22.97953378847624
              ],
              [
                -48.46536721964597,
                -22.980072777646708
              ],
              [
                -48.465636714231216,
                -22.980072777646708
              ],
              [
                -48.465636714231216,
                -22.980342272231947
              ],
              [
                -48.46590620881645,
                -22.980342272231947
              ],
              [
                -48.46590620881645,
                -22.980611766817184
              ],
              [
                -48.466175703401674,
                -22.98061176681719
              ],
              [
                -48.466175703401674,
                -22.980881261402413
              ],
              [
                -48.46671469257215,
                -22.980881261402416
              ],
              [
                -48.46671469257215,
                -22.980611766817173
              ],
              [
                -48.466984187157394,
                -22.980611766817177
              ],
              [
                -48.466984187157394,
                -22.980342272231933
              ],
              [
                -48.467253681742626,
                -22.980342272231947
              ],
              [
                -48.467253681742626,
                -22.981150755987645
              ],
              [
                -48.466984187157394,
                -22.981150755987652
              ],
              [
                -48.466984187157394,
                -22.98142025057288
              ],
              [
                -48.467253681742626,
                -22.981420250572885
              ],
              [
                -48.467253681742626,
                -22.981689745158125
              ],
              [
                -48.4677926709131,
                -22.98168974515812
              ],
              [
                -48.4677926709131,
                -22.98195923974335
              ],
              [
                -48.46752317632785,
                -22.98195923974336
              ],
              [
                -48.46752317632785,
                -22.982498228913823
              ],
              [
                -48.4677926709131,
                -22.98249822891383
              ],
              [
                -48.4677926709131,
                -22.982767723499055
              ],
              [
                -48.46833166008357,
                -22.98276772349906
              ],
              [
                -48.46833166008357,
                -22.982498228913833
              ],
              [
                -48.4686011546688,
                -22.982498228913833
              ],
              [
                -48.4686011546688,
                -22.981689745158125
              ],
              [
                -48.469140143839276,
                -22.98168974515812
              ],
              [
                -48.469140143839276,
                -22.981150755987663
              ],
              [
                -48.46967913300975,
                -22.981150755987652
              ],
              [
                -48.46967913300975,
                -22.98088126140241
              ],
              [
                -48.4694096384245,
                -22.980881261402416
              ],
              [
                -48.4694096384245,
                -22.98034227223194
              ],
              [
                -48.469140143839276,
                -22.98034227223194
              ],
              [
                -48.469140143839276,
                -22.980072777646708
              ],
              [
                -48.4686011546688,
                -22.9800727776467
              ],
              [
                -48.4686011546688,
                -22.979803283061468
              ],
              [
                -48.469140143839276,
                -22.979803283061464
              ],
              [
                -48.469140143839276,
                -22.97953378847624
              ],
              [
                -48.46887064925403,
                -22.97953378847623
              ],
              [
                -48.46887064925403,
                -22.97899479930576
              ],
              [
                -48.4686011546688,
                -22.978994799305767
              ],
              [
                -48.4686011546688,
                -22.978455810135294
              ],
              [
                -48.46833166008357,
                -22.9784558101353
              ],
              [
                -48.46833166008357,
                -22.977916820964815
              ],
              [
                -48.468062165498324,
                -22.977916820964825
              ],
              [
                -48.468062165498324,
                -22.977647326379586
              ],
              [
                -48.4677926709131,
                -22.977647326379575
              ],
              [
                -48.4677926709131,
                -22.977377831794346
              ]
            ]
          ]
        ],
        "type": "MultiPolygon"
      },
      "properties": {
        "id": "114",
        "name": "MB 41 · Outras lavouras temporárias · 114",
        "class": "Uso agropecuário",
        "area_ha": 14.5275,
        "reviewed": false,
        "pct": 1.0551
      }
    },
    {
      "type": "Feature",
      "id": "115",
      "geometry": {
        "coordinates": [
          [
            [
              [
                -48.446233104094226,
                -22.98142025057288
              ],
              [
                -48.445963609508986,
                -22.98142025057289
              ],
              [
                -48.445963609508986,
                -22.981689745158132
              ],
              [
                -48.445694114923754,
                -22.981689745158114
              ],
              [
                -48.445694114923754,
                -22.981959239743357
              ],
              [
                -48.445424620338514,
                -22.981959239743357
              ],
              [
                -48.445424620338514,
                -22.982498228913833
              ],
              [
                -48.44515512575328,
                -22.982498228913826
              ],
              [
                -48.44515512575328,
                -22.98276772349907
              ],
              [
                -48.445694114923754,
                -22.98276772349907
              ],
              [
                -48.445694114923754,
                -22.982498228913833
              ],
              [
                -48.445963609508986,
                -22.98249822891383
              ],
              [
                -48.445963609508986,
                -22.9822287343286
              ],
              [
                -48.446233104094226,
                -22.982228734328586
              ],
              [
                -48.446233104094226,
                -22.98142025057288
              ]
            ]
          ]
        ],
        "type": "MultiPolygon"
      },
      "properties": {
        "id": "115",
        "name": "MB 3 · Formação florestal · 115",
        "class": "Vegetação nativa mapeada",
        "area_ha": 0.8254,
        "reviewed": false,
        "pct": 0.0599
      }
    },
    {
      "type": "Feature",
      "id": "116",
      "geometry": {
        "coordinates": [
          [
            [
              [
                -48.446233104094226,
                -22.980072777646715
              ],
              [
                -48.445694114923754,
                -22.9800727776467
              ],
              [
                -48.445694114923754,
                -22.98034227223193
              ],
              [
                -48.445424620338514,
                -22.98034227223194
              ],
              [
                -48.445424620338514,
                -22.980611766817177
              ],
              [
                -48.445694114923754,
                -22.980611766817173
              ],
              [
                -48.445694114923754,
                -22.981150755987645
              ],
              [
                -48.445963609508986,
                -22.981150755987652
              ],
              [
                -48.445963609508986,
                -22.98142025057289
              ],
              [
                -48.446233104094226,
                -22.98142025057288
              ],
              [
                -48.446233104094226,
                -22.982228734328586
              ],
              [
                -48.445963609508986,
                -22.9822287343286
              ],
              [
                -48.445963609508986,
                -22.98249822891383
              ],
              [
                -48.446233104094226,
                -22.982498228913833
              ],
              [
                -48.446233104094226,
                -22.98276772349907
              ],
              [
                -48.44650259867946,
                -22.98276772349906
              ],
              [
                -48.44650259867946,
                -22.982498228913823
              ],
              [
                -48.44731108243518,
                -22.982498228913826
              ],
              [
                -48.44731108243518,
                -22.982228734328594
              ],
              [
                -48.44704158784993,
                -22.98222873432859
              ],
              [
                -48.44704158784993,
                -22.981959239743357
              ],
              [
                -48.4467720932647,
                -22.981959239743357
              ],
              [
                -48.4467720932647,
                -22.981689745158125
              ],
              [
                -48.44650259867946,
                -22.981689745158125
              ],
              [
                -48.44650259867946,
                -22.980342272231947
              ],
              [
                -48.446233104094226,
                -22.980342272231947
              ],
              [
                -48.446233104094226,
                -22.980072777646715
              ]
            ]
          ]
        ],
        "type": "MultiPolygon"
      },
      "properties": {
        "id": "116",
        "name": "MB 21 · Mosaico de usos · 116",
        "class": "Uso agropecuário",
        "area_ha": 2.1461,
        "reviewed": false,
        "pct": 0.1559
      }
    },
    {
      "type": "Feature",
      "id": "117",
      "geometry": {
        "coordinates": [
          [
            [
              [
                -48.445963609508986,
                -22.98249822891383
              ],
              [
                -48.445694114923754,
                -22.982498228913833
              ],
              [
                -48.445694114923754,
                -22.98276772349907
              ],
              [
                -48.445963609508986,
                -22.98276772349907
              ],
              [
                -48.445963609508986,
                -22.98249822891383
              ]
            ]
          ]
        ],
        "type": "MultiPolygon"
      },
      "properties": {
        "id": "117",
        "name": "MB 21 · Mosaico de usos · 117",
        "class": "Uso agropecuário",
        "area_ha": 0.0825,
        "reviewed": false,
        "pct": 0.006
      }
    },
    {
      "type": "Feature",
      "id": "118",
      "geometry": {
        "coordinates": [
          [
            [
              [
                -48.469948627594974,
                -22.981150755987652
              ],
              [
                -48.46967913300975,
                -22.981150755987652
              ],
              [
                -48.46967913300975,
                -22.981959239743347
              ],
              [
                -48.4694096384245,
                -22.98195923974335
              ],
              [
                -48.4694096384245,
                -22.9830372180843
              ],
              [
                -48.46967913300975,
                -22.983037218084302
              ],
              [
                -48.46967913300975,
                -22.982228734328604
              ],
              [
                -48.469948627594974,
                -22.982228734328586
              ],
              [
                -48.469948627594974,
                -22.981150755987652
              ]
            ]
          ]
        ],
        "type": "MultiPolygon"
      },
      "properties": {
        "id": "118",
        "name": "MB 41 · Outras lavouras temporárias · 118",
        "class": "Uso agropecuário",
        "area_ha": 0.6603,
        "reviewed": false,
        "pct": 0.048
      }
    },
    {
      "type": "Feature",
      "id": "119",
      "geometry": {
        "coordinates": [
          [
            [
              [
                -48.47749447598159,
                -22.982228734328597
              ],
              [
                -48.476955486811114,
                -22.982228734328604
              ],
              [
                -48.476955486811114,
                -22.98249822891383
              ],
              [
                -48.47641649764064,
                -22.98249822891383
              ],
              [
                -48.47641649764064,
                -22.98303721808429
              ],
              [
                -48.477224981396354,
                -22.983037218084302
              ],
              [
                -48.477224981396354,
                -22.982767723499066
              ],
              [
                -48.47749447598159,
                -22.982767723499062
              ],
              [
                -48.47749447598159,
                -22.982228734328597
              ]
            ]
          ]
        ],
        "type": "MultiPolygon"
      },
      "properties": {
        "id": "119",
        "name": "MB 3 · Formação florestal · 119",
        "class": "Vegetação nativa mapeada",
        "area_ha": 0.7429,
        "reviewed": false,
        "pct": 0.054
      }
    },
    {
      "type": "Feature",
      "id": "120",
      "geometry": {
        "coordinates": [
          [
            [
              [
                -48.480728411004414,
                -22.97090996174869
              ],
              [
                -48.48018942183394,
                -22.970909961748692
              ],
              [
                -48.48018942183394,
                -22.97117945633393
              ],
              [
                -48.47991992724871,
                -22.971179456333925
              ],
              [
                -48.47991992724871,
                -22.971448950919164
              ],
              [
                -48.479111443493,
                -22.971448950919164
              ],
              [
                -48.479111443493,
                -22.971987940089633
              ],
              [
                -48.47884194890778,
                -22.971987940089633
              ],
              [
                -48.47884194890778,
                -22.972257434674873
              ],
              [
                -48.478572454322524,
                -22.972257434674873
              ],
              [
                -48.478572454322524,
                -22.972526929260106
              ],
              [
                -48.478302959737306,
                -22.9725269292601
              ],
              [
                -48.478302959737306,
                -22.972796423845345
              ],
              [
                -48.47803346515206,
                -22.97279642384534
              ],
              [
                -48.47803346515206,
                -22.97306591843058
              ],
              [
                -48.477224981396354,
                -22.973065918430574
              ],
              [
                -48.477224981396354,
                -22.973335413015818
              ],
              [
                -48.47776397056683,
                -22.973335413015803
              ],
              [
                -48.47776397056683,
                -22.97360490760105
              ],
              [
                -48.47749447598159,
                -22.97360490760104
              ],
              [
                -48.47749447598159,
                -22.973874402186283
              ],
              [
                -48.477224981396354,
                -22.973874402186286
              ],
              [
                -48.477224981396354,
                -22.97414389677152
              ],
              [
                -48.47641649764064,
                -22.974143896771515
              ],
              [
                -48.47641649764064,
                -22.974952380527228
              ],
              [
                -48.47614700305541,
                -22.974952380527235
              ],
              [
                -48.47614700305541,
                -22.975221875112457
              ],
              [
                -48.47560801388494,
                -22.97522187511244
              ],
              [
                -48.47560801388494,
                -22.975760864282936
              ],
              [
                -48.4753385192997,
                -22.97576086428293
              ],
              [
                -48.4753385192997,
                -22.976030358868165
              ],
              [
                -48.475069024714465,
                -22.97603035886816
              ],
              [
                -48.475069024714465,
                -22.976299853453412
              ],
              [
                -48.474799530129225,
                -22.9762998534534
              ],
              [
                -48.474799530129225,
                -22.976569348038645
              ],
              [
                -48.47453003554399,
                -22.976569348038637
              ],
              [
                -48.47453003554399,
                -22.976838842623874
              ],
              [
                -48.47426054095875,
                -22.976838842623874
              ],
              [
                -48.47426054095875,
                -22.977108337209113
              ],
              [
                -48.47399104637352,
                -22.977108337209117
              ],
              [
                -48.47399104637352,
                -22.977377831794346
              ],
              [
                -48.47345205720305,
                -22.977377831794346
              ],
              [
                -48.47345205720305,
                -22.977916820964815
              ],
              [
                -48.47318256261781,
                -22.977916820964804
              ],
              [
                -48.47318256261781,
                -22.978186315550058
              ],
              [
                -48.472913068032575,
                -22.978186315550058
              ],
              [
                -48.472913068032575,
                -22.97845581013529
              ],
              [
                -48.47264357344733,
                -22.978455810135294
              ],
              [
                -48.47264357344733,
                -22.97872530472053
              ],
              [
                -48.4723740788621,
                -22.97872530472053
              ],
              [
                -48.4723740788621,
                -22.978994799305774
              ],
              [
                -48.472104584276856,
                -22.978994799305777
              ],
              [
                -48.472104584276856,
                -22.979264293890996
              ],
              [
                -48.47183508969163,
                -22.979264293891006
              ],
              [
                -48.47183508969163,
                -22.97953378847623
              ],
              [
                -48.4715655951064,
                -22.97953378847623
              ],
              [
                -48.4715655951064,
                -22.97980328306147
              ],
              [
                -48.47129610052115,
                -22.979803283061464
              ],
              [
                -48.47129610052115,
                -22.98034227223194
              ],
              [
                -48.47075711135068,
                -22.980342272231944
              ],
              [
                -48.47075711135068,
                -22.980611766817173
              ],
              [
                -48.47048761676545,
                -22.980611766817173
              ],
              [
                -48.47048761676545,
                -22.98088126140242
              ],
              [
                -48.470218122180206,
                -22.980881261402406
              ],
              [
                -48.470218122180206,
                -22.981150755987652
              ],
              [
                -48.469948627594974,
                -22.981150755987652
              ],
              [
                -48.469948627594974,
                -22.982228734328586
              ],
              [
                -48.46967913300975,
                -22.982228734328604
              ],
              [
                -48.46967913300975,
                -22.983037218084302
              ],
              [
                -48.4694096384245,
                -22.9830372180843
              ],
              [
                -48.4694096384245,
                -22.982767723499062
              ],
              [
                -48.469140143839276,
                -22.982767723499066
              ],
              [
                -48.469140143839276,
                -22.98357620725477
              ],
              [
                -48.4694096384245,
                -22.983576207254774
              ],
              [
                -48.4694096384245,
                -22.98330671266954
              ],
              [
                -48.470218122180206,
                -22.983306712669528
              ],
              [
                -48.470218122180206,
                -22.9830372180843
              ],
              [
                -48.47048761676545,
                -22.98303721808429
              ],
              [
                -48.47048761676545,
                -22.982498228913826
              ],
              [
                -48.470218122180206,
                -22.982498228913833
              ],
              [
                -48.470218122180206,
                -22.98142025057288
              ],
              [
                -48.47048761676545,
                -22.981420250572885
              ],
              [
                -48.47048761676545,
                -22.981150755987663
              ],
              [
                -48.47075711135068,
                -22.981150755987652
              ],
              [
                -48.47075711135068,
                -22.980881261402413
              ],
              [
                -48.471026605935926,
                -22.980881261402413
              ],
              [
                -48.471026605935926,
                -22.980611766817173
              ],
              [
                -48.4715655951064,
                -22.980611766817184
              ],
              [
                -48.4715655951064,
                -22.980342272231947
              ],
              [
                -48.47183508969163,
                -22.98034227223194
              ],
              [
                -48.47183508969163,
                -22.980072777646715
              ],
              [
                -48.472104584276856,
                -22.980072777646715
              ],
              [
                -48.472104584276856,
                -22.979533788476225
              ],
              [
                -48.47264357344733,
                -22.979533788476235
              ],
              [
                -48.47264357344733,
                -22.978994799305756
              ],
              [
                -48.472913068032575,
                -22.978994799305745
              ],
              [
                -48.472913068032575,
                -22.978725304720513
              ],
              [
                -48.47318256261781,
                -22.978725304720516
              ],
              [
                -48.47318256261781,
                -22.978455810135284
              ],
              [
                -48.47345205720305,
                -22.978455810135294
              ],
              [
                -48.47345205720305,
                -22.978186315550055
              ],
              [
                -48.47372155178828,
                -22.978186315550055
              ],
              [
                -48.47372155178828,
                -22.977916820964822
              ],
              [
                -48.47426054095875,
                -22.97791682096481
              ],
              [
                -48.47426054095875,
                -22.977647326379582
              ],
              [
                -48.47453003554399,
                -22.977647326379586
              ],
              [
                -48.47453003554399,
                -22.977108337209113
              ],
              [
                -48.474799530129225,
                -22.977108337209113
              ],
              [
                -48.474799530129225,
                -22.976838842623874
              ],
              [
                -48.475069024714465,
                -22.97683884262387
              ],
              [
                -48.475069024714465,
                -22.97656934803864
              ],
              [
                -48.4753385192997,
                -22.976569348038645
              ],
              [
                -48.4753385192997,
                -22.976299853453405
              ],
              [
                -48.47560801388494,
                -22.976299853453412
              ],
              [
                -48.47560801388494,
                -22.976030358868172
              ],
              [
                -48.47587750847017,
                -22.976030358868172
              ],
              [
                -48.47587750847017,
                -22.97576086428293
              ],
              [
                -48.47614700305541,
                -22.975760864282936
              ],
              [
                -48.47614700305541,
                -22.9754913696977
              ],
              [
                -48.47641649764064,
                -22.975491369697696
              ],
              [
                -48.47641649764064,
                -22.975221875112464
              ],
              [
                -48.476955486811114,
                -22.975221875112464
              ],
              [
                -48.476955486811114,
                -22.974952380527228
              ],
              [
                -48.477224981396354,
                -22.974952380527228
              ],
              [
                -48.477224981396354,
                -22.97468288594199
              ],
              [
                -48.47749447598159,
                -22.974682885941988
              ],
              [
                -48.47749447598159,
                -22.97441339135675
              ],
              [
                -48.47776397056683,
                -22.974413391356762
              ],
              [
                -48.47776397056683,
                -22.97387440218628
              ],
              [
                -48.47803346515206,
                -22.97387440218629
              ],
              [
                -48.47803346515206,
                -22.973604907601036
              ],
              [
                -48.478302959737306,
                -22.973604907601043
              ],
              [
                -48.478302959737306,
                -22.973335413015825
              ],
              [
                -48.478572454322524,
                -22.973335413015818
              ],
              [
                -48.478572454322524,
                -22.973065918430578
              ],
              [
                -48.47884194890778,
                -22.97306591843058
              ],
              [
                -48.47884194890778,
                -22.97279642384534
              ],
              [
                -48.479111443493,
                -22.972796423845352
              ],
              [
                -48.479111443493,
                -22.97252692926011
              ],
              [
                -48.479380938078236,
                -22.9725269292601
              ],
              [
                -48.479380938078236,
                -22.97225743467487
              ],
              [
                -48.47991992724871,
                -22.972257434674876
              ],
              [
                -48.47991992724871,
                -22.971718445504386
              ],
              [
                -48.48018942183394,
                -22.971718445504404
              ],
              [
                -48.48018942183394,
                -22.971448950919164
              ],
              [
                -48.48045891641919,
                -22.971448950919164
              ],
              [
                -48.48045891641919,
                -22.971179456333918
              ],
              [
                -48.480728411004414,
                -22.971179456333925
              ],
              [
                -48.480728411004414,
                -22.97090996174869
              ]
            ]
          ]
        ],
        "type": "MultiPolygon"
      },
      "properties": {
        "id": "120",
        "name": "MB 21 · Mosaico de usos · 120",
        "class": "Uso agropecuário",
        "area_ha": 9.9053,
        "reviewed": false,
        "pct": 0.7194
      }
    },
    {
      "type": "Feature",
      "id": "121",
      "geometry": {
        "coordinates": [
          [
            [
              [
                -48.47075711135068,
                -22.9830372180843
              ],
              [
                -48.47048761676545,
                -22.98303721808429
              ],
              [
                -48.47048761676545,
                -22.983576207254778
              ],
              [
                -48.47075711135068,
                -22.983576207254764
              ],
              [
                -48.47075711135068,
                -22.9830372180843
              ]
            ]
          ]
        ],
        "type": "MultiPolygon"
      },
      "properties": {
        "id": "121",
        "name": "MB 21 · Mosaico de usos · 121",
        "class": "Uso agropecuário",
        "area_ha": 0.1651,
        "reviewed": false,
        "pct": 0.012
      }
    },
    {
      "type": "Feature",
      "id": "122",
      "geometry": {
        "coordinates": [
          [
            [
              [
                -48.477224981396354,
                -22.983306712669535
              ],
              [
                -48.476955486811114,
                -22.98330671266953
              ],
              [
                -48.476955486811114,
                -22.98357620725477
              ],
              [
                -48.477224981396354,
                -22.98357620725477
              ],
              [
                -48.477224981396354,
                -22.983306712669535
              ]
            ]
          ]
        ],
        "type": "MultiPolygon"
      },
      "properties": {
        "id": "122",
        "name": "MB 15 · Pastagem · 122",
        "class": "Uso agropecuário",
        "area_ha": 0.0825,
        "reviewed": false,
        "pct": 0.006
      }
    },
    {
      "type": "Feature",
      "id": "123",
      "geometry": {
        "coordinates": [
          [
            [
              [
                -48.48153689476012,
                -22.982498228913826
              ],
              [
                -48.481267400174886,
                -22.98249822891382
              ],
              [
                -48.481267400174886,
                -22.983845701840007
              ],
              [
                -48.48153689476012,
                -22.983845701839993
              ],
              [
                -48.48153689476012,
                -22.982498228913826
              ]
            ]
          ]
        ],
        "type": "MultiPolygon"
      },
      "properties": {
        "id": "123",
        "name": "MB 21 · Mosaico de usos · 123",
        "class": "Uso agropecuário",
        "area_ha": 0.4127,
        "reviewed": false,
        "pct": 0.03
      }
    },
    {
      "type": "Feature",
      "id": "124",
      "geometry": {
        "coordinates": [
          [
            [
              [
                -48.47641649764064,
                -22.98303721808429
              ],
              [
                -48.47587750847017,
                -22.983037218084295
              ],
              [
                -48.47587750847017,
                -22.983845701840007
              ],
              [
                -48.47614700305541,
                -22.983845701840014
              ],
              [
                -48.47614700305541,
                -22.983576207254774
              ],
              [
                -48.47641649764064,
                -22.983576207254767
              ],
              [
                -48.47641649764064,
                -22.98303721808429
              ]
            ]
          ]
        ],
        "type": "MultiPolygon"
      },
      "properties": {
        "id": "124",
        "name": "MB 15 · Pastagem · 124",
        "class": "Uso agropecuário",
        "area_ha": 0.4127,
        "reviewed": false,
        "pct": 0.03
      }
    },
    {
      "type": "Feature",
      "id": "125",
      "geometry": {
        "coordinates": [
          [
            [
              [
                -48.47075711135068,
                -22.983576207254764
              ],
              [
                -48.47048761676545,
                -22.983576207254778
              ],
              [
                -48.47048761676545,
                -22.983845701840014
              ],
              [
                -48.47075711135068,
                -22.983845701840007
              ],
              [
                -48.47075711135068,
                -22.983576207254764
              ]
            ]
          ]
        ],
        "type": "MultiPolygon"
      },
      "properties": {
        "id": "125",
        "name": "MB 41 · Outras lavouras temporárias · 125",
        "class": "Uso agropecuário",
        "area_ha": 0.0825,
        "reviewed": false,
        "pct": 0.006
      }
    },
    {
      "type": "Feature",
      "id": "126",
      "geometry": {
        "coordinates": [
          [
            [
              [
                -48.47048761676545,
                -22.983576207254778
              ],
              [
                -48.470218122180206,
                -22.983576207254764
              ],
              [
                -48.470218122180206,
                -22.983845701840004
              ],
              [
                -48.47048761676545,
                -22.983845701840014
              ],
              [
                -48.47048761676545,
                -22.983576207254778
              ]
            ]
          ]
        ],
        "type": "MultiPolygon"
      },
      "properties": {
        "id": "126",
        "name": "MB 21 · Mosaico de usos · 126",
        "class": "Uso agropecuário",
        "area_ha": 0.0825,
        "reviewed": false,
        "pct": 0.006
      }
    },
    {
      "type": "Feature",
      "id": "127",
      "geometry": {
        "coordinates": [
          [
            [
              [
                -48.43938440722145,
                -22.98384570189566
              ],
              [
                -48.43949573946332,
                -22.98384570184
              ],
              [
                -48.43949573946332,
                -22.984115196425247
              ],
              [
                -48.44030422321904,
                -22.98411519642525
              ],
              [
                -48.44030422321904,
                -22.98303721808429
              ],
              [
                -48.44057371780427,
                -22.983037218084302
              ],
              [
                -48.44057371780427,
                -22.98276772349907
              ],
              [
                -48.4400347286338,
                -22.982767723499073
              ],
              [
                -48.4400347286338,
                -22.982498228913833
              ],
              [
                -48.439765234048565,
                -22.98249822891383
              ],
              [
                -48.439765234048565,
                -22.982228734328594
              ],
              [
                -48.4400347286338,
                -22.982228734328594
              ],
              [
                -48.4400347286338,
                -22.981689745158132
              ],
              [
                -48.44030422321904,
                -22.98168974515813
              ],
              [
                -48.44030422321904,
                -22.98115075598766
              ],
              [
                -48.4400347286338,
                -22.98115075598765
              ],
              [
                -48.4400347286338,
                -22.980881261402406
              ],
              [
                -48.439765234048565,
                -22.980881261402413
              ],
              [
                -48.439765234048565,
                -22.980342272231944
              ],
              [
                -48.43949573946332,
                -22.98034227223194
              ],
              [
                -48.43949573946332,
                -22.980072777646708
              ],
              [
                -48.43922624487809,
                -22.980072777646708
              ],
              [
                -48.43922624487809,
                -22.979803283061482
              ],
              [
                -48.438956750292846,
                -22.979803283061464
              ],
              [
                -48.438956750292846,
                -22.980072777646722
              ],
              [
                -48.43868725570762,
                -22.980072777646715
              ],
              [
                -48.43868725570762,
                -22.980342272231944
              ],
              [
                -48.43838347614878,
                -22.980342272457733
              ],
              [
                -48.439076423758195,
                -22.982767723555725
              ],
              [
                -48.43922624487809,
                -22.982767723499062
              ],
              [
                -48.43922624488106,
                -22.98329211691456
              ],
              [
                -48.43923041495728,
                -22.983306712673027
              ],
              [
                -48.43949573946332,
                -22.983306712669545
              ],
              [
                -48.43949573946332,
                -22.98357620725477
              ],
              [
                -48.43930741096535,
                -22.983576207303084
              ],
              [
                -48.43938440722145,
                -22.98384570189566
              ]
            ]
          ]
        ],
        "type": "MultiPolygon"
      },
      "properties": {
        "id": "127",
        "name": "MB 21 · Mosaico de usos · 127",
        "class": "Uso agropecuário",
        "area_ha": 5.3761,
        "reviewed": false,
        "pct": 0.3905
      }
    },
    {
      "type": "Feature",
      "id": "128",
      "geometry": {
        "coordinates": [
          [
            [
              [
                -48.456204403747954,
                -22.98330671266953
              ],
              [
                -48.455934909162714,
                -22.983306712669535
              ],
              [
                -48.455934909162714,
                -22.983576207254764
              ],
              [
                -48.455395919992235,
                -22.98357620725477
              ],
              [
                -48.455395919992235,
                -22.98384570184001
              ],
              [
                -48.45566541457748,
                -22.98384570184
              ],
              [
                -48.45566541457748,
                -22.984115196425243
              ],
              [
                -48.456204403747954,
                -22.98411519642525
              ],
              [
                -48.456204403747954,
                -22.98330671266953
              ]
            ]
          ]
        ],
        "type": "MultiPolygon"
      },
      "properties": {
        "id": "128",
        "name": "MB 39 · Soja · 128",
        "class": "Uso agropecuário",
        "area_ha": 0.4953,
        "reviewed": false,
        "pct": 0.036
      }
    },
    {
      "type": "Feature",
      "id": "129",
      "geometry": {
        "coordinates": [
          [
            [
              [
                -48.46644519798692,
                -22.983306712669542
              ],
              [
                -48.466175703401674,
                -22.98330671266954
              ],
              [
                -48.466175703401674,
                -22.984115196425247
              ],
              [
                -48.46671469257215,
                -22.984115196425254
              ],
              [
                -48.46671469257215,
                -22.983576207254774
              ],
              [
                -48.46644519798692,
                -22.983576207254774
              ],
              [
                -48.46644519798692,
                -22.983306712669542
              ]
            ]
          ]
        ],
        "type": "MultiPolygon"
      },
      "properties": {
        "id": "129",
        "name": "MB 15 · Pastagem · 129",
        "class": "Uso agropecuário",
        "area_ha": 0.4127,
        "reviewed": false,
        "pct": 0.03
      }
    },
    {
      "type": "Feature",
      "id": "130",
      "geometry": {
        "coordinates": [
          [
            [
              [
                -48.47048761676545,
                -22.983845701840014
              ],
              [
                -48.470218122180206,
                -22.983845701840004
              ],
              [
                -48.470218122180206,
                -22.98411519642525
              ],
              [
                -48.47048761676545,
                -22.984115196425243
              ],
              [
                -48.47048761676545,
                -22.983845701840014
              ]
            ]
          ]
        ],
        "type": "MultiPolygon"
      },
      "properties": {
        "id": "130",
        "name": "MB 41 · Outras lavouras temporárias · 130",
        "class": "Uso agropecuário",
        "area_ha": 0.0825,
        "reviewed": false,
        "pct": 0.006
      }
    },
    {
      "type": "Feature",
      "id": "131",
      "geometry": {
        "coordinates": [
          [
            [
              [
                -48.45216198496941,
                -22.98384570184
              ],
              [
                -48.45189249038418,
                -22.98384570184
              ],
              [
                -48.45189249038418,
                -22.984115196425243
              ],
              [
                -48.45216198496941,
                -22.984115196425236
              ],
              [
                -48.45216198496941,
                -22.98384570184
              ]
            ]
          ]
        ],
        "type": "MultiPolygon"
      },
      "properties": {
        "id": "131",
        "name": "MB 21 · Mosaico de usos · 131",
        "class": "Uso agropecuário",
        "area_ha": 0.0825,
        "reviewed": false,
        "pct": 0.006
      }
    },
    {
      "type": "Feature",
      "id": "132",
      "geometry": {
        "coordinates": [
          [
            [
              [
                -48.44461613658281,
                -22.983845701840014
              ],
              [
                -48.444346641997576,
                -22.98384570184001
              ],
              [
                -48.444346641997576,
                -22.984115196425257
              ],
              [
                -48.44461613658281,
                -22.984115196425243
              ],
              [
                -48.44461613658281,
                -22.983845701840014
              ]
            ]
          ]
        ],
        "type": "MultiPolygon"
      },
      "properties": {
        "id": "132",
        "name": "MB 21 · Mosaico de usos · 132",
        "class": "Uso agropecuário",
        "area_ha": 0.0825,
        "reviewed": false,
        "pct": 0.006
      }
    },
    {
      "type": "Feature",
      "id": "133",
      "geometry": {
        "coordinates": [
          [
            [
              [
                -48.46967913300975,
                -22.981420250572892
              ],
              [
                -48.4694096384245,
                -22.981420250572896
              ],
              [
                -48.4694096384245,
                -22.98168974515812
              ],
              [
                -48.469140143839276,
                -22.98168974515812
              ],
              [
                -48.469140143839276,
                -22.98195923974335
              ],
              [
                -48.46887064925403,
                -22.98195923974335
              ],
              [
                -48.46887064925403,
                -22.9822287343286
              ],
              [
                -48.4686011546688,
                -22.9822287343286
              ],
              [
                -48.4686011546688,
                -22.982498228913833
              ],
              [
                -48.46833166008357,
                -22.982498228913833
              ],
              [
                -48.46833166008357,
                -22.98276772349906
              ],
              [
                -48.4677926709131,
                -22.982767723499055
              ],
              [
                -48.4677926709131,
                -22.983037218084302
              ],
              [
                -48.46752317632785,
                -22.983037218084302
              ],
              [
                -48.46752317632785,
                -22.983306712669545
              ],
              [
                -48.467253681742626,
                -22.983306712669542
              ],
              [
                -48.467253681742626,
                -22.98357620725477
              ],
              [
                -48.466984187157394,
                -22.983576207254774
              ],
              [
                -48.466984187157394,
                -22.984115196425243
              ],
              [
                -48.467253681742626,
                -22.98411519642524
              ],
              [
                -48.467253681742626,
                -22.984384691010483
              ],
              [
                -48.46752317632785,
                -22.98438469101048
              ],
              [
                -48.46752317632785,
                -22.984115196425247
              ],
              [
                -48.4677926709131,
                -22.984115196425236
              ],
              [
                -48.4677926709131,
                -22.98384570184
              ],
              [
                -48.468062165498324,
                -22.98384570183999
              ],
              [
                -48.468062165498324,
                -22.98357620725477
              ],
              [
                -48.4686011546688,
                -22.983576207254774
              ],
              [
                -48.4686011546688,
                -22.983306712669542
              ],
              [
                -48.46887064925403,
                -22.98330671266954
              ],
              [
                -48.46887064925403,
                -22.983037218084306
              ],
              [
                -48.469140143839276,
                -22.983037218084306
              ],
              [
                -48.469140143839276,
                -22.982767723499066
              ],
              [
                -48.4694096384245,
                -22.982767723499062
              ],
              [
                -48.4694096384245,
                -22.98195923974335
              ],
              [
                -48.46967913300975,
                -22.981959239743347
              ],
              [
                -48.46967913300975,
                -22.981420250572892
              ]
            ]
          ]
        ],
        "type": "MultiPolygon"
      },
      "properties": {
        "id": "133",
        "name": "MB 39 · Soja · 133",
        "class": "Uso agropecuário",
        "area_ha": 2.8889,
        "reviewed": false,
        "pct": 0.2098
      }
    },
    {
      "type": "Feature",
      "id": "134",
      "geometry": {
        "coordinates": [
          [
            [
              [
                -48.4384884247319,
                -22.978725304764925
              ],
              [
                -48.43868725570762,
                -22.978725304720527
              ],
              [
                -48.43868725571447,
                -22.97861347932954
              ],
              [
                -48.4384884247319,
                -22.978725304764925
              ]
            ]
          ]
        ],
        "type": "MultiPolygon"
      },
      "properties": {
        "id": "134",
        "name": "MB 9 · Silvicultura · 134",
        "class": "Silvicultura mapeada",
        "area_ha": 0.0126,
        "reviewed": false,
        "pct": 0.0009
      }
    },
    {
      "type": "Feature",
      "id": "135",
      "geometry": {
        "coordinates": [
          [
            [
              [
                -48.43830648320942,
                -22.980072777702343
              ],
              [
                -48.43841776112239,
                -22.98007277764671
              ],
              [
                -48.43841776112239,
                -22.979533788476235
              ],
              [
                -48.43868725570762,
                -22.97953378847623
              ],
              [
                -48.43868725570762,
                -22.979264293890996
              ],
              [
                -48.43841776112239,
                -22.979264293890996
              ],
              [
                -48.43841776113009,
                -22.97876504689218
              ],
              [
                -48.438,
                -22.979
              ],
              [
                -48.43830648320942,
                -22.980072777702343
              ]
            ]
          ]
        ],
        "type": "MultiPolygon"
      },
      "properties": {
        "id": "135",
        "name": "MB 9 · Silvicultura · 135",
        "class": "Silvicultura mapeada",
        "area_ha": 0.4609,
        "reviewed": false,
        "pct": 0.0335
      }
    },
    {
      "type": "Feature",
      "id": "136",
      "geometry": {
        "coordinates": [
          [
            [
              [
                -48.47776397056683,
                -22.983576207254774
              ],
              [
                -48.477224981396354,
                -22.98357620725477
              ],
              [
                -48.477224981396354,
                -22.98411519642524
              ],
              [
                -48.47749447598159,
                -22.984115196425243
              ],
              [
                -48.47749447598159,
                -22.984384691010472
              ],
              [
                -48.47803346515206,
                -22.98438469101048
              ],
              [
                -48.47803346515206,
                -22.983845701839993
              ],
              [
                -48.47776397056683,
                -22.983845701840004
              ],
              [
                -48.47776397056683,
                -22.983576207254774
              ]
            ]
          ]
        ],
        "type": "MultiPolygon"
      },
      "properties": {
        "id": "136",
        "name": "MB 15 · Pastagem · 136",
        "class": "Uso agropecuário",
        "area_ha": 0.5778,
        "reviewed": false,
        "pct": 0.042
      }
    },
    {
      "type": "Feature",
      "id": "137",
      "geometry": {
        "coordinates": [
          [
            [
              [
                -48.47749447598159,
                -22.984115196425243
              ],
              [
                -48.477224981396354,
                -22.98411519642524
              ],
              [
                -48.477224981396354,
                -22.984384691010476
              ],
              [
                -48.47749447598159,
                -22.984384691010472
              ],
              [
                -48.47749447598159,
                -22.984115196425243
              ]
            ]
          ]
        ],
        "type": "MultiPolygon"
      },
      "properties": {
        "id": "137",
        "name": "MB 21 · Mosaico de usos · 137",
        "class": "Uso agropecuário",
        "area_ha": 0.0825,
        "reviewed": false,
        "pct": 0.006
      }
    },
    {
      "type": "Feature",
      "id": "138",
      "geometry": {
        "coordinates": [
          [
            [
              [
                -48.46833166008357,
                -22.98411519642524
              ],
              [
                -48.468062165498324,
                -22.984115196425247
              ],
              [
                -48.468062165498324,
                -22.984384691010483
              ],
              [
                -48.46833166008357,
                -22.984384691010476
              ],
              [
                -48.46833166008357,
                -22.98411519642524
              ]
            ]
          ]
        ],
        "type": "MultiPolygon"
      },
      "properties": {
        "id": "138",
        "name": "MB 21 · Mosaico de usos · 138",
        "class": "Uso agropecuário",
        "area_ha": 0.0825,
        "reviewed": false,
        "pct": 0.006
      }
    },
    {
      "type": "Feature",
      "id": "139",
      "geometry": {
        "coordinates": [
          [
            [
              [
                -48.44946703911705,
                -22.981420250572885
              ],
              [
                -48.44946703911705,
                -22.980881261402406
              ],
              [
                -48.45000602828753,
                -22.980881261402406
              ],
              [
                -48.45000602828753,
                -22.980072777646708
              ],
              [
                -48.4497365337023,
                -22.980072777646708
              ],
              [
                -48.4497365337023,
                -22.980342272231937
              ],
              [
                -48.44946703911705,
                -22.980342272231933
              ],
              [
                -48.44946703911705,
                -22.98061176681717
              ],
              [
                -48.44919754453183,
                -22.98061176681718
              ],
              [
                -48.44919754453183,
                -22.98088126140241
              ],
              [
                -48.44892804994658,
                -22.98088126140241
              ],
              [
                -48.44892804994658,
                -22.981150755987652
              ],
              [
                -48.44838906077611,
                -22.981150755987645
              ],
              [
                -48.44838906077611,
                -22.98142025057289
              ],
              [
                -48.448119566190876,
                -22.98142025057288
              ],
              [
                -48.448119566190876,
                -22.98195923974335
              ],
              [
                -48.44785007160565,
                -22.981959239743347
              ],
              [
                -48.44785007160565,
                -22.982228734328604
              ],
              [
                -48.44731108243518,
                -22.982228734328594
              ],
              [
                -48.44731108243518,
                -22.982498228913826
              ],
              [
                -48.44650259867946,
                -22.982498228913823
              ],
              [
                -48.44650259867946,
                -22.98276772349906
              ],
              [
                -48.446233104094226,
                -22.98276772349907
              ],
              [
                -48.446233104094226,
                -22.982498228913833
              ],
              [
                -48.445963609508986,
                -22.98249822891383
              ],
              [
                -48.445963609508986,
                -22.98276772349907
              ],
              [
                -48.44515512575328,
                -22.98276772349907
              ],
              [
                -48.44515512575328,
                -22.982498228913826
              ],
              [
                -48.445424620338514,
                -22.982498228913833
              ],
              [
                -48.445424620338514,
                -22.981150755987652
              ],
              [
                -48.445694114923754,
                -22.981150755987645
              ],
              [
                -48.445694114923754,
                -22.980611766817173
              ],
              [
                -48.445424620338514,
                -22.980611766817177
              ],
              [
                -48.445424620338514,
                -22.98034227223194
              ],
              [
                -48.44326866365663,
                -22.980342272231944
              ],
              [
                -48.44326866365663,
                -22.980072777646715
              ],
              [
                -48.44299916907139,
                -22.98007277764671
              ],
              [
                -48.44299916907139,
                -22.97980328306146
              ],
              [
                -48.44272967448616,
                -22.97980328306148
              ],
              [
                -48.44272967448616,
                -22.979533788476235
              ],
              [
                -48.44246017990092,
                -22.979533788476232
              ],
              [
                -48.44246017990092,
                -22.979803283061468
              ],
              [
                -48.441921190730454,
                -22.979803283061464
              ],
              [
                -48.441921190730454,
                -22.9800727776467
              ],
              [
                -48.44138220155998,
                -22.980072777646715
              ],
              [
                -48.44138220155998,
                -22.98034227223195
              ],
              [
                -48.44111270697474,
                -22.980342272231944
              ],
              [
                -48.44111270697474,
                -22.980881261402416
              ],
              [
                -48.44084321238951,
                -22.980881261402406
              ],
              [
                -48.44084321238951,
                -22.98115075598765
              ],
              [
                -48.44111270697474,
                -22.98115075598766
              ],
              [
                -48.44111270697474,
                -22.981959239743347
              ],
              [
                -48.44138220155998,
                -22.981959239743354
              ],
              [
                -48.44138220155998,
                -22.982228734328586
              ],
              [
                -48.441651696145215,
                -22.982228734328597
              ],
              [
                -48.441651696145215,
                -22.982767723499066
              ],
              [
                -48.44299916907139,
                -22.98276772349906
              ],
              [
                -48.44299916907139,
                -22.983037218084302
              ],
              [
                -48.44326866365663,
                -22.983037218084302
              ],
              [
                -48.44326866365663,
                -22.983306712669535
              ],
              [
                -48.443807652827104,
                -22.98330671266954
              ],
              [
                -48.443807652827104,
                -22.98357620725477
              ],
              [
                -48.44407714741234,
                -22.983576207254774
              ],
              [
                -48.44407714741234,
                -22.98384570184
              ],
              [
                -48.44461613658281,
                -22.983845701840014
              ],
              [
                -48.44461613658281,
                -22.984115196425243
              ],
              [
                -48.44488563116805,
                -22.98411519642525
              ],
              [
                -48.44488563116805,
                -22.984384691010476
              ],
              [
                -48.44515512575328,
                -22.984384691010483
              ],
              [
                -48.44515512575328,
                -22.98465418559572
              ],
              [
                -48.44838906077611,
                -22.98465418559571
              ],
              [
                -48.44838906077611,
                -22.984384691010487
              ],
              [
                -48.44946703911705,
                -22.984384691010476
              ],
              [
                -48.44946703911705,
                -22.984115196425257
              ],
              [
                -48.45000602828753,
                -22.984115196425247
              ],
              [
                -48.45000602828753,
                -22.984384691010476
              ],
              [
                -48.45027552287276,
                -22.984384691010476
              ],
              [
                -48.45027552287276,
                -22.984115196425254
              ],
              [
                -48.45189249038418,
                -22.984115196425243
              ],
              [
                -48.45189249038418,
                -22.984384691010483
              ],
              [
                -48.452431479554654,
                -22.984384691010472
              ],
              [
                -48.452431479554654,
                -22.98411519642525
              ],
              [
                -48.45297046872511,
                -22.98411519642525
              ],
              [
                -48.45297046872511,
                -22.98384570184
              ],
              [
                -48.45323996331036,
                -22.983845701840004
              ],
              [
                -48.45323996331036,
                -22.983576207254764
              ],
              [
                -48.45297046872511,
                -22.983576207254764
              ],
              [
                -48.45297046872511,
                -22.983306712669535
              ],
              [
                -48.45270097413988,
                -22.983306712669535
              ],
              [
                -48.45270097413988,
                -22.983037218084295
              ],
              [
                -48.452431479554654,
                -22.98303721808429
              ],
              [
                -48.452431479554654,
                -22.98249822891383
              ],
              [
                -48.45216198496941,
                -22.982498228913823
              ],
              [
                -48.45216198496941,
                -22.9822287343286
              ],
              [
                -48.45189249038418,
                -22.982228734328594
              ],
              [
                -48.45189249038418,
                -22.981959239743347
              ],
              [
                -48.45135350121371,
                -22.98195923974335
              ],
              [
                -48.45135350121371,
                -22.981689745158118
              ],
              [
                -48.45108400662848,
                -22.981689745158114
              ],
              [
                -48.45108400662848,
                -22.981420250572892
              ],
              [
                -48.44946703911705,
                -22.981420250572885
              ]
            ],
            [
              [
                -48.45189249038418,
                -22.984115196425243
              ],
              [
                -48.45189249038418,
                -22.98384570184
              ],
              [
                -48.45216198496941,
                -22.98384570184
              ],
              [
                -48.45216198496941,
                -22.984115196425236
              ],
              [
                -48.45189249038418,
                -22.984115196425243
              ]
            ],
            [
              [
                -48.44946703911705,
                -22.981420250572885
              ],
              [
                -48.44946703911705,
                -22.982228734328594
              ],
              [
                -48.448658555361355,
                -22.9822287343286
              ],
              [
                -48.448658555361355,
                -22.981959239743354
              ],
              [
                -48.44838906077611,
                -22.981959239743354
              ],
              [
                -48.44838906077611,
                -22.981689745158118
              ],
              [
                -48.44892804994658,
                -22.981689745158125
              ],
              [
                -48.44892804994658,
                -22.981420250572885
              ],
              [
                -48.44946703911705,
                -22.981420250572885
              ]
            ]
          ]
        ],
        "type": "MultiPolygon"
      },
      "properties": {
        "id": "139",
        "name": "MB 39 · Soja · 139",
        "class": "Uso agropecuário",
        "area_ha": 35.9064,
        "reviewed": false,
        "pct": 2.6078
      }
    },
    {
      "type": "Feature",
      "id": "140",
      "geometry": {
        "coordinates": [
          [
            [
              [
                -48.468062165498324,
                -22.984384691010483
              ],
              [
                -48.4677926709131,
                -22.984384691010476
              ],
              [
                -48.4677926709131,
                -22.98465418559572
              ],
              [
                -48.468062165498324,
                -22.98465418559572
              ],
              [
                -48.468062165498324,
                -22.984384691010483
              ]
            ]
          ]
        ],
        "type": "MultiPolygon"
      },
      "properties": {
        "id": "140",
        "name": "MB 21 · Mosaico de usos · 140",
        "class": "Uso agropecuário",
        "area_ha": 0.0825,
        "reviewed": false,
        "pct": 0.006
      }
    },
    {
      "type": "Feature",
      "id": "141",
      "geometry": {
        "coordinates": [
          [
            [
              [
                -48.450545017458005,
                -22.98438469101049
              ],
              [
                -48.45027552287276,
                -22.984384691010476
              ],
              [
                -48.45027552287276,
                -22.984654185595716
              ],
              [
                -48.450545017458005,
                -22.98465418559572
              ],
              [
                -48.450545017458005,
                -22.98438469101049
              ]
            ]
          ]
        ],
        "type": "MultiPolygon"
      },
      "properties": {
        "id": "141",
        "name": "MB 39 · Soja · 141",
        "class": "Uso agropecuário",
        "area_ha": 0.0825,
        "reviewed": false,
        "pct": 0.006
      }
    },
    {
      "type": "Feature",
      "id": "142",
      "geometry": {
        "coordinates": [
          [
            [
              [
                -48.477224981396354,
                -22.98357620725477
              ],
              [
                -48.47776397056683,
                -22.983576207254774
              ],
              [
                -48.47776397056683,
                -22.983845701840004
              ],
              [
                -48.47803346515206,
                -22.983845701839993
              ],
              [
                -48.47803346515206,
                -22.98438469101048
              ],
              [
                -48.47749447598159,
                -22.984384691010472
              ],
              [
                -48.47749447598159,
                -22.98465418559571
              ],
              [
                -48.477224981396354,
                -22.984654185595716
              ],
              [
                -48.477224981396354,
                -22.98492368018095
              ],
              [
                -48.478572454322524,
                -22.984923680180945
              ],
              [
                -48.478572454322524,
                -22.984654185595723
              ],
              [
                -48.48045891641919,
                -22.984654185595705
              ],
              [
                -48.48045891641919,
                -22.98438469101048
              ],
              [
                -48.481806389345365,
                -22.98438469101049
              ],
              [
                -48.481806389345365,
                -22.984115196425243
              ],
              [
                -48.48099790558966,
                -22.98411519642524
              ],
              [
                -48.48099790558966,
                -22.983845701840014
              ],
              [
                -48.480728411004414,
                -22.98384570184
              ],
              [
                -48.480728411004414,
                -22.984115196425247
              ],
              [
                -48.48018942183394,
                -22.984115196425243
              ],
              [
                -48.48018942183394,
                -22.98438469101049
              ],
              [
                -48.479111443493,
                -22.984384691010472
              ],
              [
                -48.479111443493,
                -22.98384570184
              ],
              [
                -48.47884194890778,
                -22.983845701839996
              ],
              [
                -48.47884194890778,
                -22.983037218084302
              ],
              [
                -48.478302959737306,
                -22.9830372180843
              ],
              [
                -48.478302959737306,
                -22.982767723499062
              ],
              [
                -48.478572454322524,
                -22.98276772349907
              ],
              [
                -48.478572454322524,
                -22.98195923974335
              ],
              [
                -48.47803346515206,
                -22.98195923974336
              ],
              [
                -48.47803346515206,
                -22.981689745158118
              ],
              [
                -48.47749447598159,
                -22.981689745158114
              ],
              [
                -48.47749447598159,
                -22.981959239743354
              ],
              [
                -48.476955486811114,
                -22.981959239743357
              ],
              [
                -48.476955486811114,
                -22.982228734328604
              ],
              [
                -48.47749447598159,
                -22.982228734328597
              ],
              [
                -48.47749447598159,
                -22.982767723499062
              ],
              [
                -48.477224981396354,
                -22.982767723499066
              ],
              [
                -48.477224981396354,
                -22.983037218084302
              ],
              [
                -48.47641649764064,
                -22.98303721808429
              ],
              [
                -48.47641649764064,
                -22.98249822891383
              ],
              [
                -48.47587750847017,
                -22.982498228913826
              ],
              [
                -48.47587750847017,
                -22.98276772349907
              ],
              [
                -48.474799530129225,
                -22.982767723499066
              ],
              [
                -48.474799530129225,
                -22.98384570184001
              ],
              [
                -48.475069024714465,
                -22.983845701840004
              ],
              [
                -48.475069024714465,
                -22.984384691010483
              ],
              [
                -48.47560801388494,
                -22.984384691010487
              ],
              [
                -48.47560801388494,
                -22.984654185595716
              ],
              [
                -48.47641649764064,
                -22.98465418559572
              ],
              [
                -48.47641649764064,
                -22.984115196425247
              ],
              [
                -48.47668599222588,
                -22.98411519642525
              ],
              [
                -48.47668599222588,
                -22.983845701840007
              ],
              [
                -48.476955486811114,
                -22.983845701840004
              ],
              [
                -48.476955486811114,
                -22.984115196425243
              ],
              [
                -48.477224981396354,
                -22.98411519642524
              ],
              [
                -48.477224981396354,
                -22.98357620725477
              ]
            ],
            [
              [
                -48.47641649764064,
                -22.98303721808429
              ],
              [
                -48.47641649764064,
                -22.983576207254767
              ],
              [
                -48.47614700305541,
                -22.983576207254774
              ],
              [
                -48.47614700305541,
                -22.983845701840014
              ],
              [
                -48.47587750847017,
                -22.983845701840007
              ],
              [
                -48.47587750847017,
                -22.983037218084295
              ],
              [
                -48.47641649764064,
                -22.98303721808429
              ]
            ],
            [
              [
                -48.477224981396354,
                -22.98357620725477
              ],
              [
                -48.476955486811114,
                -22.98357620725477
              ],
              [
                -48.476955486811114,
                -22.98330671266953
              ],
              [
                -48.477224981396354,
                -22.983306712669535
              ],
              [
                -48.477224981396354,
                -22.98357620725477
              ]
            ]
          ]
        ],
        "type": "MultiPolygon"
      },
      "properties": {
        "id": "142",
        "name": "MB 21 · Mosaico de usos · 142",
        "class": "Uso agropecuário",
        "area_ha": 9.1619,
        "reviewed": false,
        "pct": 0.6654
      }
    },
    {
      "type": "Feature",
      "id": "143",
      "geometry": {
        "coordinates": [
          [
            [
              [
                -48.476955486811114,
                -22.983845701840004
              ],
              [
                -48.47668599222588,
                -22.983845701840007
              ],
              [
                -48.47668599222588,
                -22.98411519642525
              ],
              [
                -48.47641649764064,
                -22.984115196425247
              ],
              [
                -48.47641649764064,
                -22.98465418559572
              ],
              [
                -48.47668599222588,
                -22.984654185595716
              ],
              [
                -48.47668599222588,
                -22.984923680180952
              ],
              [
                -48.477224981396354,
                -22.98492368018095
              ],
              [
                -48.477224981396354,
                -22.984654185595716
              ],
              [
                -48.47749447598159,
                -22.98465418559571
              ],
              [
                -48.47749447598159,
                -22.984384691010472
              ],
              [
                -48.477224981396354,
                -22.984384691010476
              ],
              [
                -48.477224981396354,
                -22.98411519642524
              ],
              [
                -48.476955486811114,
                -22.984115196425243
              ],
              [
                -48.476955486811114,
                -22.983845701840004
              ]
            ]
          ]
        ],
        "type": "MultiPolygon"
      },
      "properties": {
        "id": "143",
        "name": "MB 3 · Formação florestal · 143",
        "class": "Vegetação nativa mapeada",
        "area_ha": 0.8254,
        "reviewed": false,
        "pct": 0.0599
      }
    },
    {
      "type": "Feature",
      "id": "144",
      "geometry": {
        "coordinates": [
          [
            [
              [
                -48.45189249038418,
                -22.984384691010483
              ],
              [
                -48.451622995798935,
                -22.984384691010476
              ],
              [
                -48.451622995798935,
                -22.984654185595723
              ],
              [
                -48.45135350121371,
                -22.98465418559571
              ],
              [
                -48.45135350121371,
                -22.984923680180955
              ],
              [
                -48.45189249038418,
                -22.98492368018096
              ],
              [
                -48.45189249038418,
                -22.984384691010483
              ]
            ]
          ]
        ],
        "type": "MultiPolygon"
      },
      "properties": {
        "id": "144",
        "name": "MB 39 · Soja · 144",
        "class": "Uso agropecuário",
        "area_ha": 0.2476,
        "reviewed": false,
        "pct": 0.018
      }
    },
    {
      "type": "Feature",
      "id": "145",
      "geometry": {
        "coordinates": [
          [
            [
              [
                -48.44272967448616,
                -22.98357620725477
              ],
              [
                -48.44246017990092,
                -22.983576207254778
              ],
              [
                -48.44246017990092,
                -22.983845701840004
              ],
              [
                -48.44219068531569,
                -22.983845701840004
              ],
              [
                -48.44219068531569,
                -22.98411519642524
              ],
              [
                -48.44030422321904,
                -22.98411519642525
              ],
              [
                -48.44030422321904,
                -22.984384691010472
              ],
              [
                -48.44057371780427,
                -22.984384691010476
              ],
              [
                -48.44057371780427,
                -22.984654185595712
              ],
              [
                -48.44084321238951,
                -22.98465418559572
              ],
              [
                -48.44084321238951,
                -22.984923680180955
              ],
              [
                -48.44111270697474,
                -22.984923680180955
              ],
              [
                -48.44111270697474,
                -22.985193174766188
              ],
              [
                -48.441651696145215,
                -22.985193174766195
              ],
              [
                -48.441651696145215,
                -22.984923680180962
              ],
              [
                -48.441921190730454,
                -22.984923680180962
              ],
              [
                -48.441921190730454,
                -22.984654185595716
              ],
              [
                -48.44219068531569,
                -22.984654185595723
              ],
              [
                -48.44219068531569,
                -22.98438469101048
              ],
              [
                -48.44246017990092,
                -22.984384691010487
              ],
              [
                -48.44246017990092,
                -22.984115196425247
              ],
              [
                -48.44272967448616,
                -22.98411519642525
              ],
              [
                -48.44272967448616,
                -22.98357620725477
              ]
            ]
          ]
        ],
        "type": "MultiPolygon"
      },
      "properties": {
        "id": "145",
        "name": "MB 11 · Campo alagado · 145",
        "class": "Vegetação nativa mapeada",
        "area_ha": 1.8985,
        "reviewed": false,
        "pct": 0.1379
      }
    },
    {
      "type": "Feature",
      "id": "146",
      "geometry": {
        "coordinates": [
          [
            [
              [
                -48.45323996331036,
                -22.98438469101048
              ],
              [
                -48.45189249038418,
                -22.984384691010483
              ],
              [
                -48.45189249038418,
                -22.98492368018096
              ],
              [
                -48.45216198496941,
                -22.984923680180952
              ],
              [
                -48.45216198496941,
                -22.98519317476619
              ],
              [
                -48.452431479554654,
                -22.985193174766188
              ],
              [
                -48.452431479554654,
                -22.984923680180952
              ],
              [
                -48.45323996331036,
                -22.984923680180955
              ],
              [
                -48.45323996331036,
                -22.98438469101048
              ]
            ]
          ]
        ],
        "type": "MultiPolygon"
      },
      "properties": {
        "id": "146",
        "name": "MB 41 · Outras lavouras temporárias · 146",
        "class": "Uso agropecuário",
        "area_ha": 0.908,
        "reviewed": false,
        "pct": 0.0659
      }
    },
    {
      "type": "Feature",
      "id": "147",
      "geometry": {
        "coordinates": [
          [
            [
              [
                -48.47668599222588,
                -22.984654185595716
              ],
              [
                -48.4753385192997,
                -22.98465418559571
              ],
              [
                -48.4753385192997,
                -22.98492368018096
              ],
              [
                -48.47587750847017,
                -22.984923680180952
              ],
              [
                -48.47587750847017,
                -22.985193174766195
              ],
              [
                -48.47668599222588,
                -22.98519317476619
              ],
              [
                -48.47668599222588,
                -22.984654185595716
              ]
            ]
          ]
        ],
        "type": "MultiPolygon"
      },
      "properties": {
        "id": "147",
        "name": "MB 4 · Formação savânica · 147",
        "class": "Vegetação nativa mapeada",
        "area_ha": 0.6603,
        "reviewed": false,
        "pct": 0.048
      }
    },
    {
      "type": "Feature",
      "id": "148",
      "geometry": {
        "coordinates": [
          [
            [
              [
                -48.46887064925403,
                -22.984654185595716
              ],
              [
                -48.468062165498324,
                -22.98465418559572
              ],
              [
                -48.468062165498324,
                -22.98519317476619
              ],
              [
                -48.46887064925403,
                -22.9851931747662
              ],
              [
                -48.46887064925403,
                -22.984654185595716
              ]
            ]
          ]
        ],
        "type": "MultiPolygon"
      },
      "properties": {
        "id": "148",
        "name": "MB 21 · Mosaico de usos · 148",
        "class": "Uso agropecuário",
        "area_ha": 0.4952,
        "reviewed": false,
        "pct": 0.036
      }
    },
    {
      "type": "Feature",
      "id": "149",
      "geometry": {
        "coordinates": [
          [
            [
              [
                -48.45027552287276,
                -22.984384691010476
              ],
              [
                -48.45000602828753,
                -22.984384691010476
              ],
              [
                -48.45000602828753,
                -22.98519317476619
              ],
              [
                -48.450545017458005,
                -22.98519317476619
              ],
              [
                -48.450545017458005,
                -22.98465418559572
              ],
              [
                -48.45027552287276,
                -22.984654185595716
              ],
              [
                -48.45027552287276,
                -22.984384691010476
              ]
            ]
          ]
        ],
        "type": "MultiPolygon"
      },
      "properties": {
        "id": "149",
        "name": "MB 41 · Outras lavouras temporárias · 149",
        "class": "Uso agropecuário",
        "area_ha": 0.4127,
        "reviewed": false,
        "pct": 0.03
      }
    },
    {
      "type": "Feature",
      "id": "150",
      "geometry": {
        "coordinates": [
          [
            [
              [
                -48.44272967448616,
                -22.98411519642525
              ],
              [
                -48.44246017990092,
                -22.984115196425247
              ],
              [
                -48.44246017990092,
                -22.984384691010487
              ],
              [
                -48.44219068531569,
                -22.98438469101048
              ],
              [
                -48.44219068531569,
                -22.984654185595723
              ],
              [
                -48.441921190730454,
                -22.984654185595716
              ],
              [
                -48.441921190730454,
                -22.984923680180962
              ],
              [
                -48.441651696145215,
                -22.984923680180962
              ],
              [
                -48.441651696145215,
                -22.985193174766195
              ],
              [
                -48.44326866365663,
                -22.985193174766195
              ],
              [
                -48.44326866365663,
                -22.98492368018096
              ],
              [
                -48.444346641997576,
                -22.984923680180962
              ],
              [
                -48.444346641997576,
                -22.984654185595716
              ],
              [
                -48.44326866365663,
                -22.984654185595712
              ],
              [
                -48.44326866365663,
                -22.984384691010476
              ],
              [
                -48.44272967448616,
                -22.984384691010483
              ],
              [
                -48.44272967448616,
                -22.98411519642525
              ]
            ]
          ]
        ],
        "type": "MultiPolygon"
      },
      "properties": {
        "id": "150",
        "name": "MB 21 · Mosaico de usos · 150",
        "class": "Uso agropecuário",
        "area_ha": 1.6509,
        "reviewed": false,
        "pct": 0.1199
      }
    },
    {
      "type": "Feature",
      "id": "151",
      "geometry": {
        "coordinates": [
          [
            [
              [
                -48.453509457895585,
                -22.98492368018096
              ],
              [
                -48.45323996331036,
                -22.984923680180955
              ],
              [
                -48.45323996331036,
                -22.985193174766188
              ],
              [
                -48.453509457895585,
                -22.985193174766188
              ],
              [
                -48.453509457895585,
                -22.98492368018096
              ]
            ]
          ]
        ],
        "type": "MultiPolygon"
      },
      "properties": {
        "id": "151",
        "name": "MB 41 · Outras lavouras temporárias · 151",
        "class": "Uso agropecuário",
        "area_ha": 0.0825,
        "reviewed": false,
        "pct": 0.006
      }
    },
    {
      "type": "Feature",
      "id": "152",
      "geometry": {
        "coordinates": [
          [
            [
              [
                -48.45216198496941,
                -22.984923680180952
              ],
              [
                -48.45189249038418,
                -22.98492368018096
              ],
              [
                -48.45189249038418,
                -22.985193174766195
              ],
              [
                -48.45216198496941,
                -22.98519317476619
              ],
              [
                -48.45216198496941,
                -22.984923680180952
              ]
            ]
          ]
        ],
        "type": "MultiPolygon"
      },
      "properties": {
        "id": "152",
        "name": "MB 39 · Soja · 152",
        "class": "Uso agropecuário",
        "area_ha": 0.0825,
        "reviewed": false,
        "pct": 0.006
      }
    },
    {
      "type": "Feature",
      "id": "153",
      "geometry": {
        "coordinates": [
          [
            [
              [
                -48.471026605935926,
                -22.983576207254767
              ],
              [
                -48.47075711135068,
                -22.983576207254764
              ],
              [
                -48.47075711135068,
                -22.983845701840007
              ],
              [
                -48.47048761676545,
                -22.983845701840014
              ],
              [
                -48.47048761676545,
                -22.984115196425243
              ],
              [
                -48.470218122180206,
                -22.98411519642525
              ],
              [
                -48.470218122180206,
                -22.983845701840004
              ],
              [
                -48.469948627594974,
                -22.98384570184001
              ],
              [
                -48.469948627594974,
                -22.984115196425247
              ],
              [
                -48.46967913300975,
                -22.984115196425247
              ],
              [
                -48.46967913300975,
                -22.984654185595723
              ],
              [
                -48.469948627594974,
                -22.984654185595723
              ],
              [
                -48.469948627594974,
                -22.984384691010472
              ],
              [
                -48.470218122180206,
                -22.984384691010483
              ],
              [
                -48.470218122180206,
                -22.98492368018095
              ],
              [
                -48.47048761676545,
                -22.984923680180955
              ],
              [
                -48.47048761676545,
                -22.985193174766184
              ],
              [
                -48.47075711135068,
                -22.9851931747662
              ],
              [
                -48.47075711135068,
                -22.984654185595723
              ],
              [
                -48.471026605935926,
                -22.984654185595712
              ],
              [
                -48.471026605935926,
                -22.98546266935143
              ],
              [
                -48.47129610052115,
                -22.98546266935142
              ],
              [
                -48.47129610052115,
                -22.9851931747662
              ],
              [
                -48.4715655951064,
                -22.985193174766184
              ],
              [
                -48.4715655951064,
                -22.984654185595716
              ],
              [
                -48.47129610052115,
                -22.984654185595712
              ],
              [
                -48.47129610052115,
                -22.984115196425243
              ],
              [
                -48.471026605935926,
                -22.984115196425247
              ],
              [
                -48.471026605935926,
                -22.983576207254767
              ]
            ]
          ]
        ],
        "type": "MultiPolygon"
      },
      "properties": {
        "id": "153",
        "name": "MB 21 · Mosaico de usos · 153",
        "class": "Uso agropecuário",
        "area_ha": 1.8984,
        "reviewed": false,
        "pct": 0.1379
      }
    },
    {
      "type": "Feature",
      "id": "154",
      "geometry": {
        "coordinates": [
          [
            [
              [
                -48.45297046872511,
                -22.984923680180952
              ],
              [
                -48.452431479554654,
                -22.984923680180952
              ],
              [
                -48.452431479554654,
                -22.985193174766188
              ],
              [
                -48.45216198496941,
                -22.98519317476619
              ],
              [
                -48.45216198496941,
                -22.98546266935143
              ],
              [
                -48.45270097413988,
                -22.985462669351428
              ],
              [
                -48.45270097413988,
                -22.98519317476619
              ],
              [
                -48.45297046872511,
                -22.98519317476619
              ],
              [
                -48.45297046872511,
                -22.984923680180952
              ]
            ]
          ]
        ],
        "type": "MultiPolygon"
      },
      "properties": {
        "id": "154",
        "name": "MB 39 · Soja · 154",
        "class": "Uso agropecuário",
        "area_ha": 0.3302,
        "reviewed": false,
        "pct": 0.024
      }
    },
    {
      "type": "Feature",
      "id": "155",
      "geometry": {
        "coordinates": [
          [
            [
              [
                -48.44111270697474,
                -22.984923680180955
              ],
              [
                -48.44084321238951,
                -22.984923680180955
              ],
              [
                -48.44084321238951,
                -22.985462669351417
              ],
              [
                -48.441651696145215,
                -22.985462669351417
              ],
              [
                -48.441651696145215,
                -22.985193174766195
              ],
              [
                -48.44111270697474,
                -22.985193174766188
              ],
              [
                -48.44111270697474,
                -22.984923680180955
              ]
            ]
          ]
        ],
        "type": "MultiPolygon"
      },
      "properties": {
        "id": "155",
        "name": "MB 21 · Mosaico de usos · 155",
        "class": "Uso agropecuário",
        "area_ha": 0.3302,
        "reviewed": false,
        "pct": 0.024
      }
    },
    {
      "type": "Feature",
      "id": "156",
      "geometry": {
        "coordinates": [
          [
            [
              [
                -48.44946703911705,
                -22.98465418559572
              ],
              [
                -48.448658555361355,
                -22.984654185595716
              ],
              [
                -48.448658555361355,
                -22.984923680180952
              ],
              [
                -48.44704158784993,
                -22.984923680180952
              ],
              [
                -48.44704158784993,
                -22.98519317476619
              ],
              [
                -48.44650259867946,
                -22.9851931747662
              ],
              [
                -48.44650259867946,
                -22.985462669351424
              ],
              [
                -48.44704158784993,
                -22.98546266935142
              ],
              [
                -48.44704158784993,
                -22.985732163936657
              ],
              [
                -48.44785007160565,
                -22.985732163936653
              ],
              [
                -48.44785007160565,
                -22.98546266935143
              ],
              [
                -48.44838906077611,
                -22.985462669351424
              ],
              [
                -48.44838906077611,
                -22.985732163936664
              ],
              [
                -48.448658555361355,
                -22.985732163936657
              ],
              [
                -48.448658555361355,
                -22.98546266935143
              ],
              [
                -48.44946703911705,
                -22.98546266935143
              ],
              [
                -48.44946703911705,
                -22.98465418559572
              ]
            ]
          ]
        ],
        "type": "MultiPolygon"
      },
      "properties": {
        "id": "156",
        "name": "MB 39 · Soja · 156",
        "class": "Uso agropecuário",
        "area_ha": 2.2286,
        "reviewed": false,
        "pct": 0.1619
      }
    },
    {
      "type": "Feature",
      "id": "157",
      "geometry": {
        "coordinates": [
          [
            [
              [
                -48.47048761676545,
                -22.98303721808429
              ],
              [
                -48.470218122180206,
                -22.9830372180843
              ],
              [
                -48.470218122180206,
                -22.983306712669528
              ],
              [
                -48.4694096384245,
                -22.98330671266954
              ],
              [
                -48.4694096384245,
                -22.983576207254774
              ],
              [
                -48.469140143839276,
                -22.98357620725477
              ],
              [
                -48.469140143839276,
                -22.983037218084306
              ],
              [
                -48.46887064925403,
                -22.983037218084306
              ],
              [
                -48.46887064925403,
                -22.98330671266954
              ],
              [
                -48.4686011546688,
                -22.983306712669542
              ],
              [
                -48.4686011546688,
                -22.983576207254774
              ],
              [
                -48.468062165498324,
                -22.98357620725477
              ],
              [
                -48.468062165498324,
                -22.98384570183999
              ],
              [
                -48.4677926709131,
                -22.98384570184
              ],
              [
                -48.4677926709131,
                -22.984115196425236
              ],
              [
                -48.46752317632785,
                -22.984115196425247
              ],
              [
                -48.46752317632785,
                -22.98438469101048
              ],
              [
                -48.467253681742626,
                -22.984384691010483
              ],
              [
                -48.467253681742626,
                -22.98465418559572
              ],
              [
                -48.46752317632785,
                -22.984654185595723
              ],
              [
                -48.46752317632785,
                -22.985462669351424
              ],
              [
                -48.4677926709131,
                -22.985462669351428
              ],
              [
                -48.4677926709131,
                -22.98573216393665
              ],
              [
                -48.46833166008357,
                -22.985732163936653
              ],
              [
                -48.46833166008357,
                -22.98627115310713
              ],
              [
                -48.46887064925403,
                -22.986271153107136
              ],
              [
                -48.46887064925403,
                -22.986001658521896
              ],
              [
                -48.469140143839276,
                -22.986001658521896
              ],
              [
                -48.469140143839276,
                -22.985732163936653
              ],
              [
                -48.46967913300975,
                -22.985732163936653
              ],
              [
                -48.46967913300975,
                -22.98546266935142
              ],
              [
                -48.470218122180206,
                -22.98546266935143
              ],
              [
                -48.470218122180206,
                -22.985732163936653
              ],
              [
                -48.47048761676545,
                -22.985732163936657
              ],
              [
                -48.47048761676545,
                -22.98546266935143
              ],
              [
                -48.471026605935926,
                -22.98546266935143
              ],
              [
                -48.471026605935926,
                -22.984654185595712
              ],
              [
                -48.47075711135068,
                -22.984654185595723
              ],
              [
                -48.47075711135068,
                -22.9851931747662
              ],
              [
                -48.47048761676545,
                -22.985193174766184
              ],
              [
                -48.47048761676545,
                -22.984923680180955
              ],
              [
                -48.470218122180206,
                -22.98492368018095
              ],
              [
                -48.470218122180206,
                -22.984384691010483
              ],
              [
                -48.469948627594974,
                -22.984384691010472
              ],
              [
                -48.469948627594974,
                -22.984654185595723
              ],
              [
                -48.46967913300975,
                -22.984654185595723
              ],
              [
                -48.46967913300975,
                -22.984115196425247
              ],
              [
                -48.469948627594974,
                -22.984115196425247
              ],
              [
                -48.469948627594974,
                -22.98384570184001
              ],
              [
                -48.470218122180206,
                -22.983845701840004
              ],
              [
                -48.470218122180206,
                -22.983576207254764
              ],
              [
                -48.47048761676545,
                -22.983576207254778
              ],
              [
                -48.47048761676545,
                -22.98303721808429
              ]
            ],
            [
              [
                -48.468062165498324,
                -22.984384691010483
              ],
              [
                -48.468062165498324,
                -22.984115196425247
              ],
              [
                -48.46833166008357,
                -22.98411519642524
              ],
              [
                -48.46833166008357,
                -22.984384691010476
              ],
              [
                -48.468062165498324,
                -22.984384691010483
              ]
            ],
            [
              [
                -48.468062165498324,
                -22.984384691010483
              ],
              [
                -48.468062165498324,
                -22.98465418559572
              ],
              [
                -48.4677926709131,
                -22.98465418559572
              ],
              [
                -48.4677926709131,
                -22.984384691010476
              ],
              [
                -48.468062165498324,
                -22.984384691010483
              ]
            ],
            [
              [
                -48.468062165498324,
                -22.98465418559572
              ],
              [
                -48.46887064925403,
                -22.984654185595716
              ],
              [
                -48.46887064925403,
                -22.9851931747662
              ],
              [
                -48.468062165498324,
                -22.98519317476619
              ],
              [
                -48.468062165498324,
                -22.98465418559572
              ]
            ]
          ]
        ],
        "type": "MultiPolygon"
      },
      "properties": {
        "id": "157",
        "name": "MB 41 · Outras lavouras temporárias · 157",
        "class": "Uso agropecuário",
        "area_ha": 6.8508,
        "reviewed": false,
        "pct": 0.4976
      }
    },
    {
      "type": "Feature",
      "id": "158",
      "geometry": {
        "coordinates": [
          [
            [
              [
                -48.44919754453183,
                -22.985462669351417
              ],
              [
                -48.44892804994658,
                -22.98546266935142
              ],
              [
                -48.44892804994658,
                -22.986271153107126
              ],
              [
                -48.44919754453183,
                -22.98627115310713
              ],
              [
                -48.44919754453183,
                -22.986001658521896
              ],
              [
                -48.44946703911705,
                -22.986001658521896
              ],
              [
                -48.44946703911705,
                -22.985732163936653
              ],
              [
                -48.44919754453183,
                -22.98573216393666
              ],
              [
                -48.44919754453183,
                -22.985462669351417
              ]
            ]
          ]
        ],
        "type": "MultiPolygon"
      },
      "properties": {
        "id": "158",
        "name": "MB 41 · Outras lavouras temporárias · 158",
        "class": "Uso agropecuário",
        "area_ha": 0.3302,
        "reviewed": false,
        "pct": 0.024
      }
    },
    {
      "type": "Feature",
      "id": "159",
      "geometry": {
        "coordinates": [
          [
            [
              [
                -48.45323996331036,
                -22.979264293891006
              ],
              [
                -48.45270097413988,
                -22.979264293890996
              ],
              [
                -48.45270097413988,
                -22.97953378847623
              ],
              [
                -48.45216198496941,
                -22.979533788476232
              ],
              [
                -48.45216198496941,
                -22.979803283061464
              ],
              [
                -48.451622995798935,
                -22.979803283061468
              ],
              [
                -48.451622995798935,
                -22.980072777646704
              ],
              [
                -48.45135350121371,
                -22.98007277764672
              ],
              [
                -48.45135350121371,
                -22.98034227223195
              ],
              [
                -48.45081451204323,
                -22.98034227223194
              ],
              [
                -48.45081451204323,
                -22.980611766817173
              ],
              [
                -48.45027552287276,
                -22.980611766817177
              ],
              [
                -48.45027552287276,
                -22.981150755987652
              ],
              [
                -48.45108400662848,
                -22.981150755987667
              ],
              [
                -48.45108400662848,
                -22.981420250572892
              ],
              [
                -48.45135350121371,
                -22.981420250572885
              ],
              [
                -48.45135350121371,
                -22.981689745158118
              ],
              [
                -48.45189249038418,
                -22.98168974515812
              ],
              [
                -48.45189249038418,
                -22.981959239743347
              ],
              [
                -48.452431479554654,
                -22.981959239743343
              ],
              [
                -48.452431479554654,
                -22.9822287343286
              ],
              [
                -48.45270097413988,
                -22.982228734328597
              ],
              [
                -48.45270097413988,
                -22.982767723499066
              ],
              [
                -48.45297046872511,
                -22.982767723499066
              ],
              [
                -48.45297046872511,
                -22.9830372180843
              ],
              [
                -48.45323996331036,
                -22.98303721808429
              ],
              [
                -48.45323996331036,
                -22.98330671266954
              ],
              [
                -48.45377895248083,
                -22.983306712669528
              ],
              [
                -48.45377895248083,
                -22.984115196425243
              ],
              [
                -48.45404844706606,
                -22.984115196425247
              ],
              [
                -48.45404844706606,
                -22.98438469101048
              ],
              [
                -48.45431794165129,
                -22.98438469101048
              ],
              [
                -48.45431794165129,
                -22.984654185595723
              ],
              [
                -48.45458743623654,
                -22.984654185595723
              ],
              [
                -48.45458743623654,
                -22.98492368018096
              ],
              [
                -48.45431794165129,
                -22.98492368018095
              ],
              [
                -48.45431794165129,
                -22.98519317476618
              ],
              [
                -48.45458743623654,
                -22.985193174766177
              ],
              [
                -48.45458743623654,
                -22.986271153107122
              ],
              [
                -48.455934909162714,
                -22.986271153107126
              ],
              [
                -48.455934909162714,
                -22.986001658521907
              ],
              [
                -48.45566541457748,
                -22.986001658521893
              ],
              [
                -48.45566541457748,
                -22.985193174766184
              ],
              [
                -48.455395919992235,
                -22.985193174766184
              ],
              [
                -48.455395919992235,
                -22.984384691010487
              ],
              [
                -48.45512642540701,
                -22.98438469101048
              ],
              [
                -48.45512642540701,
                -22.983306712669535
              ],
              [
                -48.45404844706606,
                -22.983306712669535
              ],
              [
                -48.45404844706606,
                -22.983037218084302
              ],
              [
                -48.45485693082176,
                -22.983037218084306
              ],
              [
                -48.45485693082176,
                -22.98249822891383
              ],
              [
                -48.45458743623654,
                -22.98249822891383
              ],
              [
                -48.45458743623654,
                -22.981689745158125
              ],
              [
                -48.45404844706606,
                -22.98168974515812
              ],
              [
                -48.45404844706606,
                -22.981420250572892
              ],
              [
                -48.45431794165129,
                -22.981420250572885
              ],
              [
                -48.45431794165129,
                -22.980881261402423
              ],
              [
                -48.45377895248083,
                -22.9808812614024
              ],
              [
                -48.45377895248083,
                -22.980072777646697
              ],
              [
                -48.453509457895585,
                -22.980072777646704
              ],
              [
                -48.453509457895585,
                -22.979533788476243
              ],
              [
                -48.45323996331036,
                -22.979533788476243
              ],
              [
                -48.45323996331036,
                -22.979264293891006
              ]
            ]
          ]
        ],
        "type": "MultiPolygon"
      },
      "properties": {
        "id": "159",
        "name": "MB 20 · Cana · 159",
        "class": "Uso agropecuário",
        "area_ha": 14.3625,
        "reviewed": false,
        "pct": 1.0431
      }
    },
    {
      "type": "Feature",
      "id": "160",
      "geometry": {
        "coordinates": [
          [
            [
              [
                -48.4497365337023,
                -22.986001658521896
              ],
              [
                -48.44946703911705,
                -22.986001658521896
              ],
              [
                -48.44946703911705,
                -22.986271153107136
              ],
              [
                -48.4497365337023,
                -22.98627115310714
              ],
              [
                -48.4497365337023,
                -22.986001658521896
              ]
            ]
          ]
        ],
        "type": "MultiPolygon"
      },
      "properties": {
        "id": "160",
        "name": "MB 41 · Outras lavouras temporárias · 160",
        "class": "Uso agropecuário",
        "area_ha": 0.0825,
        "reviewed": false,
        "pct": 0.006
      }
    },
    {
      "type": "Feature",
      "id": "161",
      "geometry": {
        "coordinates": [
          [
            [
              [
                -48.465636714231216,
                -22.980072777646708
              ],
              [
                -48.465097725060744,
                -22.98007277764671
              ],
              [
                -48.465097725060744,
                -22.98088126140242
              ],
              [
                -48.46455873589027,
                -22.980881261402406
              ],
              [
                -48.46455873589027,
                -22.98115075598765
              ],
              [
                -48.465636714231216,
                -22.981150755987652
              ],
              [
                -48.465636714231216,
                -22.982498228913837
              ],
              [
                -48.46590620881645,
                -22.98249822891383
              ],
              [
                -48.46590620881645,
                -22.98384570184001
              ],
              [
                -48.466175703401674,
                -22.98384570184001
              ],
              [
                -48.466175703401674,
                -22.98330671266954
              ],
              [
                -48.46644519798692,
                -22.983306712669542
              ],
              [
                -48.46644519798692,
                -22.983576207254774
              ],
              [
                -48.46671469257215,
                -22.983576207254774
              ],
              [
                -48.46671469257215,
                -22.984115196425254
              ],
              [
                -48.466175703401674,
                -22.984115196425247
              ],
              [
                -48.466175703401674,
                -22.985193174766195
              ],
              [
                -48.46590620881645,
                -22.98519317476618
              ],
              [
                -48.46590620881645,
                -22.985732163936664
              ],
              [
                -48.46644519798692,
                -22.985732163936657
              ],
              [
                -48.46644519798692,
                -22.986001658521896
              ],
              [
                -48.46671469257215,
                -22.986001658521893
              ],
              [
                -48.46671469257215,
                -22.98654064769237
              ],
              [
                -48.466984187157394,
                -22.986540647692372
              ],
              [
                -48.466984187157394,
                -22.986271153107126
              ],
              [
                -48.468062165498324,
                -22.986271153107133
              ],
              [
                -48.468062165498324,
                -22.986001658521896
              ],
              [
                -48.4677926709131,
                -22.986001658521896
              ],
              [
                -48.4677926709131,
                -22.985462669351428
              ],
              [
                -48.46752317632785,
                -22.985462669351424
              ],
              [
                -48.46752317632785,
                -22.984654185595723
              ],
              [
                -48.467253681742626,
                -22.98465418559572
              ],
              [
                -48.467253681742626,
                -22.98411519642524
              ],
              [
                -48.466984187157394,
                -22.984115196425243
              ],
              [
                -48.466984187157394,
                -22.983576207254774
              ],
              [
                -48.467253681742626,
                -22.98357620725477
              ],
              [
                -48.467253681742626,
                -22.983306712669542
              ],
              [
                -48.46752317632785,
                -22.983306712669545
              ],
              [
                -48.46752317632785,
                -22.983037218084302
              ],
              [
                -48.4677926709131,
                -22.983037218084302
              ],
              [
                -48.4677926709131,
                -22.98249822891383
              ],
              [
                -48.46752317632785,
                -22.982498228913823
              ],
              [
                -48.46752317632785,
                -22.98195923974336
              ],
              [
                -48.4677926709131,
                -22.98195923974335
              ],
              [
                -48.4677926709131,
                -22.98168974515812
              ],
              [
                -48.467253681742626,
                -22.981689745158125
              ],
              [
                -48.467253681742626,
                -22.981420250572885
              ],
              [
                -48.466984187157394,
                -22.98142025057288
              ],
              [
                -48.466984187157394,
                -22.981150755987652
              ],
              [
                -48.467253681742626,
                -22.981150755987645
              ],
              [
                -48.467253681742626,
                -22.980342272231947
              ],
              [
                -48.466984187157394,
                -22.980342272231933
              ],
              [
                -48.466984187157394,
                -22.980611766817177
              ],
              [
                -48.46671469257215,
                -22.980611766817173
              ],
              [
                -48.46671469257215,
                -22.980881261402416
              ],
              [
                -48.466175703401674,
                -22.980881261402413
              ],
              [
                -48.466175703401674,
                -22.98061176681719
              ],
              [
                -48.46590620881645,
                -22.980611766817184
              ],
              [
                -48.46590620881645,
                -22.980342272231947
              ],
              [
                -48.465636714231216,
                -22.980342272231947
              ],
              [
                -48.465636714231216,
                -22.980072777646708
              ]
            ]
          ]
        ],
        "type": "MultiPolygon"
      },
      "properties": {
        "id": "161",
        "name": "MB 21 · Mosaico de usos · 161",
        "class": "Uso agropecuário",
        "area_ha": 10.2351,
        "reviewed": false,
        "pct": 0.7434
      }
    },
    {
      "type": "Feature",
      "id": "162",
      "geometry": {
        "coordinates": [
          [
            [
              [
                -48.44515512575328,
                -22.986001658521907
              ],
              [
                -48.44461613658281,
                -22.9860016585219
              ],
              [
                -48.44461613658281,
                -22.98654064769236
              ],
              [
                -48.44515512575328,
                -22.986540647692365
              ],
              [
                -48.44515512575328,
                -22.986001658521907
              ]
            ]
          ]
        ],
        "type": "MultiPolygon"
      },
      "properties": {
        "id": "162",
        "name": "MB 21 · Mosaico de usos · 162",
        "class": "Uso agropecuário",
        "area_ha": 0.3302,
        "reviewed": false,
        "pct": 0.024
      }
    },
    {
      "type": "Feature",
      "id": "163",
      "geometry": {
        "coordinates": [
          [
            [
              [
                -48.4715655951064,
                -22.986271153107133
              ],
              [
                -48.47075711135068,
                -22.986271153107133
              ],
              [
                -48.47075711135068,
                -22.986540647692358
              ],
              [
                -48.4715655951064,
                -22.98654064769237
              ],
              [
                -48.4715655951064,
                -22.986271153107133
              ]
            ]
          ]
        ],
        "type": "MultiPolygon"
      },
      "properties": {
        "id": "163",
        "name": "MB 21 · Mosaico de usos · 163",
        "class": "Uso agropecuário",
        "area_ha": 0.2476,
        "reviewed": false,
        "pct": 0.018
      }
    },
    {
      "type": "Feature",
      "id": "164",
      "geometry": {
        "coordinates": [
          [
            [
              [
                -48.445424620338514,
                -22.98519317476619
              ],
              [
                -48.44515512575328,
                -22.985193174766195
              ],
              [
                -48.44515512575328,
                -22.986810142277616
              ],
              [
                -48.445424620338514,
                -22.986810142277598
              ],
              [
                -48.445424620338514,
                -22.986271153107136
              ],
              [
                -48.445694114923754,
                -22.986271153107133
              ],
              [
                -48.445694114923754,
                -22.985732163936657
              ],
              [
                -48.445424620338514,
                -22.985732163936657
              ],
              [
                -48.445424620338514,
                -22.98519317476619
              ]
            ]
          ]
        ],
        "type": "MultiPolygon"
      },
      "properties": {
        "id": "164",
        "name": "MB 11 · Campo alagado · 164",
        "class": "Vegetação nativa mapeada",
        "area_ha": 0.6603,
        "reviewed": false,
        "pct": 0.048
      }
    },
    {
      "type": "Feature",
      "id": "165",
      "geometry": {
        "coordinates": [
          [
            [
              [
                -48.47183508969163,
                -22.98654064769237
              ],
              [
                -48.4715655951064,
                -22.98654064769237
              ],
              [
                -48.4715655951064,
                -22.9868101422776
              ],
              [
                -48.47183508969163,
                -22.986810142277605
              ],
              [
                -48.47183508969163,
                -22.98654064769237
              ]
            ]
          ]
        ],
        "type": "MultiPolygon"
      },
      "properties": {
        "id": "165",
        "name": "MB 21 · Mosaico de usos · 165",
        "class": "Uso agropecuário",
        "area_ha": 0.0825,
        "reviewed": false,
        "pct": 0.006
      }
    },
    {
      "type": "Feature",
      "id": "166",
      "geometry": {
        "coordinates": [
          [
            [
              [
                -48.46671469257215,
                -22.98654064769237
              ],
              [
                -48.46644519798692,
                -22.986540647692365
              ],
              [
                -48.46644519798692,
                -22.987079636862834
              ],
              [
                -48.46671469257215,
                -22.98707963686284
              ],
              [
                -48.46671469257215,
                -22.98654064769237
              ]
            ]
          ]
        ],
        "type": "MultiPolygon"
      },
      "properties": {
        "id": "166",
        "name": "MB 21 · Mosaico de usos · 166",
        "class": "Uso agropecuário",
        "area_ha": 0.1651,
        "reviewed": false,
        "pct": 0.012
      }
    },
    {
      "type": "Feature",
      "id": "167",
      "geometry": {
        "coordinates": [
          [
            [
              [
                -48.455934909162714,
                -22.986271153107126
              ],
              [
                -48.45512642540701,
                -22.986271153107136
              ],
              [
                -48.45512642540701,
                -22.986810142277605
              ],
              [
                -48.455395919992235,
                -22.986810142277612
              ],
              [
                -48.455395919992235,
                -22.98707963686284
              ],
              [
                -48.456204403747954,
                -22.987079636862838
              ],
              [
                -48.456204403747954,
                -22.98654064769237
              ],
              [
                -48.455934909162714,
                -22.98654064769236
              ],
              [
                -48.455934909162714,
                -22.986271153107126
              ]
            ]
          ]
        ],
        "type": "MultiPolygon"
      },
      "properties": {
        "id": "167",
        "name": "MB 15 · Pastagem · 167",
        "class": "Uso agropecuário",
        "area_ha": 0.8254,
        "reviewed": false,
        "pct": 0.0599
      }
    },
    {
      "type": "Feature",
      "id": "168",
      "geometry": {
        "coordinates": [
          [
            [
              [
                -48.472104584276856,
                -22.9868101422776
              ],
              [
                -48.47183508969163,
                -22.986810142277605
              ],
              [
                -48.47183508969163,
                -22.987079636862838
              ],
              [
                -48.472104584276856,
                -22.98707963686284
              ],
              [
                -48.472104584276856,
                -22.9868101422776
              ]
            ]
          ]
        ],
        "type": "MultiPolygon"
      },
      "properties": {
        "id": "168",
        "name": "MB 21 · Mosaico de usos · 168",
        "class": "Uso agropecuário",
        "area_ha": 0.0825,
        "reviewed": false,
        "pct": 0.006
      }
    },
    {
      "type": "Feature",
      "id": "169",
      "geometry": {
        "coordinates": [
          [
            [
              [
                -48.4715655951064,
                -22.98654064769237
              ],
              [
                -48.47048761676545,
                -22.98654064769237
              ],
              [
                -48.47048761676545,
                -22.9868101422776
              ],
              [
                -48.470218122180206,
                -22.986810142277598
              ],
              [
                -48.470218122180206,
                -22.987079636862845
              ],
              [
                -48.47048761676545,
                -22.98707963686285
              ],
              [
                -48.47048761676545,
                -22.987349131448084
              ],
              [
                -48.4715655951064,
                -22.98734913144807
              ],
              [
                -48.4715655951064,
                -22.987079636862838
              ],
              [
                -48.47183508969163,
                -22.987079636862838
              ],
              [
                -48.47183508969163,
                -22.986810142277605
              ],
              [
                -48.4715655951064,
                -22.9868101422776
              ],
              [
                -48.4715655951064,
                -22.98654064769237
              ]
            ]
          ]
        ],
        "type": "MultiPolygon"
      },
      "properties": {
        "id": "169",
        "name": "MB 3 · Formação florestal · 169",
        "class": "Vegetação nativa mapeada",
        "area_ha": 1.1555,
        "reviewed": false,
        "pct": 0.0839
      }
    },
    {
      "type": "Feature",
      "id": "170",
      "geometry": {
        "coordinates": [
          [
            [
              [
                -48.47183508969163,
                -22.987079636862838
              ],
              [
                -48.4715655951064,
                -22.987079636862838
              ],
              [
                -48.4715655951064,
                -22.98734913144807
              ],
              [
                -48.47183508969163,
                -22.98734913144807
              ],
              [
                -48.47183508969163,
                -22.987079636862838
              ]
            ]
          ]
        ],
        "type": "MultiPolygon"
      },
      "properties": {
        "id": "170",
        "name": "MB 21 · Mosaico de usos · 170",
        "class": "Uso agropecuário",
        "area_ha": 0.0825,
        "reviewed": false,
        "pct": 0.006
      }
    },
    {
      "type": "Feature",
      "id": "171",
      "geometry": {
        "coordinates": [
          [
            [
              [
                -48.4475805770204,
                -22.98734913144807
              ],
              [
                -48.44731108243518,
                -22.98734913144808
              ],
              [
                -48.44731108243518,
                -22.98761862603331
              ],
              [
                -48.4475805770204,
                -22.987618626033314
              ],
              [
                -48.4475805770204,
                -22.98734913144807
              ]
            ]
          ]
        ],
        "type": "MultiPolygon"
      },
      "properties": {
        "id": "171",
        "name": "MB 39 · Soja · 171",
        "class": "Uso agropecuário",
        "area_ha": 0.0825,
        "reviewed": false,
        "pct": 0.006
      }
    },
    {
      "type": "Feature",
      "id": "172",
      "geometry": {
        "coordinates": [
          [
            [
              [
                -48.466175703401674,
                -22.98707963686281
              ],
              [
                -48.46536721964597,
                -22.987079636862838
              ],
              [
                -48.46536721964597,
                -22.98734913144807
              ],
              [
                -48.465636714231216,
                -22.98734913144808
              ],
              [
                -48.465636714231216,
                -22.988157615203786
              ],
              [
                -48.46590620881645,
                -22.98815761520379
              ],
              [
                -48.46590620881645,
                -22.98788812061855
              ],
              [
                -48.466175703401674,
                -22.98788812061855
              ],
              [
                -48.466175703401674,
                -22.98707963686281
              ]
            ]
          ]
        ],
        "type": "MultiPolygon"
      },
      "properties": {
        "id": "172",
        "name": "MB 21 · Mosaico de usos · 172",
        "class": "Uso agropecuário",
        "area_ha": 0.6603,
        "reviewed": false,
        "pct": 0.048
      }
    },
    {
      "type": "Feature",
      "id": "173",
      "geometry": {
        "coordinates": [
          [
            [
              [
                -48.4580908658446,
                -22.987079636862838
              ],
              [
                -48.457821371259364,
                -22.987079636862834
              ],
              [
                -48.457821371259364,
                -22.98815761520379
              ],
              [
                -48.458360360429836,
                -22.988157615203786
              ],
              [
                -48.458360360429836,
                -22.987349131448074
              ],
              [
                -48.4580908658446,
                -22.987349131448074
              ],
              [
                -48.4580908658446,
                -22.987079636862838
              ]
            ]
          ]
        ],
        "type": "MultiPolygon"
      },
      "properties": {
        "id": "173",
        "name": "MB 41 · Outras lavouras temporárias · 173",
        "class": "Uso agropecuário",
        "area_ha": 0.5778,
        "reviewed": false,
        "pct": 0.042
      }
    },
    {
      "type": "Feature",
      "id": "174",
      "geometry": {
        "coordinates": [
          [
            [
              [
                -48.44461613658281,
                -22.98654064769236
              ],
              [
                -48.44407714741234,
                -22.986540647692358
              ],
              [
                -48.44407714741234,
                -22.986810142277594
              ],
              [
                -48.443807652827104,
                -22.986810142277605
              ],
              [
                -48.443807652827104,
                -22.98654064769236
              ],
              [
                -48.443538158241864,
                -22.986540647692372
              ],
              [
                -48.443538158241864,
                -22.986810142277598
              ],
              [
                -48.44246017990092,
                -22.986810142277605
              ],
              [
                -48.44246017990092,
                -22.987079636862838
              ],
              [
                -48.44219068531569,
                -22.987079636862838
              ],
              [
                -48.44219068531569,
                -22.98815761520378
              ],
              [
                -48.44111270697474,
                -22.988157615203782
              ],
              [
                -48.44111270697474,
                -22.988427109789022
              ],
              [
                -48.44272967448616,
                -22.988427109789015
              ],
              [
                -48.44272967448616,
                -22.987888120618543
              ],
              [
                -48.44299916907139,
                -22.98788812061854
              ],
              [
                -48.44299916907139,
                -22.987618626033306
              ],
              [
                -48.443538158241864,
                -22.987618626033314
              ],
              [
                -48.443538158241864,
                -22.987079636862838
              ],
              [
                -48.444346641997576,
                -22.987079636862834
              ],
              [
                -48.444346641997576,
                -22.9868101422776
              ],
              [
                -48.44461613658281,
                -22.9868101422776
              ],
              [
                -48.44461613658281,
                -22.98654064769236
              ]
            ]
          ]
        ],
        "type": "MultiPolygon"
      },
      "properties": {
        "id": "174",
        "name": "MB 21 · Mosaico de usos · 174",
        "class": "Uso agropecuário",
        "area_ha": 2.5588,
        "reviewed": false,
        "pct": 0.1858
      }
    },
    {
      "type": "Feature",
      "id": "175",
      "geometry": {
        "coordinates": [
          [
            [
              [
                -48.458629855015076,
                -22.98815761520378
              ],
              [
                -48.458360360429836,
                -22.988157615203786
              ],
              [
                -48.458360360429836,
                -22.98842710978901
              ],
              [
                -48.458629855015076,
                -22.988427109789022
              ],
              [
                -48.458629855015076,
                -22.98815761520378
              ]
            ]
          ]
        ],
        "type": "MultiPolygon"
      },
      "properties": {
        "id": "175",
        "name": "MB 41 · Outras lavouras temporárias · 175",
        "class": "Uso agropecuário",
        "area_ha": 0.0825,
        "reviewed": false,
        "pct": 0.006
      }
    },
    {
      "type": "Feature",
      "id": "176",
      "geometry": {
        "coordinates": [
          [
            [
              [
                -48.43922624488106,
                -22.98329211691456
              ],
              [
                -48.43922624487809,
                -22.982767723499062
              ],
              [
                -48.439076423758195,
                -22.982767723555725
              ],
              [
                -48.43922624488106,
                -22.98329211691456
              ]
            ]
          ]
        ],
        "type": "MultiPolygon"
      },
      "properties": {
        "id": "176",
        "name": "MB 39 · Soja · 176",
        "class": "Uso agropecuário",
        "area_ha": 0.0446,
        "reviewed": false,
        "pct": 0.0032
      }
    },
    {
      "type": "Feature",
      "id": "177",
      "geometry": {
        "coordinates": [
          [
            [
              [
                -48.43930741096535,
                -22.983576207303084
              ],
              [
                -48.43949573946332,
                -22.98357620725477
              ],
              [
                -48.43949573946332,
                -22.983306712669545
              ],
              [
                -48.43923041495728,
                -22.983306712673027
              ],
              [
                -48.43930741096535,
                -22.983576207303084
              ]
            ]
          ]
        ],
        "type": "MultiPolygon"
      },
      "properties": {
        "id": "177",
        "name": "MB 39 · Soja · 177",
        "class": "Uso agropecuário",
        "area_ha": 0.0695,
        "reviewed": false,
        "pct": 0.005
      }
    },
    {
      "type": "Feature",
      "id": "178",
      "geometry": {
        "coordinates": [
          [
            [
              [
                -48.440616382527,
                -22.988157615416075
              ],
              [
                -48.44219068531569,
                -22.98815761520378
              ],
              [
                -48.44219068531569,
                -22.987079636862838
              ],
              [
                -48.44246017990092,
                -22.987079636862838
              ],
              [
                -48.44246017990092,
                -22.986810142277605
              ],
              [
                -48.443538158241864,
                -22.986810142277598
              ],
              [
                -48.443538158241864,
                -22.986540647692372
              ],
              [
                -48.443807652827104,
                -22.98654064769236
              ],
              [
                -48.443807652827104,
                -22.986810142277605
              ],
              [
                -48.44407714741234,
                -22.986810142277594
              ],
              [
                -48.44407714741234,
                -22.986540647692358
              ],
              [
                -48.44461613658281,
                -22.98654064769236
              ],
              [
                -48.44461613658281,
                -22.9860016585219
              ],
              [
                -48.44515512575328,
                -22.986001658521907
              ],
              [
                -48.44515512575328,
                -22.985193174766195
              ],
              [
                -48.44488563116805,
                -22.985193174766188
              ],
              [
                -48.44488563116805,
                -22.98492368018096
              ],
              [
                -48.44326866365663,
                -22.98492368018096
              ],
              [
                -48.44326866365663,
                -22.985193174766195
              ],
              [
                -48.441651696145215,
                -22.985193174766195
              ],
              [
                -48.441651696145215,
                -22.985462669351417
              ],
              [
                -48.44084321238951,
                -22.985462669351417
              ],
              [
                -48.44084321238951,
                -22.98465418559572
              ],
              [
                -48.44057371780427,
                -22.984654185595712
              ],
              [
                -48.44057371780427,
                -22.984384691010476
              ],
              [
                -48.44030422321904,
                -22.984384691010472
              ],
              [
                -48.44030422321904,
                -22.98411519642525
              ],
              [
                -48.43949573946332,
                -22.984115196425247
              ],
              [
                -48.43949573946332,
                -22.98384570184
              ],
              [
                -48.43938440722145,
                -22.98384570189566
              ],
              [
                -48.440231383110294,
                -22.986810142384925
              ],
              [
                -48.44030422321904,
                -22.986810142277605
              ],
              [
                -48.44030422322048,
                -22.98706507979167
              ],
              [
                -48.44030838244025,
                -22.987079636866323
              ],
              [
                -48.44057371780427,
                -22.987079636862838
              ],
              [
                -48.44057371780427,
                -22.98734913144808
              ],
              [
                -48.44038538207154,
                -22.987349131496398
              ],
              [
                -48.440616382527,
                -22.988157615416075
              ]
            ]
          ]
        ],
        "type": "MultiPolygon"
      },
      "properties": {
        "id": "178",
        "name": "MB 39 · Soja · 178",
        "class": "Uso agropecuário",
        "area_ha": 12.9648,
        "reviewed": false,
        "pct": 0.9416
      }
    },
    {
      "type": "Feature",
      "id": "179",
      "geometry": {
        "coordinates": [
          [
            [
              [
                -48.44030422322048,
                -22.98706507979167
              ],
              [
                -48.44030422321904,
                -22.986810142277605
              ],
              [
                -48.440231383110294,
                -22.986810142384925
              ],
              [
                -48.44030422322048,
                -22.98706507979167
              ]
            ]
          ]
        ],
        "type": "MultiPolygon"
      },
      "properties": {
        "id": "179",
        "name": "MB 21 · Mosaico de usos · 179",
        "class": "Uso agropecuário",
        "area_ha": 0.0106,
        "reviewed": false,
        "pct": 0.0008
      }
    },
    {
      "type": "Feature",
      "id": "180",
      "geometry": {
        "coordinates": [
          [
            [
              [
                -48.44038538207154,
                -22.987349131496398
              ],
              [
                -48.44057371780427,
                -22.98734913144808
              ],
              [
                -48.44057371780427,
                -22.987079636862838
              ],
              [
                -48.44030838244025,
                -22.987079636866323
              ],
              [
                -48.44038538207154,
                -22.987349131496398
              ]
            ]
          ]
        ],
        "type": "MultiPolygon"
      },
      "properties": {
        "id": "180",
        "name": "MB 21 · Mosaico de usos · 180",
        "class": "Uso agropecuário",
        "area_ha": 0.0695,
        "reviewed": false,
        "pct": 0.005
      }
    },
    {
      "type": "Feature",
      "id": "181",
      "geometry": {
        "coordinates": [
          [
            [
              [
                -48.4475805770204,
                -22.987618626033314
              ],
              [
                -48.44731108243518,
                -22.98761862603331
              ],
              [
                -48.44731108243518,
                -22.98869660437425
              ],
              [
                -48.4475805770204,
                -22.98869660437425
              ],
              [
                -48.4475805770204,
                -22.987618626033314
              ]
            ]
          ]
        ],
        "type": "MultiPolygon"
      },
      "properties": {
        "id": "181",
        "name": "MB 21 · Mosaico de usos · 181",
        "class": "Uso agropecuário",
        "area_ha": 0.3302,
        "reviewed": false,
        "pct": 0.024
      }
    },
    {
      "type": "Feature",
      "id": "182",
      "geometry": {
        "coordinates": [
          [
            [
              [
                -48.48393634109611,
                -22.988427109809027
              ],
              [
                -48.48369285144202,
                -22.98842710978903
              ],
              [
                -48.48369285144202,
                -22.988696604374258
              ],
              [
                -48.48396234602724,
                -22.98869660437425
              ],
              [
                -48.48396234603041,
                -22.988661138217978
              ],
              [
                -48.48393634109611,
                -22.988427109809027
              ]
            ]
          ]
        ],
        "type": "MultiPolygon"
      },
      "properties": {
        "id": "182",
        "name": "MB 21 · Mosaico de usos · 182",
        "class": "Uso agropecuário",
        "area_ha": 0.0791,
        "reviewed": false,
        "pct": 0.0057
      }
    },
    {
      "type": "Feature",
      "id": "183",
      "geometry": {
        "coordinates": [
          [
            [
              [
                -48.44919754453183,
                -22.988427109789022
              ],
              [
                -48.448658555361355,
                -22.988427109789022
              ],
              [
                -48.448658555361355,
                -22.988696604374258
              ],
              [
                -48.44919754453183,
                -22.988696604374255
              ],
              [
                -48.44919754453183,
                -22.988427109789022
              ]
            ]
          ]
        ],
        "type": "MultiPolygon"
      },
      "properties": {
        "id": "183",
        "name": "MB 21 · Mosaico de usos · 183",
        "class": "Uso agropecuário",
        "area_ha": 0.1651,
        "reviewed": false,
        "pct": 0.012
      }
    },
    {
      "type": "Feature",
      "id": "184",
      "geometry": {
        "coordinates": [
          [
            [
              [
                -48.457821371259364,
                -22.987888120618546
              ],
              [
                -48.45755187667413,
                -22.987888120618546
              ],
              [
                -48.45755187667413,
                -22.988427109789015
              ],
              [
                -48.45728238208889,
                -22.988427109789022
              ],
              [
                -48.45728238208889,
                -22.98869660437426
              ],
              [
                -48.45755187667413,
                -22.98869660437425
              ],
              [
                -48.45755187667413,
                -22.988966098959484
              ],
              [
                -48.457821371259364,
                -22.988966098959487
              ],
              [
                -48.457821371259364,
                -22.988696604374255
              ],
              [
                -48.4580908658446,
                -22.988696604374258
              ],
              [
                -48.4580908658446,
                -22.988427109789004
              ],
              [
                -48.458360360429836,
                -22.98842710978901
              ],
              [
                -48.458360360429836,
                -22.988157615203786
              ],
              [
                -48.457821371259364,
                -22.98815761520379
              ],
              [
                -48.457821371259364,
                -22.987888120618546
              ]
            ]
          ]
        ],
        "type": "MultiPolygon"
      },
      "properties": {
        "id": "184",
        "name": "MB 39 · Soja · 184",
        "class": "Uso agropecuário",
        "area_ha": 0.6603,
        "reviewed": false,
        "pct": 0.048
      }
    },
    {
      "type": "Feature",
      "id": "185",
      "geometry": {
        "coordinates": [
          [
            [
              [
                -48.457821371259364,
                -22.977377831794342
              ],
              [
                -48.45701288750366,
                -22.977377831794346
              ],
              [
                -48.45701288750366,
                -22.977647326379593
              ],
              [
                -48.456743392918426,
                -22.977647326379582
              ],
              [
                -48.456743392918426,
                -22.97791682096482
              ],
              [
                -48.456473898333186,
                -22.97791682096482
              ],
              [
                -48.456473898333186,
                -22.97818631555006
              ],
              [
                -48.456204403747954,
                -22.97818631555006
              ],
              [
                -48.456204403747954,
                -22.978455810135287
              ],
              [
                -48.455934909162714,
                -22.978455810135294
              ],
              [
                -48.455934909162714,
                -22.979264293890996
              ],
              [
                -48.45566541457748,
                -22.979264293891003
              ],
              [
                -48.45566541457748,
                -22.979533788476232
              ],
              [
                -48.455934909162714,
                -22.97953378847624
              ],
              [
                -48.455934909162714,
                -22.979803283061436
              ],
              [
                -48.456204403747954,
                -22.97980328306144
              ],
              [
                -48.456204403747954,
                -22.98034227223194
              ],
              [
                -48.455934909162714,
                -22.98034227223195
              ],
              [
                -48.455934909162714,
                -22.98061176681718
              ],
              [
                -48.456204403747954,
                -22.980611766817177
              ],
              [
                -48.456204403747954,
                -22.981689745158125
              ],
              [
                -48.456473898333186,
                -22.98168974515812
              ],
              [
                -48.456473898333186,
                -22.981959239743354
              ],
              [
                -48.456743392918426,
                -22.98195923974335
              ],
              [
                -48.456743392918426,
                -22.982228734328604
              ],
              [
                -48.45701288750366,
                -22.982228734328586
              ],
              [
                -48.45701288750366,
                -22.982767723499062
              ],
              [
                -48.456743392918426,
                -22.982767723499066
              ],
              [
                -48.456743392918426,
                -22.98330671266954
              ],
              [
                -48.45728238208889,
                -22.983306712669545
              ],
              [
                -48.45728238208889,
                -22.984115196425243
              ],
              [
                -48.45755187667413,
                -22.98411519642525
              ],
              [
                -48.45755187667413,
                -22.98465418559572
              ],
              [
                -48.457821371259364,
                -22.984654185595712
              ],
              [
                -48.457821371259364,
                -22.986001658521904
              ],
              [
                -48.4580908658446,
                -22.986001658521904
              ],
              [
                -48.4580908658446,
                -22.98654064769236
              ],
              [
                -48.458360360429836,
                -22.986540647692372
              ],
              [
                -48.458360360429836,
                -22.986810142277598
              ],
              [
                -48.4580908658446,
                -22.98681014227761
              ],
              [
                -48.4580908658446,
                -22.987349131448074
              ],
              [
                -48.458360360429836,
                -22.987349131448074
              ],
              [
                -48.458360360429836,
                -22.988157615203786
              ],
              [
                -48.458629855015076,
                -22.98815761520378
              ],
              [
                -48.458629855015076,
                -22.988427109789022
              ],
              [
                -48.458360360429836,
                -22.98842710978901
              ],
              [
                -48.458360360429836,
                -22.988966098959487
              ],
              [
                -48.4580908658446,
                -22.988966098959487
              ],
              [
                -48.4580908658446,
                -22.98923559354473
              ],
              [
                -48.458629855015076,
                -22.989235593544723
              ],
              [
                -48.458629855015076,
                -22.988966098959487
              ],
              [
                -48.45970783335602,
                -22.988966098959487
              ],
              [
                -48.45970783335602,
                -22.988696604374255
              ],
              [
                -48.460516317111725,
                -22.988696604374258
              ],
              [
                -48.460516317111725,
                -22.988427109789022
              ],
              [
                -48.4610553062822,
                -22.988427109789022
              ],
              [
                -48.4610553062822,
                -22.98815761520378
              ],
              [
                -48.46159429545267,
                -22.98815761520378
              ],
              [
                -48.46159429545267,
                -22.98788812061853
              ],
              [
                -48.462672273793615,
                -22.98788812061855
              ],
              [
                -48.462672273793615,
                -22.987618626033314
              ],
              [
                -48.46348075754932,
                -22.987618626033314
              ],
              [
                -48.46348075754932,
                -22.987349131448077
              ],
              [
                -48.46455873589027,
                -22.98734913144807
              ],
              [
                -48.46455873589027,
                -22.98707963686284
              ],
              [
                -48.4648282304755,
                -22.987079636862838
              ],
              [
                -48.4648282304755,
                -22.986271153107126
              ],
              [
                -48.46455873589027,
                -22.986271153107133
              ],
              [
                -48.46455873589027,
                -22.985732163936664
              ],
              [
                -48.464289241305025,
                -22.985732163936657
              ],
              [
                -48.464289241305025,
                -22.98519317476619
              ],
              [
                -48.46401974671979,
                -22.985193174766188
              ],
              [
                -48.46401974671979,
                -22.98438469101047
              ],
              [
                -48.46375025213455,
                -22.98438469101048
              ],
              [
                -48.46375025213455,
                -22.984115196425243
              ],
              [
                -48.46348075754932,
                -22.984115196425247
              ],
              [
                -48.46348075754932,
                -22.98249822891383
              ],
              [
                -48.46321126296408,
                -22.98249822891382
              ],
              [
                -48.46321126296408,
                -22.981959239743357
              ],
              [
                -48.46294176837885,
                -22.981959239743357
              ],
              [
                -48.46294176837885,
                -22.98168974515813
              ],
              [
                -48.462672273793615,
                -22.98168974515813
              ],
              [
                -48.462672273793615,
                -22.981150755987642
              ],
              [
                -48.4618637900379,
                -22.981150755987642
              ],
              [
                -48.4618637900379,
                -22.980072777646708
              ],
              [
                -48.46159429545267,
                -22.98007277764671
              ],
              [
                -48.46159429545267,
                -22.980342272231933
              ],
              [
                -48.46132480086743,
                -22.98034227223194
              ],
              [
                -48.46132480086743,
                -22.980881261402402
              ],
              [
                -48.46078581169696,
                -22.980881261402402
              ],
              [
                -48.46078581169696,
                -22.981150755987645
              ],
              [
                -48.460516317111725,
                -22.981150755987656
              ],
              [
                -48.460516317111725,
                -22.981420250572885
              ],
              [
                -48.45997732794125,
                -22.98142025057289
              ],
              [
                -48.45997732794125,
                -22.980342272231933
              ],
              [
                -48.45970783335602,
                -22.980342272231944
              ],
              [
                -48.45970783335602,
                -22.98007277764671
              ],
              [
                -48.45916884418555,
                -22.980072777646708
              ],
              [
                -48.45916884418555,
                -22.979803283061475
              ],
              [
                -48.45889934960031,
                -22.979803283061464
              ],
              [
                -48.45889934960031,
                -22.979533788476235
              ],
              [
                -48.458629855015076,
                -22.97953378847623
              ],
              [
                -48.458629855015076,
                -22.978186315550058
              ],
              [
                -48.458360360429836,
                -22.978186315550055
              ],
              [
                -48.458360360429836,
                -22.977916820964808
              ],
              [
                -48.4580908658446,
                -22.97791682096481
              ],
              [
                -48.4580908658446,
                -22.97764732637958
              ],
              [
                -48.457821371259364,
                -22.97764732637958
              ],
              [
                -48.457821371259364,
                -22.977377831794342
              ]
            ]
          ]
        ],
        "type": "MultiPolygon"
      },
      "properties": {
        "id": "185",
        "name": "MB 39 · Soja · 185",
        "class": "Uso agropecuário",
        "area_ha": 63.6393,
        "reviewed": false,
        "pct": 4.622
      }
    },
    {
      "type": "Feature",
      "id": "186",
      "geometry": {
        "coordinates": [
          [
            [
              [
                -48.45755187667413,
                -22.988966098959484
              ],
              [
                -48.45728238208889,
                -22.988966098959484
              ],
              [
                -48.45728238208889,
                -22.98923559354473
              ],
              [
                -48.45755187667413,
                -22.989235593544723
              ],
              [
                -48.45755187667413,
                -22.988966098959484
              ]
            ]
          ]
        ],
        "type": "MultiPolygon"
      },
      "properties": {
        "id": "186",
        "name": "MB 39 · Soja · 186",
        "class": "Uso agropecuário",
        "area_ha": 0.0825,
        "reviewed": false,
        "pct": 0.006
      }
    },
    {
      "type": "Feature",
      "id": "187",
      "geometry": {
        "coordinates": [
          [
            [
              [
                -48.45566541457748,
                -22.979533788476232
              ],
              [
                -48.45566541457748,
                -22.979264293891003
              ],
              [
                -48.45458743623654,
                -22.979264293891
              ],
              [
                -48.45458743623654,
                -22.97899479930577
              ],
              [
                -48.45431794165129,
                -22.978994799305763
              ],
              [
                -48.45431794165129,
                -22.978725304720538
              ],
              [
                -48.45404844706606,
                -22.97872530472053
              ],
              [
                -48.45404844706606,
                -22.979264293891003
              ],
              [
                -48.45377895248083,
                -22.979264293890992
              ],
              [
                -48.45377895248083,
                -22.978994799305767
              ],
              [
                -48.453509457895585,
                -22.978994799305752
              ],
              [
                -48.453509457895585,
                -22.979264293890992
              ],
              [
                -48.45323996331036,
                -22.979264293891006
              ],
              [
                -48.45323996331036,
                -22.979533788476243
              ],
              [
                -48.453509457895585,
                -22.979533788476243
              ],
              [
                -48.453509457895585,
                -22.980072777646704
              ],
              [
                -48.45377895248083,
                -22.980072777646697
              ],
              [
                -48.45377895248083,
                -22.9808812614024
              ],
              [
                -48.45431794165129,
                -22.980881261402423
              ],
              [
                -48.45431794165129,
                -22.981420250572885
              ],
              [
                -48.45404844706606,
                -22.981420250572892
              ],
              [
                -48.45404844706606,
                -22.98168974515812
              ],
              [
                -48.45458743623654,
                -22.981689745158125
              ],
              [
                -48.45458743623654,
                -22.98249822891383
              ],
              [
                -48.45485693082176,
                -22.98249822891383
              ],
              [
                -48.45485693082176,
                -22.983037218084306
              ],
              [
                -48.45404844706606,
                -22.983037218084302
              ],
              [
                -48.45404844706606,
                -22.983306712669535
              ],
              [
                -48.45512642540701,
                -22.983306712669535
              ],
              [
                -48.45512642540701,
                -22.98438469101048
              ],
              [
                -48.455395919992235,
                -22.984384691010487
              ],
              [
                -48.455395919992235,
                -22.985193174766184
              ],
              [
                -48.45566541457748,
                -22.985193174766184
              ],
              [
                -48.45566541457748,
                -22.986001658521893
              ],
              [
                -48.455934909162714,
                -22.986001658521907
              ],
              [
                -48.455934909162714,
                -22.98654064769236
              ],
              [
                -48.456204403747954,
                -22.98654064769237
              ],
              [
                -48.456204403747954,
                -22.987079636862838
              ],
              [
                -48.455395919992235,
                -22.98707963686284
              ],
              [
                -48.455395919992235,
                -22.986810142277612
              ],
              [
                -48.45512642540701,
                -22.986810142277605
              ],
              [
                -48.45512642540701,
                -22.98734913144807
              ],
              [
                -48.45566541457748,
                -22.98734913144807
              ],
              [
                -48.45566541457748,
                -22.987618626033306
              ],
              [
                -48.455395919992235,
                -22.987618626033314
              ],
              [
                -48.455395919992235,
                -22.98788812061855
              ],
              [
                -48.455934909162714,
                -22.987888120618546
              ],
              [
                -48.455934909162714,
                -22.98815761520378
              ],
              [
                -48.456743392918426,
                -22.988157615203775
              ],
              [
                -48.456743392918426,
                -22.988696604374255
              ],
              [
                -48.45701288750366,
                -22.988696604374255
              ],
              [
                -48.45701288750366,
                -22.98950508812996
              ],
              [
                -48.4580908658446,
                -22.989505088129963
              ],
              [
                -48.4580908658446,
                -22.988966098959487
              ],
              [
                -48.458360360429836,
                -22.988966098959487
              ],
              [
                -48.458360360429836,
                -22.98842710978901
              ],
              [
                -48.4580908658446,
                -22.988427109789004
              ],
              [
                -48.4580908658446,
                -22.988696604374258
              ],
              [
                -48.457821371259364,
                -22.988696604374255
              ],
              [
                -48.457821371259364,
                -22.988966098959487
              ],
              [
                -48.45755187667413,
                -22.988966098959484
              ],
              [
                -48.45755187667413,
                -22.98869660437425
              ],
              [
                -48.45728238208889,
                -22.98869660437426
              ],
              [
                -48.45728238208889,
                -22.988427109789022
              ],
              [
                -48.45755187667413,
                -22.988427109789015
              ],
              [
                -48.45755187667413,
                -22.987888120618546
              ],
              [
                -48.457821371259364,
                -22.987888120618546
              ],
              [
                -48.457821371259364,
                -22.987079636862834
              ],
              [
                -48.4580908658446,
                -22.987079636862838
              ],
              [
                -48.4580908658446,
                -22.98681014227761
              ],
              [
                -48.458360360429836,
                -22.986810142277598
              ],
              [
                -48.458360360429836,
                -22.986540647692372
              ],
              [
                -48.4580908658446,
                -22.98654064769236
              ],
              [
                -48.4580908658446,
                -22.986001658521904
              ],
              [
                -48.457821371259364,
                -22.986001658521904
              ],
              [
                -48.457821371259364,
                -22.984654185595712
              ],
              [
                -48.45755187667413,
                -22.98465418559572
              ],
              [
                -48.45755187667413,
                -22.98411519642525
              ],
              [
                -48.45728238208889,
                -22.984115196425243
              ],
              [
                -48.45728238208889,
                -22.983306712669545
              ],
              [
                -48.456743392918426,
                -22.98330671266954
              ],
              [
                -48.456743392918426,
                -22.982767723499066
              ],
              [
                -48.45701288750366,
                -22.982767723499062
              ],
              [
                -48.45701288750366,
                -22.982228734328586
              ],
              [
                -48.456743392918426,
                -22.982228734328604
              ],
              [
                -48.456743392918426,
                -22.98195923974335
              ],
              [
                -48.456473898333186,
                -22.981959239743354
              ],
              [
                -48.456473898333186,
                -22.98168974515812
              ],
              [
                -48.456204403747954,
                -22.981689745158125
              ],
              [
                -48.456204403747954,
                -22.980611766817177
              ],
              [
                -48.455934909162714,
                -22.98061176681718
              ],
              [
                -48.455934909162714,
                -22.98034227223195
              ],
              [
                -48.456204403747954,
                -22.98034227223194
              ],
              [
                -48.456204403747954,
                -22.97980328306144
              ],
              [
                -48.455934909162714,
                -22.979803283061436
              ],
              [
                -48.455934909162714,
                -22.97953378847624
              ],
              [
                -48.45566541457748,
                -22.979533788476232
              ]
            ],
            [
              [
                -48.45755187667413,
                -22.988966098959484
              ],
              [
                -48.45755187667413,
                -22.989235593544723
              ],
              [
                -48.45728238208889,
                -22.98923559354473
              ],
              [
                -48.45728238208889,
                -22.988966098959484
              ],
              [
                -48.45755187667413,
                -22.988966098959484
              ]
            ],
            [
              [
                -48.45566541457748,
                -22.979533788476232
              ],
              [
                -48.45566541457748,
                -22.97980328306146
              ],
              [
                -48.455395919992235,
                -22.97980328306147
              ],
              [
                -48.455395919992235,
                -22.97953378847624
              ],
              [
                -48.45566541457748,
                -22.979533788476232
              ]
            ],
            [
              [
                -48.456204403747954,
                -22.98330671266953
              ],
              [
                -48.456204403747954,
                -22.98411519642525
              ],
              [
                -48.45566541457748,
                -22.984115196425243
              ],
              [
                -48.45566541457748,
                -22.98384570184
              ],
              [
                -48.455395919992235,
                -22.98384570184001
              ],
              [
                -48.455395919992235,
                -22.98357620725477
              ],
              [
                -48.455934909162714,
                -22.983576207254764
              ],
              [
                -48.455934909162714,
                -22.983306712669535
              ],
              [
                -48.456204403747954,
                -22.98330671266953
              ]
            ]
          ]
        ],
        "type": "MultiPolygon"
      },
      "properties": {
        "id": "187",
        "name": "MB 21 · Mosaico de usos · 187",
        "class": "Uso agropecuário",
        "area_ha": 23.6894,
        "reviewed": false,
        "pct": 1.7205
      }
    },
    {
      "type": "Feature",
      "id": "188",
      "geometry": {
        "coordinates": [
          [
            [
              [
                -48.44407714741234,
                -22.987079636862834
              ],
              [
                -48.443538158241864,
                -22.987079636862838
              ],
              [
                -48.443538158241864,
                -22.987618626033314
              ],
              [
                -48.44299916907139,
                -22.987618626033306
              ],
              [
                -48.44299916907139,
                -22.98788812061854
              ],
              [
                -48.44272967448616,
                -22.987888120618543
              ],
              [
                -48.44272967448616,
                -22.988427109789015
              ],
              [
                -48.44111270697474,
                -22.988427109789022
              ],
              [
                -48.44111270697474,
                -22.988966098959484
              ],
              [
                -48.44138220155998,
                -22.988966098959487
              ],
              [
                -48.44138220155998,
                -22.98869660437425
              ],
              [
                -48.44219068531569,
                -22.98869660437425
              ],
              [
                -48.44219068531569,
                -22.988966098959487
              ],
              [
                -48.44246017990092,
                -22.988966098959484
              ],
              [
                -48.44246017990092,
                -22.989235593544723
              ],
              [
                -48.44272967448616,
                -22.989235593544727
              ],
              [
                -48.44272967448616,
                -22.98950508812996
              ],
              [
                -48.443538158241864,
                -22.989505088129953
              ],
              [
                -48.443538158241864,
                -22.988966098959484
              ],
              [
                -48.44272967448616,
                -22.988966098959487
              ],
              [
                -48.44272967448616,
                -22.98869660437426
              ],
              [
                -48.44299916907139,
                -22.988696604374255
              ],
              [
                -48.44299916907139,
                -22.988427109789026
              ],
              [
                -48.44407714741234,
                -22.988427109789022
              ],
              [
                -48.44407714741234,
                -22.987888120618535
              ],
              [
                -48.444346641997576,
                -22.987888120618543
              ],
              [
                -48.444346641997576,
                -22.987618626033317
              ],
              [
                -48.44407714741234,
                -22.987618626033306
              ],
              [
                -48.44407714741234,
                -22.987079636862834
              ]
            ]
          ]
        ],
        "type": "MultiPolygon"
      },
      "properties": {
        "id": "188",
        "name": "MB 11 · Campo alagado · 188",
        "class": "Vegetação nativa mapeada",
        "area_ha": 2.9714,
        "reviewed": false,
        "pct": 0.2158
      }
    },
    {
      "type": "Feature",
      "id": "189",
      "geometry": {
        "coordinates": [
          [
            [
              [
                -48.469948627594974,
                -22.989235593544727
              ],
              [
                -48.4694096384245,
                -22.98923559354473
              ],
              [
                -48.4694096384245,
                -22.989505088129967
              ],
              [
                -48.469948627594974,
                -22.989505088129953
              ],
              [
                -48.469948627594974,
                -22.989235593544727
              ]
            ]
          ]
        ],
        "type": "MultiPolygon"
      },
      "properties": {
        "id": "189",
        "name": "MB 21 · Mosaico de usos · 189",
        "class": "Uso agropecuário",
        "area_ha": 0.1651,
        "reviewed": false,
        "pct": 0.012
      }
    },
    {
      "type": "Feature",
      "id": "190",
      "geometry": {
        "coordinates": [
          [
            [
              [
                -48.48106509422794,
                -22.970640467206383
              ],
              [
                -48.48099790558966,
                -22.970640467163456
              ],
              [
                -48.48099790559472,
                -22.970614628478682
              ],
              [
                -48.477224981416605,
                -22.969163615769816
              ],
              [
                -48.477224981396354,
                -22.96929299423727
              ],
              [
                -48.47749447598159,
                -22.96929299423727
              ],
              [
                -48.47749447598159,
                -22.96956248882251
              ],
              [
                -48.47803346515206,
                -22.96956248882251
              ],
              [
                -48.47803346515206,
                -22.97090996174869
              ],
              [
                -48.47776397056683,
                -22.970909961748692
              ],
              [
                -48.47776397056683,
                -22.971448950919164
              ],
              [
                -48.476955486811114,
                -22.971448950919175
              ],
              [
                -48.476955486811114,
                -22.96983198340775
              ],
              [
                -48.47668599222588,
                -22.969831983407744
              ],
              [
                -48.47668599222588,
                -22.970909961748692
              ],
              [
                -48.47641649764064,
                -22.970909961748692
              ],
              [
                -48.47641649764064,
                -22.97252692926011
              ],
              [
                -48.47668599222588,
                -22.972526929260106
              ],
              [
                -48.47668599222588,
                -22.97279642384534
              ],
              [
                -48.476955486811114,
                -22.97279642384534
              ],
              [
                -48.476955486811114,
                -22.97306591843058
              ],
              [
                -48.47803346515206,
                -22.97306591843058
              ],
              [
                -48.47803346515206,
                -22.97279642384534
              ],
              [
                -48.478302959737306,
                -22.972796423845345
              ],
              [
                -48.478302959737306,
                -22.970909961748692
              ],
              [
                -48.478572454322524,
                -22.970909961748692
              ],
              [
                -48.478572454322524,
                -22.970640467163456
              ],
              [
                -48.47884194890778,
                -22.970640467163452
              ],
              [
                -48.47884194890778,
                -22.970370972578216
              ],
              [
                -48.47991992724871,
                -22.97037097257822
              ],
              [
                -48.47991992724871,
                -22.970640467163452
              ],
              [
                -48.48018942183394,
                -22.970640467163456
              ],
              [
                -48.48018942183394,
                -22.970909961748692
              ],
              [
                -48.480728411004414,
                -22.97090996174869
              ],
              [
                -48.480728411004414,
                -22.971179456333925
              ],
              [
                -48.48045891641919,
                -22.971179456333918
              ],
              [
                -48.48045891641919,
                -22.971448950919164
              ],
              [
                -48.480728411004414,
                -22.971448950919164
              ],
              [
                -48.480728411004414,
                -22.971987940089633
              ],
              [
                -48.48099790558966,
                -22.971987940089637
              ],
              [
                -48.48099790558966,
                -22.972257434674866
              ],
              [
                -48.481267400174886,
                -22.972257434674866
              ],
              [
                -48.481267400174886,
                -22.972526929260102
              ],
              [
                -48.48207588393059,
                -22.97252692926011
              ],
              [
                -48.48207588393059,
                -22.972796423845345
              ],
              [
                -48.482199589737235,
                -22.972796424007633
              ],
              [
                -48.48204988000682,
                -22.971448951561005
              ],
              [
                -48.481806389345365,
                -22.971448950919157
              ],
              [
                -48.481806389345365,
                -22.971179456333925
              ],
              [
                -48.48153689476012,
                -22.971179456333918
              ],
              [
                -48.48153689476012,
                -22.970909961748685
              ],
              [
                -48.481267400174886,
                -22.970909961748692
              ],
              [
                -48.481267400180585,
                -22.970718267767587
              ],
              [
                -48.48106509422794,
                -22.970640467206383
              ]
            ]
          ]
        ],
        "type": "MultiPolygon"
      },
      "properties": {
        "id": "190",
        "name": "MB 3 · Formação florestal · 190",
        "class": "Vegetação nativa mapeada",
        "area_ha": 8.5707,
        "reviewed": false,
        "pct": 0.6225
      }
    },
    {
      "type": "Feature",
      "id": "191",
      "geometry": {
        "coordinates": [
          [
            [
              [
                -48.48264872874619,
                -22.97683884264909
              ],
              [
                -48.48261487310106,
                -22.976838842623877
              ],
              [
                -48.48261487310106,
                -22.978186315550058
              ],
              [
                -48.48234537851584,
                -22.978186315550058
              ],
              [
                -48.48234537851584,
                -22.978994799305745
              ],
              [
                -48.48207588393059,
                -22.978994799305763
              ],
              [
                -48.48207588393059,
                -22.979264293891003
              ],
              [
                -48.481806389345365,
                -22.979264293890996
              ],
              [
                -48.481806389345365,
                -22.980072777646704
              ],
              [
                -48.48153689476012,
                -22.9800727776467
              ],
              [
                -48.48153689476012,
                -22.980611766817166
              ],
              [
                -48.481267400174886,
                -22.980611766817177
              ],
              [
                -48.481267400174886,
                -22.98115075598765
              ],
              [
                -48.48099790558966,
                -22.981150755987652
              ],
              [
                -48.48099790558966,
                -22.98195923974335
              ],
              [
                -48.481267400174886,
                -22.981959239743357
              ],
              [
                -48.481267400174886,
                -22.98249822891382
              ],
              [
                -48.48153689476012,
                -22.982498228913826
              ],
              [
                -48.48153689476012,
                -22.983845701839993
              ],
              [
                -48.48099790558966,
                -22.983845701840014
              ],
              [
                -48.48099790558966,
                -22.98411519642524
              ],
              [
                -48.481806389345365,
                -22.984115196425243
              ],
              [
                -48.481806389345365,
                -22.98519317476619
              ],
              [
                -48.48153689476012,
                -22.985193174766184
              ],
              [
                -48.48153689476012,
                -22.986001658521893
              ],
              [
                -48.481267400174886,
                -22.986001658521896
              ],
              [
                -48.481267400174886,
                -22.989235593544723
              ],
              [
                -48.48153689476012,
                -22.98923559354472
              ],
              [
                -48.48153689476012,
                -22.98977458271519
              ],
              [
                -48.48234537851584,
                -22.9897745827152
              ],
              [
                -48.48234537851584,
                -22.986810142277594
              ],
              [
                -48.48261487310106,
                -22.986810142277605
              ],
              [
                -48.48261487310106,
                -22.98654064769237
              ],
              [
                -48.48288436768631,
                -22.98654064769236
              ],
              [
                -48.48288436768631,
                -22.984923680180952
              ],
              [
                -48.483153862271536,
                -22.98492368018096
              ],
              [
                -48.483153862271536,
                -22.984115196425247
              ],
              [
                -48.48342335685677,
                -22.984115196425247
              ],
              [
                -48.48342335685677,
                -22.98384570184
              ],
              [
                -48.483427270778215,
                -22.983845701846622
              ],
              [
                -48.48264872874619,
                -22.97683884264909
              ]
            ]
          ]
        ],
        "type": "MultiPolygon"
      },
      "properties": {
        "id": "191",
        "name": "MB 3 · Formação florestal · 191",
        "class": "Vegetação nativa mapeada",
        "area_ha": 18.3914,
        "reviewed": false,
        "pct": 1.3357
      }
    },
    {
      "type": "Feature",
      "id": "192",
      "geometry": {
        "coordinates": [
          [
            [
              [
                -48.48396234603041,
                -22.988661138217978
              ],
              [
                -48.48396234602724,
                -22.98869660437425
              ],
              [
                -48.48369285144202,
                -22.988696604374258
              ],
              [
                -48.48369285155274,
                -22.98924136537962
              ],
              [
                -48.484,
                -22.989000000000004
              ],
              [
                -48.48396234603041,
                -22.988661138217978
              ]
            ]
          ]
        ],
        "type": "MultiPolygon"
      },
      "properties": {
        "id": "192",
        "name": "MB 3 · Formação florestal · 192",
        "class": "Vegetação nativa mapeada",
        "area_ha": 0.1423,
        "reviewed": false,
        "pct": 0.0103
      }
    },
    {
      "type": "Feature",
      "id": "193",
      "geometry": {
        "coordinates": [
          [
            [
              [
                -48.48369285155228,
                -22.986235832447562
              ],
              [
                -48.48369285144202,
                -22.986810142277598
              ],
              [
                -48.48342335685677,
                -22.986810142277612
              ],
              [
                -48.48342335685677,
                -22.987349131448074
              ],
              [
                -48.483153862271536,
                -22.987349131448077
              ],
              [
                -48.483153862271536,
                -22.987888120618532
              ],
              [
                -48.48342335685677,
                -22.987888120618532
              ],
              [
                -48.48342335685677,
                -22.98815761520378
              ],
              [
                -48.48369285144202,
                -22.988157615203782
              ],
              [
                -48.48369285144202,
                -22.98842710978903
              ],
              [
                -48.48393634109611,
                -22.988427109809027
              ],
              [
                -48.48369285155228,
                -22.986235832447562
              ]
            ]
          ]
        ],
        "type": "MultiPolygon"
      },
      "properties": {
        "id": "193",
        "name": "MB 3 · Formação florestal · 193",
        "class": "Vegetação nativa mapeada",
        "area_ha": 0.8809,
        "reviewed": false,
        "pct": 0.064
      }
    },
    {
      "type": "Feature",
      "id": "194",
      "geometry": {
        "coordinates": [
          [
            [
              [
                -48.48351710538264,
                -22.98465418580747
              ],
              [
                -48.48342335685677,
                -22.984654185595712
              ],
              [
                -48.48342335685677,
                -22.98573216393666
              ],
              [
                -48.48363688570973,
                -22.985732163974426
              ],
              [
                -48.48351710538264,
                -22.98465418580747
              ]
            ]
          ]
        ],
        "type": "MultiPolygon"
      },
      "properties": {
        "id": "194",
        "name": "MB 3 · Formação florestal · 194",
        "class": "Vegetação nativa mapeada",
        "area_ha": 0.1882,
        "reviewed": false,
        "pct": 0.0137
      }
    },
    {
      "type": "Feature",
      "id": "195",
      "geometry": {
        "coordinates": [
          [
            [
              [
                -48.445963609508986,
                -22.989235593544727
              ],
              [
                -48.44515512575328,
                -22.989235593544723
              ],
              [
                -48.44515512575328,
                -22.98950508812996
              ],
              [
                -48.44488563116805,
                -22.989505088129963
              ],
              [
                -48.44488563116805,
                -22.989774582715203
              ],
              [
                -48.445963609508986,
                -22.989774582715192
              ],
              [
                -48.445963609508986,
                -22.989235593544727
              ]
            ]
          ]
        ],
        "type": "MultiPolygon"
      },
      "properties": {
        "id": "195",
        "name": "MB 21 · Mosaico de usos · 195",
        "class": "Uso agropecuário",
        "area_ha": 0.5778,
        "reviewed": false,
        "pct": 0.042
      }
    },
    {
      "type": "Feature",
      "id": "196",
      "geometry": {
        "coordinates": [
          [
            [
              [
                -48.47965043266347,
                -22.98950508812996
              ],
              [
                -48.479380938078236,
                -22.98950508812996
              ],
              [
                -48.479380938078236,
                -22.989774582715196
              ],
              [
                -48.47965043266347,
                -22.989774582715196
              ],
              [
                -48.47965043266347,
                -22.98950508812996
              ]
            ]
          ]
        ],
        "type": "MultiPolygon"
      },
      "properties": {
        "id": "196",
        "name": "MB 21 · Mosaico de usos · 196",
        "class": "Uso agropecuário",
        "area_ha": 0.0825,
        "reviewed": false,
        "pct": 0.006
      }
    },
    {
      "type": "Feature",
      "id": "197",
      "geometry": {
        "coordinates": [
          [
            [
              [
                -48.45404844706606,
                -22.989505088129956
              ],
              [
                -48.45377895248083,
                -22.989505088129967
              ],
              [
                -48.45377895248083,
                -22.989774582715196
              ],
              [
                -48.45404844706606,
                -22.989774582715196
              ],
              [
                -48.45404844706606,
                -22.989505088129956
              ]
            ]
          ]
        ],
        "type": "MultiPolygon"
      },
      "properties": {
        "id": "197",
        "name": "MB 39 · Soja · 197",
        "class": "Uso agropecuário",
        "area_ha": 0.0825,
        "reviewed": false,
        "pct": 0.006
      }
    },
    {
      "type": "Feature",
      "id": "198",
      "geometry": {
        "coordinates": [
          [
            [
              [
                -48.45377895248083,
                -22.989774582715196
              ],
              [
                -48.45297046872511,
                -22.9897745827152
              ],
              [
                -48.45297046872511,
                -22.99031357188567
              ],
              [
                -48.45323996331036,
                -22.990313571885675
              ],
              [
                -48.45323996331036,
                -22.990044077300425
              ],
              [
                -48.45377895248083,
                -22.99004407730044
              ],
              [
                -48.45377895248083,
                -22.989774582715196
              ]
            ]
          ]
        ],
        "type": "MultiPolygon"
      },
      "properties": {
        "id": "198",
        "name": "MB 39 · Soja · 198",
        "class": "Uso agropecuário",
        "area_ha": 0.3302,
        "reviewed": false,
        "pct": 0.024
      }
    },
    {
      "type": "Feature",
      "id": "199",
      "geometry": {
        "coordinates": [
          [
            [
              [
                -48.48018942183394,
                -22.9897745827152
              ],
              [
                -48.47965043266347,
                -22.989774582715196
              ],
              [
                -48.47965043266347,
                -22.99031357188567
              ],
              [
                -48.48018942183394,
                -22.990313571885675
              ],
              [
                -48.48018942183394,
                -22.990583066470908
              ],
              [
                -48.481267400174886,
                -22.990583066470904
              ],
              [
                -48.481267400174886,
                -22.99031357188567
              ],
              [
                -48.48045891641919,
                -22.99031357188567
              ],
              [
                -48.48045891641919,
                -22.990044077300432
              ],
              [
                -48.48018942183394,
                -22.990044077300432
              ],
              [
                -48.48018942183394,
                -22.9897745827152
              ]
            ]
          ]
        ],
        "type": "MultiPolygon"
      },
      "properties": {
        "id": "199",
        "name": "MB 21 · Mosaico de usos · 199",
        "class": "Uso agropecuário",
        "area_ha": 0.7428,
        "reviewed": false,
        "pct": 0.0539
      }
    },
    {
      "type": "Feature",
      "id": "200",
      "geometry": {
        "coordinates": [
          [
            [
              [
                -48.45081451204323,
                -22.99031357188567
              ],
              [
                -48.45027552287276,
                -22.990313571885668
              ],
              [
                -48.45027552287276,
                -22.990583066470915
              ],
              [
                -48.45081451204323,
                -22.9905830664709
              ],
              [
                -48.45081451204323,
                -22.99031357188567
              ]
            ]
          ]
        ],
        "type": "MultiPolygon"
      },
      "properties": {
        "id": "200",
        "name": "MB 39 · Soja · 200",
        "class": "Uso agropecuário",
        "area_ha": 0.1651,
        "reviewed": false,
        "pct": 0.012
      }
    },
    {
      "type": "Feature",
      "id": "201",
      "geometry": {
        "coordinates": [
          [
            [
              [
                -48.44299916907139,
                -22.990313571885668
              ],
              [
                -48.44219068531569,
                -22.990313571885668
              ],
              [
                -48.44219068531569,
                -22.990583066470908
              ],
              [
                -48.44299916907139,
                -22.990583066470897
              ],
              [
                -48.44299916907139,
                -22.990313571885668
              ]
            ]
          ]
        ],
        "type": "MultiPolygon"
      },
      "properties": {
        "id": "201",
        "name": "MB 21 · Mosaico de usos · 201",
        "class": "Uso agropecuário",
        "area_ha": 0.2476,
        "reviewed": false,
        "pct": 0.018
      }
    },
    {
      "type": "Feature",
      "id": "202",
      "geometry": {
        "coordinates": [
          [
            [
              [
                -48.4467720932647,
                -22.987618626033317
              ],
              [
                -48.44650259867946,
                -22.987618626033314
              ],
              [
                -48.44650259867946,
                -22.987888120618546
              ],
              [
                -48.446233104094226,
                -22.98788812061854
              ],
              [
                -48.446233104094226,
                -22.988157615203786
              ],
              [
                -48.445963609508986,
                -22.988157615203797
              ],
              [
                -48.445963609508986,
                -22.988427109789015
              ],
              [
                -48.445424620338514,
                -22.988427109789022
              ],
              [
                -48.445424620338514,
                -22.988696604374255
              ],
              [
                -48.445694114923754,
                -22.98869660437426
              ],
              [
                -48.445694114923754,
                -22.988966098959498
              ],
              [
                -48.44515512575328,
                -22.988966098959494
              ],
              [
                -48.44515512575328,
                -22.989235593544723
              ],
              [
                -48.445963609508986,
                -22.989235593544727
              ],
              [
                -48.445963609508986,
                -22.989774582715192
              ],
              [
                -48.44488563116805,
                -22.989774582715203
              ],
              [
                -48.44488563116805,
                -22.990044077300432
              ],
              [
                -48.44461613658281,
                -22.990044077300432
              ],
              [
                -48.44461613658281,
                -22.990583066470908
              ],
              [
                -48.44515512575328,
                -22.99058306647091
              ],
              [
                -48.44515512575328,
                -22.990852561056144
              ],
              [
                -48.445963609508986,
                -22.99085256105614
              ],
              [
                -48.445963609508986,
                -22.990583066470904
              ],
              [
                -48.44650259867946,
                -22.990583066470908
              ],
              [
                -48.44650259867946,
                -22.99031357188567
              ],
              [
                -48.4467720932647,
                -22.99031357188568
              ],
              [
                -48.4467720932647,
                -22.989505088129967
              ],
              [
                -48.44704158784993,
                -22.98950508812993
              ],
              [
                -48.44704158784993,
                -22.987888120618543
              ],
              [
                -48.4467720932647,
                -22.987888120618543
              ],
              [
                -48.4467720932647,
                -22.987618626033317
              ]
            ]
          ]
        ],
        "type": "MultiPolygon"
      },
      "properties": {
        "id": "202",
        "name": "MB 11 · Campo alagado · 202",
        "class": "Vegetação nativa mapeada",
        "area_ha": 4.7873,
        "reviewed": false,
        "pct": 0.3477
      }
    },
    {
      "type": "Feature",
      "id": "203",
      "geometry": {
        "coordinates": [
          [
            [
              [
                -48.448658555361355,
                -22.988427109789022
              ],
              [
                -48.448119566190876,
                -22.988427109789015
              ],
              [
                -48.448119566190876,
                -22.988157615203775
              ],
              [
                -48.44785007160565,
                -22.98815761520379
              ],
              [
                -48.44785007160565,
                -22.987618626033306
              ],
              [
                -48.4475805770204,
                -22.987618626033314
              ],
              [
                -48.4475805770204,
                -22.98869660437425
              ],
              [
                -48.44731108243518,
                -22.98869660437425
              ],
              [
                -48.44731108243518,
                -22.98923559354472
              ],
              [
                -48.4475805770204,
                -22.989235593544723
              ],
              [
                -48.4475805770204,
                -22.989774582715192
              ],
              [
                -48.45000602828753,
                -22.989774582715203
              ],
              [
                -48.45000602828753,
                -22.990313571885668
              ],
              [
                -48.45027552287276,
                -22.990313571885668
              ],
              [
                -48.45027552287276,
                -22.990044077300432
              ],
              [
                -48.450545017458005,
                -22.990044077300432
              ],
              [
                -48.450545017458005,
                -22.98977458271521
              ],
              [
                -48.45081451204323,
                -22.989774582715192
              ],
              [
                -48.45081451204323,
                -22.990044077300432
              ],
              [
                -48.45108400662848,
                -22.990044077300432
              ],
              [
                -48.45108400662848,
                -22.99031357188567
              ],
              [
                -48.451622995798935,
                -22.990313571885668
              ],
              [
                -48.451622995798935,
                -22.9905830664709
              ],
              [
                -48.45135350121371,
                -22.990583066470908
              ],
              [
                -48.45135350121371,
                -22.990852561056148
              ],
              [
                -48.45189249038418,
                -22.990852561056144
              ],
              [
                -48.45189249038418,
                -22.99031357188567
              ],
              [
                -48.452431479554654,
                -22.990313571885668
              ],
              [
                -48.452431479554654,
                -22.990044077300432
              ],
              [
                -48.451622995798935,
                -22.99004407730044
              ],
              [
                -48.451622995798935,
                -22.9897745827152
              ],
              [
                -48.45216198496941,
                -22.9897745827152
              ],
              [
                -48.45216198496941,
                -22.98950508812996
              ],
              [
                -48.45270097413988,
                -22.989505088129953
              ],
              [
                -48.45270097413988,
                -22.989774582715196
              ],
              [
                -48.45297046872511,
                -22.9897745827152
              ],
              [
                -48.45297046872511,
                -22.989235593544723
              ],
              [
                -48.45323996331036,
                -22.989235593544727
              ],
              [
                -48.45323996331036,
                -22.98950508812996
              ],
              [
                -48.453509457895585,
                -22.989505088129956
              ],
              [
                -48.453509457895585,
                -22.989235593544723
              ],
              [
                -48.45404844706606,
                -22.98923559354473
              ],
              [
                -48.45404844706606,
                -22.987618626033314
              ],
              [
                -48.45431794165129,
                -22.98761862603331
              ],
              [
                -48.45431794165129,
                -22.98707963686284
              ],
              [
                -48.45404844706606,
                -22.987079636862838
              ],
              [
                -48.45404844706606,
                -22.98654064769237
              ],
              [
                -48.452431479554654,
                -22.98654064769236
              ],
              [
                -48.452431479554654,
                -22.986810142277598
              ],
              [
                -48.45108400662848,
                -22.9868101422776
              ],
              [
                -48.45108400662848,
                -22.987618626033314
              ],
              [
                -48.45135350121371,
                -22.987618626033314
              ],
              [
                -48.45135350121371,
                -22.98815761520378
              ],
              [
                -48.45108400662848,
                -22.98815761520379
              ],
              [
                -48.45108400662848,
                -22.988427109789026
              ],
              [
                -48.45081451204323,
                -22.988427109789022
              ],
              [
                -48.45081451204323,
                -22.986810142277598
              ],
              [
                -48.45000602828753,
                -22.98681014227761
              ],
              [
                -48.45000602828753,
                -22.987079636862845
              ],
              [
                -48.44892804994658,
                -22.98707963686285
              ],
              [
                -48.44892804994658,
                -22.987349131448077
              ],
              [
                -48.44838906077611,
                -22.987349131448077
              ],
              [
                -48.44838906077611,
                -22.987618626033317
              ],
              [
                -48.44892804994658,
                -22.987618626033314
              ],
              [
                -48.44892804994658,
                -22.98815761520378
              ],
              [
                -48.448658555361355,
                -22.988157615203786
              ],
              [
                -48.448658555361355,
                -22.988427109789022
              ]
            ],
            [
              [
                -48.448658555361355,
                -22.988427109789022
              ],
              [
                -48.44919754453183,
                -22.988427109789022
              ],
              [
                -48.44919754453183,
                -22.988696604374255
              ],
              [
                -48.448658555361355,
                -22.988696604374258
              ],
              [
                -48.448658555361355,
                -22.988427109789022
              ]
            ]
          ]
        ],
        "type": "MultiPolygon"
      },
      "properties": {
        "id": "203",
        "name": "MB 39 · Soja · 203",
        "class": "Uso agropecuário",
        "area_ha": 19.9745,
        "reviewed": false,
        "pct": 1.4507
      }
    },
    {
      "type": "Feature",
      "id": "204",
      "geometry": {
        "coordinates": [
          [
            [
              [
                -48.48369285155274,
                -22.98924136537962
              ],
              [
                -48.48369285144202,
                -22.988696604374258
              ],
              [
                -48.48342335685677,
                -22.988696604374255
              ],
              [
                -48.48342335685677,
                -22.989235593544727
              ],
              [
                -48.48234537851584,
                -22.989235593544727
              ],
              [
                -48.48234537851584,
                -22.9897745827152
              ],
              [
                -48.48153689476012,
                -22.98977458271519
              ],
              [
                -48.48153689476012,
                -22.98923559354472
              ],
              [
                -48.48099790558966,
                -22.989235593544723
              ],
              [
                -48.48099790558966,
                -22.989505088129963
              ],
              [
                -48.481267400174886,
                -22.98950508812996
              ],
              [
                -48.481267400174886,
                -22.99004407730043
              ],
              [
                -48.48153689476012,
                -22.990044077300425
              ],
              [
                -48.48153689476012,
                -22.99085256105614
              ],
              [
                -48.4816424811545,
                -22.990852561110845
              ],
              [
                -48.48369285155274,
                -22.98924136537962
              ]
            ]
          ]
        ],
        "type": "MultiPolygon"
      },
      "properties": {
        "id": "204",
        "name": "MB 21 · Mosaico de usos · 204",
        "class": "Uso agropecuário",
        "area_ha": 2.0846,
        "reviewed": false,
        "pct": 0.1514
      }
    },
    {
      "type": "Feature",
      "id": "205",
      "geometry": {
        "coordinates": [
          [
            [
              [
                -48.441232395298506,
                -22.990313573115895
              ],
              [
                -48.441651696145215,
                -22.990313571885668
              ],
              [
                -48.441651696145215,
                -22.990583066470904
              ],
              [
                -48.44219068531569,
                -22.990583066470908
              ],
              [
                -48.44219068531569,
                -22.990313571885668
              ],
              [
                -48.44299916907139,
                -22.990313571885668
              ],
              [
                -48.44299916907139,
                -22.990583066470897
              ],
              [
                -48.44407714741234,
                -22.99058306647091
              ],
              [
                -48.44407714741234,
                -22.99031357188567
              ],
              [
                -48.44461613658281,
                -22.990313571885668
              ],
              [
                -48.44461613658281,
                -22.990044077300432
              ],
              [
                -48.44488563116805,
                -22.990044077300432
              ],
              [
                -48.44488563116805,
                -22.989505088129963
              ],
              [
                -48.44515512575328,
                -22.98950508812996
              ],
              [
                -48.44515512575328,
                -22.988966098959494
              ],
              [
                -48.445694114923754,
                -22.988966098959498
              ],
              [
                -48.445694114923754,
                -22.98869660437426
              ],
              [
                -48.445424620338514,
                -22.988696604374255
              ],
              [
                -48.445424620338514,
                -22.988427109789022
              ],
              [
                -48.445963609508986,
                -22.988427109789015
              ],
              [
                -48.445963609508986,
                -22.988157615203797
              ],
              [
                -48.446233104094226,
                -22.988157615203786
              ],
              [
                -48.446233104094226,
                -22.98788812061854
              ],
              [
                -48.44650259867946,
                -22.987888120618546
              ],
              [
                -48.44650259867946,
                -22.987618626033314
              ],
              [
                -48.4467720932647,
                -22.987618626033317
              ],
              [
                -48.4467720932647,
                -22.987888120618543
              ],
              [
                -48.44704158784993,
                -22.987888120618543
              ],
              [
                -48.44704158784993,
                -22.98950508812993
              ],
              [
                -48.4467720932647,
                -22.989505088129967
              ],
              [
                -48.4467720932647,
                -22.99031357188568
              ],
              [
                -48.44650259867946,
                -22.99031357188567
              ],
              [
                -48.44650259867946,
                -22.990852561056148
              ],
              [
                -48.44704158784993,
                -22.99085256105614
              ],
              [
                -48.44704158784993,
                -22.99031357188567
              ],
              [
                -48.44731108243518,
                -22.990313571885675
              ],
              [
                -48.44731108243518,
                -22.98734913144808
              ],
              [
                -48.4475805770204,
                -22.98734913144807
              ],
              [
                -48.4475805770204,
                -22.9868101422776
              ],
              [
                -48.44731108243518,
                -22.98681014227761
              ],
              [
                -48.44731108243518,
                -22.98654064769236
              ],
              [
                -48.44704158784993,
                -22.98654064769236
              ],
              [
                -48.44704158784993,
                -22.986001658521904
              ],
              [
                -48.4467720932647,
                -22.986001658521896
              ],
              [
                -48.4467720932647,
                -22.985732163936657
              ],
              [
                -48.446233104094226,
                -22.98573216393666
              ],
              [
                -48.446233104094226,
                -22.985193174766195
              ],
              [
                -48.445963609508986,
                -22.985193174766188
              ],
              [
                -48.445963609508986,
                -22.984923680180955
              ],
              [
                -48.445694114923754,
                -22.98492368018096
              ],
              [
                -48.445694114923754,
                -22.984654185595716
              ],
              [
                -48.44515512575328,
                -22.98465418559572
              ],
              [
                -48.44515512575328,
                -22.984384691010483
              ],
              [
                -48.44488563116805,
                -22.984384691010476
              ],
              [
                -48.44488563116805,
                -22.98411519642525
              ],
              [
                -48.444346641997576,
                -22.984115196425257
              ],
              [
                -48.444346641997576,
                -22.98384570184001
              ],
              [
                -48.44407714741234,
                -22.98384570184
              ],
              [
                -48.44407714741234,
                -22.983576207254774
              ],
              [
                -48.443807652827104,
                -22.98357620725477
              ],
              [
                -48.443807652827104,
                -22.98330671266954
              ],
              [
                -48.44326866365663,
                -22.983306712669535
              ],
              [
                -48.44326866365663,
                -22.983037218084302
              ],
              [
                -48.44299916907139,
                -22.983037218084302
              ],
              [
                -48.44299916907139,
                -22.98276772349906
              ],
              [
                -48.441651696145215,
                -22.982767723499066
              ],
              [
                -48.441651696145215,
                -22.982228734328597
              ],
              [
                -48.44138220155998,
                -22.982228734328586
              ],
              [
                -48.44138220155998,
                -22.981959239743354
              ],
              [
                -48.44111270697474,
                -22.981959239743347
              ],
              [
                -48.44111270697474,
                -22.98115075598766
              ],
              [
                -48.44084321238951,
                -22.98115075598765
              ],
              [
                -48.44084321238951,
                -22.980881261402406
              ],
              [
                -48.44111270697474,
                -22.980881261402416
              ],
              [
                -48.44111270697474,
                -22.980342272231944
              ],
              [
                -48.44138220155998,
                -22.98034227223195
              ],
              [
                -48.44138220155998,
                -22.980072777646715
              ],
              [
                -48.441921190730454,
                -22.9800727776467
              ],
              [
                -48.441921190730454,
                -22.979803283061464
              ],
              [
                -48.44246017990092,
                -22.979803283061468
              ],
              [
                -48.44246017990092,
                -22.979533788476232
              ],
              [
                -48.44272967448616,
                -22.979533788476235
              ],
              [
                -48.44272967448616,
                -22.97980328306148
              ],
              [
                -48.44299916907139,
                -22.97980328306146
              ],
              [
                -48.44299916907139,
                -22.98007277764671
              ],
              [
                -48.44326866365663,
                -22.980072777646715
              ],
              [
                -48.44326866365663,
                -22.980342272231944
              ],
              [
                -48.44515512575328,
                -22.980342272231947
              ],
              [
                -48.44515512575328,
                -22.980072777646704
              ],
              [
                -48.445424620338514,
                -22.980072777646715
              ],
              [
                -48.445424620338514,
                -22.98034227223194
              ],
              [
                -48.445694114923754,
                -22.98034227223193
              ],
              [
                -48.445694114923754,
                -22.9800727776467
              ],
              [
                -48.446233104094226,
                -22.980072777646715
              ],
              [
                -48.446233104094226,
                -22.980342272231947
              ],
              [
                -48.44650259867946,
                -22.980342272231947
              ],
              [
                -48.44650259867946,
                -22.981689745158125
              ],
              [
                -48.4467720932647,
                -22.981689745158125
              ],
              [
                -48.4467720932647,
                -22.981959239743357
              ],
              [
                -48.44704158784993,
                -22.981959239743357
              ],
              [
                -48.44704158784993,
                -22.98222873432859
              ],
              [
                -48.44785007160565,
                -22.982228734328604
              ],
              [
                -48.44785007160565,
                -22.981959239743347
              ],
              [
                -48.448119566190876,
                -22.98195923974335
              ],
              [
                -48.448119566190876,
                -22.98142025057288
              ],
              [
                -48.44838906077611,
                -22.98142025057289
              ],
              [
                -48.44838906077611,
                -22.981150755987645
              ],
              [
                -48.44892804994658,
                -22.981150755987652
              ],
              [
                -48.44892804994658,
                -22.98088126140241
              ],
              [
                -48.44919754453183,
                -22.98088126140241
              ],
              [
                -48.44919754453183,
                -22.98061176681718
              ],
              [
                -48.44946703911705,
                -22.98061176681717
              ],
              [
                -48.44946703911705,
                -22.980342272231933
              ],
              [
                -48.4497365337023,
                -22.980342272231937
              ],
              [
                -48.4497365337023,
                -22.980072777646708
              ],
              [
                -48.45000602828753,
                -22.980072777646708
              ],
              [
                -48.45000602828753,
                -22.98034227223194
              ],
              [
                -48.45027552287276,
                -22.980342272231944
              ],
              [
                -48.45027552287276,
                -22.980072777646708
              ],
              [
                -48.45081451204323,
                -22.980072777646704
              ],
              [
                -48.45081451204323,
                -22.98034227223194
              ],
              [
                -48.45135350121371,
                -22.98034227223195
              ],
              [
                -48.45135350121371,
                -22.98007277764672
              ],
              [
                -48.451622995798935,
                -22.980072777646704
              ],
              [
                -48.451622995798935,
                -22.979803283061468
              ],
              [
                -48.45216198496941,
                -22.979803283061464
              ],
              [
                -48.45216198496941,
                -22.979533788476232
              ],
              [
                -48.45270097413988,
                -22.97953378847623
              ],
              [
                -48.45270097413988,
                -22.979264293890996
              ],
              [
                -48.45297046872511,
                -22.979264293891006
              ],
              [
                -48.45297046872511,
                -22.97899479930577
              ],
              [
                -48.45323996331036,
                -22.97899479930577
              ],
              [
                -48.45323996331036,
                -22.979264293891006
              ],
              [
                -48.453509457895585,
                -22.979264293890992
              ],
              [
                -48.453509457895585,
                -22.978994799305752
              ],
              [
                -48.45377895248083,
                -22.978994799305767
              ],
              [
                -48.45377895248083,
                -22.979264293890992
              ],
              [
                -48.45404844706606,
                -22.979264293891003
              ],
              [
                -48.45404844706606,
                -22.97872530472053
              ],
              [
                -48.45431794165129,
                -22.978725304720538
              ],
              [
                -48.45431794165129,
                -22.978994799305763
              ],
              [
                -48.45458743623654,
                -22.97899479930577
              ],
              [
                -48.45458743623654,
                -22.979264293891
              ],
              [
                -48.45566541457748,
                -22.979264293891003
              ],
              [
                -48.45566541457748,
                -22.978455810135294
              ],
              [
                -48.456204403747954,
                -22.978455810135287
              ],
              [
                -48.456204403747954,
                -22.97818631555006
              ],
              [
                -48.456473898333186,
                -22.97818631555006
              ],
              [
                -48.456473898333186,
                -22.97791682096482
              ],
              [
                -48.456743392918426,
                -22.97791682096482
              ],
              [
                -48.456743392918426,
                -22.977647326379582
              ],
              [
                -48.45701288750366,
                -22.977647326379593
              ],
              [
                -48.45701288750366,
                -22.977377831794346
              ],
              [
                -48.457821371259364,
                -22.977377831794342
              ],
              [
                -48.457821371259364,
                -22.97764732637958
              ],
              [
                -48.4580908658446,
                -22.97764732637958
              ],
              [
                -48.4580908658446,
                -22.97791682096481
              ],
              [
                -48.458629855015076,
                -22.977916820964804
              ],
              [
                -48.458629855015076,
                -22.977108337209113
              ],
              [
                -48.458360360429836,
                -22.97710833720912
              ],
              [
                -48.458360360429836,
                -22.976569348038634
              ],
              [
                -48.4580908658446,
                -22.976569348038645
              ],
              [
                -48.4580908658446,
                -22.975491369697696
              ],
              [
                -48.457821371259364,
                -22.9754913696977
              ],
              [
                -48.457821371259364,
                -22.974952380527228
              ],
              [
                -48.45755187667413,
                -22.974952380527224
              ],
              [
                -48.45755187667413,
                -22.974413391356755
              ],
              [
                -48.45728238208889,
                -22.97441339135675
              ],
              [
                -48.45728238208889,
                -22.97414389677152
              ],
              [
                -48.45701288750366,
                -22.974143896771523
              ],
              [
                -48.45701288750366,
                -22.973874402186286
              ],
              [
                -48.456204403747954,
                -22.973874402186272
              ],
              [
                -48.456204403747954,
                -22.97441339135676
              ],
              [
                -48.455934909162714,
                -22.974413391356755
              ],
              [
                -48.455934909162714,
                -22.97468288594199
              ],
              [
                -48.456473898333186,
                -22.97468288594199
              ],
              [
                -48.456473898333186,
                -22.975221875112464
              ],
              [
                -48.456743392918426,
                -22.975221875112467
              ],
              [
                -48.456743392918426,
                -22.975760864282933
              ],
              [
                -48.45701288750366,
                -22.975760864282936
              ],
              [
                -48.45701288750366,
                -22.97603035886817
              ],
              [
                -48.456743392918426,
                -22.976030358868165
              ],
              [
                -48.456743392918426,
                -22.976299853453405
              ],
              [
                -48.456473898333186,
                -22.976299853453416
              ],
              [
                -48.456473898333186,
                -22.976569348038634
              ],
              [
                -48.455934909162714,
                -22.976569348038637
              ],
              [
                -48.455934909162714,
                -22.976838842623874
              ],
              [
                -48.45566541457748,
                -22.976838842623874
              ],
              [
                -48.45566541457748,
                -22.97737783179434
              ],
              [
                -48.455395919992235,
                -22.977377831794342
              ],
              [
                -48.455395919992235,
                -22.977647326379582
              ],
              [
                -48.45512642540701,
                -22.977647326379582
              ],
              [
                -48.45512642540701,
                -22.977377831794346
              ],
              [
                -48.45404844706606,
                -22.977377831794353
              ],
              [
                -48.45404844706606,
                -22.97791682096481
              ],
              [
                -48.45377895248083,
                -22.97791682096481
              ],
              [
                -48.45377895248083,
                -22.978186315550055
              ],
              [
                -48.45323996331036,
                -22.978186315550058
              ],
              [
                -48.45323996331036,
                -22.978455810135294
              ],
              [
                -48.45270097413988,
                -22.9784558101353
              ],
              [
                -48.45270097413988,
                -22.978725304720534
              ],
              [
                -48.451622995798935,
                -22.97872530472053
              ],
              [
                -48.451622995798935,
                -22.97899479930577
              ],
              [
                -48.45135350121371,
                -22.97899479930577
              ],
              [
                -48.45135350121371,
                -22.978725304720538
              ],
              [
                -48.450545017458005,
                -22.97872530472053
              ],
              [
                -48.450545017458005,
                -22.978994799305767
              ],
              [
                -48.44946703911705,
                -22.97899479930575
              ],
              [
                -48.44946703911705,
                -22.97872530472053
              ],
              [
                -48.44919754453183,
                -22.97872530472053
              ],
              [
                -48.44919754453183,
                -22.978455810135284
              ],
              [
                -48.44946703911705,
                -22.978455810135294
              ],
              [
                -48.44946703911705,
                -22.978186315550058
              ],
              [
                -48.44892804994658,
                -22.97818631555006
              ],
              [
                -48.44892804994658,
                -22.978455810135298
              ],
              [
                -48.448658555361355,
                -22.978455810135294
              ],
              [
                -48.448658555361355,
                -22.980611766817173
              ],
              [
                -48.448119566190876,
                -22.98061176681717
              ],
              [
                -48.448119566190876,
                -22.98088126140241
              ],
              [
                -48.4475805770204,
                -22.980881261402413
              ],
              [
                -48.4475805770204,
                -22.98034227223194
              ],
              [
                -48.44785007160565,
                -22.98034227223194
              ],
              [
                -48.44785007160565,
                -22.979533788476235
              ],
              [
                -48.4467720932647,
                -22.979533788476235
              ],
              [
                -48.4467720932647,
                -22.97926429389101
              ],
              [
                -48.446233104094226,
                -22.979264293891003
              ],
              [
                -48.446233104094226,
                -22.97953378847623
              ],
              [
                -48.44515512575328,
                -22.979533788476246
              ],
              [
                -48.44515512575328,
                -22.979264293891
              ],
              [
                -48.44407714741234,
                -22.979264293890992
              ],
              [
                -48.44407714741234,
                -22.978994799305763
              ],
              [
                -48.44219068531569,
                -22.97899479930576
              ],
              [
                -48.44219068531569,
                -22.978455810135287
              ],
              [
                -48.441921190730454,
                -22.978455810135287
              ],
              [
                -48.441921190730454,
                -22.97791682096481
              ],
              [
                -48.441651696145215,
                -22.977916820964822
              ],
              [
                -48.441651696145215,
                -22.977377831794342
              ],
              [
                -48.441921190730454,
                -22.97737783179434
              ],
              [
                -48.441921190730454,
                -22.977108337209113
              ],
              [
                -48.44219068531569,
                -22.977108337209113
              ],
              [
                -48.44219068531569,
                -22.976838842623877
              ],
              [
                -48.44246017990092,
                -22.976838842623874
              ],
              [
                -48.44246017990092,
                -22.976569348038637
              ],
              [
                -48.44232167618253,
                -22.976569348095953
              ],
              [
                -48.43868725571447,
                -22.97861347932954
              ],
              [
                -48.43868725570762,
                -22.978725304720527
              ],
              [
                -48.4384884247319,
                -22.978725304764925
              ],
              [
                -48.43841776113009,
                -22.97876504689218
              ],
              [
                -48.43841776112239,
                -22.979264293890996
              ],
              [
                -48.43868725570762,
                -22.979264293890996
              ],
              [
                -48.43868725570762,
                -22.97953378847623
              ],
              [
                -48.43841776112239,
                -22.979533788476235
              ],
              [
                -48.43841776112239,
                -22.98007277764671
              ],
              [
                -48.43830648320942,
                -22.980072777702343
              ],
              [
                -48.43838347614878,
                -22.980342272457733
              ],
              [
                -48.43868725570762,
                -22.980342272231944
              ],
              [
                -48.43868725570762,
                -22.980072777646715
              ],
              [
                -48.438956750292846,
                -22.980072777646722
              ],
              [
                -48.438956750292846,
                -22.979803283061464
              ],
              [
                -48.43922624487809,
                -22.979803283061482
              ],
              [
                -48.43922624487809,
                -22.980072777646708
              ],
              [
                -48.43949573946332,
                -22.980072777646708
              ],
              [
                -48.43949573946332,
                -22.98034227223194
              ],
              [
                -48.439765234048565,
                -22.980342272231944
              ],
              [
                -48.439765234048565,
                -22.980881261402413
              ],
              [
                -48.4400347286338,
                -22.980881261402406
              ],
              [
                -48.4400347286338,
                -22.98115075598765
              ],
              [
                -48.44030422321904,
                -22.98115075598766
              ],
              [
                -48.44030422321904,
                -22.98168974515813
              ],
              [
                -48.4400347286338,
                -22.981689745158132
              ],
              [
                -48.4400347286338,
                -22.982228734328594
              ],
              [
                -48.439765234048565,
                -22.982228734328594
              ],
              [
                -48.439765234048565,
                -22.98249822891383
              ],
              [
                -48.4400347286338,
                -22.982498228913833
              ],
              [
                -48.4400347286338,
                -22.982767723499073
              ],
              [
                -48.44057371780427,
                -22.98276772349907
              ],
              [
                -48.44057371780427,
                -22.983037218084302
              ],
              [
                -48.44030422321904,
                -22.98303721808429
              ],
              [
                -48.44030422321904,
                -22.98411519642525
              ],
              [
                -48.44219068531569,
                -22.98411519642524
              ],
              [
                -48.44219068531569,
                -22.983845701840004
              ],
              [
                -48.44246017990092,
                -22.983845701840004
              ],
              [
                -48.44246017990092,
                -22.983576207254778
              ],
              [
                -48.44272967448616,
                -22.98357620725477
              ],
              [
                -48.44272967448616,
                -22.984384691010483
              ],
              [
                -48.44326866365663,
                -22.984384691010476
              ],
              [
                -48.44326866365663,
                -22.984654185595712
              ],
              [
                -48.444346641997576,
                -22.984654185595716
              ],
              [
                -48.444346641997576,
                -22.984923680180962
              ],
              [
                -48.44488563116805,
                -22.98492368018096
              ],
              [
                -48.44488563116805,
                -22.985193174766188
              ],
              [
                -48.445424620338514,
                -22.98519317476619
              ],
              [
                -48.445424620338514,
                -22.985732163936657
              ],
              [
                -48.445694114923754,
                -22.985732163936657
              ],
              [
                -48.445694114923754,
                -22.986271153107133
              ],
              [
                -48.445424620338514,
                -22.986271153107136
              ],
              [
                -48.445424620338514,
                -22.986810142277598
              ],
              [
                -48.44515512575328,
                -22.986810142277616
              ],
              [
                -48.44515512575328,
                -22.986540647692365
              ],
              [
                -48.44461613658281,
                -22.98654064769236
              ],
              [
                -48.44461613658281,
                -22.9868101422776
              ],
              [
                -48.444346641997576,
                -22.9868101422776
              ],
              [
                -48.444346641997576,
                -22.987079636862834
              ],
              [
                -48.44407714741234,
                -22.987079636862834
              ],
              [
                -48.44407714741234,
                -22.987618626033306
              ],
              [
                -48.444346641997576,
                -22.987618626033317
              ],
              [
                -48.444346641997576,
                -22.987888120618543
              ],
              [
                -48.44407714741234,
                -22.987888120618535
              ],
              [
                -48.44407714741234,
                -22.988427109789022
              ],
              [
                -48.44299916907139,
                -22.988427109789026
              ],
              [
                -48.44299916907139,
                -22.988696604374255
              ],
              [
                -48.44272967448616,
                -22.98869660437426
              ],
              [
                -48.44272967448616,
                -22.988966098959487
              ],
              [
                -48.443538158241864,
                -22.988966098959484
              ],
              [
                -48.443538158241864,
                -22.989505088129953
              ],
              [
                -48.44272967448616,
                -22.98950508812996
              ],
              [
                -48.44272967448616,
                -22.989235593544727
              ],
              [
                -48.44246017990092,
                -22.989235593544723
              ],
              [
                -48.44246017990092,
                -22.988966098959484
              ],
              [
                -48.44219068531569,
                -22.988966098959487
              ],
              [
                -48.44219068531569,
                -22.98869660437425
              ],
              [
                -48.44138220155998,
                -22.98869660437425
              ],
              [
                -48.44138220155998,
                -22.988966098959487
              ],
              [
                -48.44111270697474,
                -22.988966098959484
              ],
              [
                -48.44111270697474,
                -22.988157615203782
              ],
              [
                -48.440616382485466,
                -22.988157615270715
              ],
              [
                -48.441232395298506,
                -22.990313573115895
              ]
            ]
          ]
        ],
        "type": "MultiPolygon"
      },
      "properties": {
        "id": "205",
        "name": "MB 3 · Formação florestal · 205",
        "class": "Vegetação nativa mapeada",
        "area_ha": 65.5971,
        "reviewed": false,
        "pct": 4.7642
      }
    },
    {
      "type": "Feature",
      "id": "206",
      "geometry": {
        "coordinates": [
          [
            [
              [
                -48.44461613658281,
                -22.990852561056148
              ],
              [
                -48.44407714741234,
                -22.990852561056137
              ],
              [
                -48.44407714741234,
                -22.991122055641377
              ],
              [
                -48.443807652827104,
                -22.991122055641373
              ],
              [
                -48.443807652827104,
                -22.991391550226606
              ],
              [
                -48.44407714741234,
                -22.991391550226613
              ],
              [
                -48.44407714741234,
                -22.99166104481185
              ],
              [
                -48.444346641997576,
                -22.991661044811853
              ],
              [
                -48.444346641997576,
                -22.991391550226613
              ],
              [
                -48.44515512575328,
                -22.991391550226613
              ],
              [
                -48.44515512575328,
                -22.99112205564138
              ],
              [
                -48.44461613658281,
                -22.99112205564138
              ],
              [
                -48.44461613658281,
                -22.990852561056148
              ]
            ]
          ]
        ],
        "type": "MultiPolygon"
      },
      "properties": {
        "id": "206",
        "name": "MB 39 · Soja · 206",
        "class": "Uso agropecuário",
        "area_ha": 0.6603,
        "reviewed": false,
        "pct": 0.048
      }
    },
    {
      "type": "Feature",
      "id": "207",
      "geometry": {
        "coordinates": [
          [
            [
              [
                -48.443538158241864,
                -22.991391550226613
              ],
              [
                -48.44326866365663,
                -22.991391550226613
              ],
              [
                -48.44326866365663,
                -22.99166104481185
              ],
              [
                -48.443538158241864,
                -22.99166104481185
              ],
              [
                -48.443538158241864,
                -22.991391550226613
              ]
            ]
          ]
        ],
        "type": "MultiPolygon"
      },
      "properties": {
        "id": "207",
        "name": "MB 20 · Cana · 207",
        "class": "Uso agropecuário",
        "area_ha": 0.0825,
        "reviewed": false,
        "pct": 0.006
      }
    },
    {
      "type": "Feature",
      "id": "208",
      "geometry": {
        "coordinates": [
          [
            [
              [
                -48.47399104637352,
                -22.990852561056144
              ],
              [
                -48.47318256261781,
                -22.99085256105614
              ],
              [
                -48.47318256261781,
                -22.991122055641377
              ],
              [
                -48.47264357344733,
                -22.99112205564138
              ],
              [
                -48.47264357344733,
                -22.991930539397092
              ],
              [
                -48.47318256261781,
                -22.99193053939708
              ],
              [
                -48.47318256261781,
                -22.99139155022662
              ],
              [
                -48.47372155178828,
                -22.991391550226613
              ],
              [
                -48.47372155178828,
                -22.991122055641377
              ],
              [
                -48.47399104637352,
                -22.99112205564138
              ],
              [
                -48.47399104637352,
                -22.990852561056144
              ]
            ]
          ]
        ],
        "type": "MultiPolygon"
      },
      "properties": {
        "id": "208",
        "name": "MB 4 · Formação savânica · 208",
        "class": "Vegetação nativa mapeada",
        "area_ha": 0.9079,
        "reviewed": false,
        "pct": 0.0659
      }
    },
    {
      "type": "Feature",
      "id": "209",
      "geometry": {
        "coordinates": [
          [
            [
              [
                -48.4686011546688,
                -22.99166104481185
              ],
              [
                -48.46833166008357,
                -22.99166104481185
              ],
              [
                -48.46833166008357,
                -22.991930539397085
              ],
              [
                -48.4686011546688,
                -22.991930539397085
              ],
              [
                -48.4686011546688,
                -22.99166104481185
              ]
            ]
          ]
        ],
        "type": "MultiPolygon"
      },
      "properties": {
        "id": "209",
        "name": "MB 21 · Mosaico de usos · 209",
        "class": "Uso agropecuário",
        "area_ha": 0.0825,
        "reviewed": false,
        "pct": 0.006
      }
    },
    {
      "type": "Feature",
      "id": "210",
      "geometry": {
        "coordinates": [
          [
            [
              [
                -48.44219068531569,
                -22.991391550226613
              ],
              [
                -48.441921190730454,
                -22.991391550226613
              ],
              [
                -48.441921190730454,
                -22.992200033982318
              ],
              [
                -48.44246017990092,
                -22.992200033982318
              ],
              [
                -48.44246017990092,
                -22.991661044811853
              ],
              [
                -48.44219068531569,
                -22.991661044811845
              ],
              [
                -48.44219068531569,
                -22.991391550226613
              ]
            ]
          ]
        ],
        "type": "MultiPolygon"
      },
      "properties": {
        "id": "210",
        "name": "MB 21 · Mosaico de usos · 210",
        "class": "Uso agropecuário",
        "area_ha": 0.4127,
        "reviewed": false,
        "pct": 0.03
      }
    },
    {
      "type": "Feature",
      "id": "211",
      "geometry": {
        "coordinates": [
          [
            [
              [
                -48.46887064925403,
                -22.991930539397085
              ],
              [
                -48.4686011546688,
                -22.991930539397085
              ],
              [
                -48.4686011546688,
                -22.99220003398232
              ],
              [
                -48.46887064925403,
                -22.99220003398232
              ],
              [
                -48.46887064925403,
                -22.991930539397085
              ]
            ]
          ]
        ],
        "type": "MultiPolygon"
      },
      "properties": {
        "id": "211",
        "name": "MB 21 · Mosaico de usos · 211",
        "class": "Uso agropecuário",
        "area_ha": 0.0825,
        "reviewed": false,
        "pct": 0.006
      }
    },
    {
      "type": "Feature",
      "id": "212",
      "geometry": {
        "coordinates": [
          [
            [
              [
                -48.4475805770204,
                -22.990313571885668
              ],
              [
                -48.44704158784993,
                -22.99031357188567
              ],
              [
                -48.44704158784993,
                -22.99085256105614
              ],
              [
                -48.4467720932647,
                -22.990852561056148
              ],
              [
                -48.4467720932647,
                -22.99166104481185
              ],
              [
                -48.44704158784993,
                -22.991661044811842
              ],
              [
                -48.44704158784993,
                -22.99193053939709
              ],
              [
                -48.4467720932647,
                -22.99193053939708
              ],
              [
                -48.4467720932647,
                -22.992469528567565
              ],
              [
                -48.44731108243518,
                -22.992469528567558
              ],
              [
                -48.44731108243518,
                -22.99220003398232
              ],
              [
                -48.4475805770204,
                -22.992200033982318
              ],
              [
                -48.4475805770204,
                -22.991122055641384
              ],
              [
                -48.44731108243518,
                -22.991122055641387
              ],
              [
                -48.44731108243518,
                -22.99085256105614
              ],
              [
                -48.4475805770204,
                -22.990852561056144
              ],
              [
                -48.4475805770204,
                -22.990313571885668
              ]
            ]
          ]
        ],
        "type": "MultiPolygon"
      },
      "properties": {
        "id": "212",
        "name": "MB 11 · Campo alagado · 212",
        "class": "Vegetação nativa mapeada",
        "area_ha": 1.5682,
        "reviewed": false,
        "pct": 0.1139
      }
    },
    {
      "type": "Feature",
      "id": "213",
      "geometry": {
        "coordinates": [
          [
            [
              [
                -48.47345205720305,
                -22.988696604374248
              ],
              [
                -48.4723740788621,
                -22.988696604374255
              ],
              [
                -48.4723740788621,
                -22.988966098959494
              ],
              [
                -48.4715655951064,
                -22.988966098959487
              ],
              [
                -48.4715655951064,
                -22.98923559354473
              ],
              [
                -48.47075711135068,
                -22.98923559354473
              ],
              [
                -48.47075711135068,
                -22.98950508812996
              ],
              [
                -48.469948627594974,
                -22.989505088129953
              ],
              [
                -48.469948627594974,
                -22.989774582715196
              ],
              [
                -48.470218122180206,
                -22.9897745827152
              ],
              [
                -48.470218122180206,
                -22.990044077300432
              ],
              [
                -48.47048761676545,
                -22.99004407730044
              ],
              [
                -48.47048761676545,
                -22.99085256105614
              ],
              [
                -48.47075711135068,
                -22.99085256105614
              ],
              [
                -48.47075711135068,
                -22.99112205564138
              ],
              [
                -48.471026605935926,
                -22.991122055641377
              ],
              [
                -48.471026605935926,
                -22.992200033982318
              ],
              [
                -48.47129610052115,
                -22.992200033982325
              ],
              [
                -48.47129610052115,
                -22.992469528567558
              ],
              [
                -48.47264357344733,
                -22.992469528567558
              ],
              [
                -48.47264357344733,
                -22.992200033982325
              ],
              [
                -48.472913068032575,
                -22.99220003398232
              ],
              [
                -48.472913068032575,
                -22.99193053939709
              ],
              [
                -48.47264357344733,
                -22.991930539397092
              ],
              [
                -48.47264357344733,
                -22.99112205564138
              ],
              [
                -48.47318256261781,
                -22.991122055641377
              ],
              [
                -48.47318256261781,
                -22.99085256105614
              ],
              [
                -48.47399104637352,
                -22.990852561056144
              ],
              [
                -48.47399104637352,
                -22.99112205564138
              ],
              [
                -48.47372155178828,
                -22.991122055641377
              ],
              [
                -48.47372155178828,
                -22.991391550226613
              ],
              [
                -48.47318256261781,
                -22.99139155022662
              ],
              [
                -48.47318256261781,
                -22.99166104481185
              ],
              [
                -48.47399104637352,
                -22.99166104481185
              ],
              [
                -48.47399104637352,
                -22.992200033982318
              ],
              [
                -48.47426054095875,
                -22.99220003398232
              ],
              [
                -48.47426054095875,
                -22.992469528567558
              ],
              [
                -48.475069024714465,
                -22.992469528567565
              ],
              [
                -48.475069024714465,
                -22.991930539397085
              ],
              [
                -48.474799530129225,
                -22.991930539397085
              ],
              [
                -48.474799530129225,
                -22.991391550226613
              ],
              [
                -48.47453003554399,
                -22.991391550226616
              ],
              [
                -48.47453003554399,
                -22.990852561056148
              ],
              [
                -48.47426054095875,
                -22.990852561056144
              ],
              [
                -48.47426054095875,
                -22.99031357188567
              ],
              [
                -48.47399104637352,
                -22.99031357188567
              ],
              [
                -48.47399104637352,
                -22.98950508812995
              ],
              [
                -48.47372155178828,
                -22.989505088129956
              ],
              [
                -48.47372155178828,
                -22.988966098959487
              ],
              [
                -48.47345205720305,
                -22.988966098959487
              ],
              [
                -48.47345205720305,
                -22.988696604374248
              ]
            ]
          ]
        ],
        "type": "MultiPolygon"
      },
      "properties": {
        "id": "213",
        "name": "MB 21 · Mosaico de usos · 213",
        "class": "Uso agropecuário",
        "area_ha": 12.628,
        "reviewed": false,
        "pct": 0.9172
      }
    },
    {
      "type": "Feature",
      "id": "214",
      "geometry": {
        "coordinates": [
          [
            [
              [
                -48.45458743623654,
                -22.990852561056148
              ],
              [
                -48.45431794165129,
                -22.99085256105614
              ],
              [
                -48.45431794165129,
                -22.991122055641377
              ],
              [
                -48.453509457895585,
                -22.99112205564137
              ],
              [
                -48.453509457895585,
                -22.992469528567554
              ],
              [
                -48.45485693082176,
                -22.992469528567558
              ],
              [
                -48.45485693082176,
                -22.991930539397085
              ],
              [
                -48.45458743623654,
                -22.991930539397085
              ],
              [
                -48.45458743623654,
                -22.990852561056148
              ]
            ]
          ]
        ],
        "type": "MultiPolygon"
      },
      "properties": {
        "id": "214",
        "name": "MB 25 · Outras áreas não vegetadas · 214",
        "class": "Outras coberturas",
        "area_ha": 1.8984,
        "reviewed": false,
        "pct": 0.1379
      }
    },
    {
      "type": "Feature",
      "id": "215",
      "geometry": {
        "coordinates": [
          [
            [
              [
                -48.462402779208375,
                -22.978455810135294
              ],
              [
                -48.4618637900379,
                -22.978455810135294
              ],
              [
                -48.4618637900379,
                -22.979264293891003
              ],
              [
                -48.46213328462314,
                -22.979264293890996
              ],
              [
                -48.46213328462314,
                -22.979533788476225
              ],
              [
                -48.462402779208375,
                -22.97953378847624
              ],
              [
                -48.462402779208375,
                -22.979803283061468
              ],
              [
                -48.46213328462314,
                -22.979803283061464
              ],
              [
                -48.46213328462314,
                -22.980072777646708
              ],
              [
                -48.462402779208375,
                -22.98007277764672
              ],
              [
                -48.462402779208375,
                -22.980881261402413
              ],
              [
                -48.46294176837885,
                -22.980881261402416
              ],
              [
                -48.46294176837885,
                -22.981150755987652
              ],
              [
                -48.462672273793615,
                -22.981150755987642
              ],
              [
                -48.462672273793615,
                -22.98168974515813
              ],
              [
                -48.46294176837885,
                -22.98168974515813
              ],
              [
                -48.46294176837885,
                -22.981959239743357
              ],
              [
                -48.46321126296408,
                -22.981959239743357
              ],
              [
                -48.46321126296408,
                -22.98249822891382
              ],
              [
                -48.46348075754932,
                -22.98249822891383
              ],
              [
                -48.46348075754932,
                -22.984115196425247
              ],
              [
                -48.46375025213455,
                -22.984115196425243
              ],
              [
                -48.46375025213455,
                -22.98438469101048
              ],
              [
                -48.46401974671979,
                -22.98438469101047
              ],
              [
                -48.46401974671979,
                -22.985193174766188
              ],
              [
                -48.464289241305025,
                -22.98519317476619
              ],
              [
                -48.464289241305025,
                -22.985732163936657
              ],
              [
                -48.46455873589027,
                -22.985732163936664
              ],
              [
                -48.46455873589027,
                -22.986271153107133
              ],
              [
                -48.4648282304755,
                -22.986271153107126
              ],
              [
                -48.4648282304755,
                -22.987079636862838
              ],
              [
                -48.466175703401674,
                -22.98707963686281
              ],
              [
                -48.466175703401674,
                -22.98788812061855
              ],
              [
                -48.46590620881645,
                -22.98788812061855
              ],
              [
                -48.46590620881645,
                -22.98815761520379
              ],
              [
                -48.465636714231216,
                -22.988157615203786
              ],
              [
                -48.465636714231216,
                -22.98869660437426
              ],
              [
                -48.466175703401674,
                -22.988696604374255
              ],
              [
                -48.466175703401674,
                -22.988966098959487
              ],
              [
                -48.46671469257215,
                -22.988966098959487
              ],
              [
                -48.46671469257215,
                -22.989235593544727
              ],
              [
                -48.466984187157394,
                -22.98923559354473
              ],
              [
                -48.466984187157394,
                -22.98950508812996
              ],
              [
                -48.467253681742626,
                -22.98950508812996
              ],
              [
                -48.467253681742626,
                -22.990313571885668
              ],
              [
                -48.46752317632785,
                -22.990313571885665
              ],
              [
                -48.46752317632785,
                -22.99058306647091
              ],
              [
                -48.4677926709131,
                -22.990583066470904
              ],
              [
                -48.4677926709131,
                -22.99112205564138
              ],
              [
                -48.468062165498324,
                -22.991122055641377
              ],
              [
                -48.468062165498324,
                -22.991391550226613
              ],
              [
                -48.46833166008357,
                -22.99139155022661
              ],
              [
                -48.46833166008357,
                -22.99166104481185
              ],
              [
                -48.4686011546688,
                -22.99166104481185
              ],
              [
                -48.4686011546688,
                -22.991930539397085
              ],
              [
                -48.46887064925403,
                -22.991930539397085
              ],
              [
                -48.46887064925403,
                -22.99220003398232
              ],
              [
                -48.4694096384245,
                -22.99220003398232
              ],
              [
                -48.4694096384245,
                -22.992469528567554
              ],
              [
                -48.46967913300975,
                -22.99246952856756
              ],
              [
                -48.46967913300975,
                -22.992739023152794
              ],
              [
                -48.469948627594974,
                -22.992739023152794
              ],
              [
                -48.469948627594974,
                -22.992200033982318
              ],
              [
                -48.47075711135068,
                -22.992200033982325
              ],
              [
                -48.47075711135068,
                -22.99193053939709
              ],
              [
                -48.471026605935926,
                -22.991930539397078
              ],
              [
                -48.471026605935926,
                -22.991122055641377
              ],
              [
                -48.47075711135068,
                -22.99112205564138
              ],
              [
                -48.47075711135068,
                -22.99085256105614
              ],
              [
                -48.47048761676545,
                -22.99085256105614
              ],
              [
                -48.47048761676545,
                -22.99004407730044
              ],
              [
                -48.470218122180206,
                -22.990044077300432
              ],
              [
                -48.470218122180206,
                -22.9897745827152
              ],
              [
                -48.469948627594974,
                -22.989774582715196
              ],
              [
                -48.469948627594974,
                -22.989505088129953
              ],
              [
                -48.4694096384245,
                -22.989505088129967
              ],
              [
                -48.4694096384245,
                -22.98923559354473
              ],
              [
                -48.469140143839276,
                -22.98923559354473
              ],
              [
                -48.469140143839276,
                -22.98896609895949
              ],
              [
                -48.46887064925403,
                -22.98896609895948
              ],
              [
                -48.46887064925403,
                -22.988696604374255
              ],
              [
                -48.46833166008357,
                -22.98869660437425
              ],
              [
                -48.46833166008357,
                -22.98842710978902
              ],
              [
                -48.468062165498324,
                -22.98842710978902
              ],
              [
                -48.468062165498324,
                -22.988157615203782
              ],
              [
                -48.46752317632785,
                -22.98815761520379
              ],
              [
                -48.46752317632785,
                -22.987888120618553
              ],
              [
                -48.466984187157394,
                -22.987888120618543
              ],
              [
                -48.466984187157394,
                -22.98761862603331
              ],
              [
                -48.46671469257215,
                -22.987618626033306
              ],
              [
                -48.46671469257215,
                -22.98707963686284
              ],
              [
                -48.46644519798692,
                -22.987079636862834
              ],
              [
                -48.46644519798692,
                -22.986540647692365
              ],
              [
                -48.46671469257215,
                -22.98654064769237
              ],
              [
                -48.46671469257215,
                -22.986001658521893
              ],
              [
                -48.46644519798692,
                -22.986001658521896
              ],
              [
                -48.46644519798692,
                -22.985732163936657
              ],
              [
                -48.46590620881645,
                -22.985732163936664
              ],
              [
                -48.46590620881645,
                -22.98519317476618
              ],
              [
                -48.466175703401674,
                -22.985193174766195
              ],
              [
                -48.466175703401674,
                -22.98384570184001
              ],
              [
                -48.46590620881645,
                -22.98384570184001
              ],
              [
                -48.46590620881645,
                -22.98249822891383
              ],
              [
                -48.465636714231216,
                -22.982498228913837
              ],
              [
                -48.465636714231216,
                -22.981150755987652
              ],
              [
                -48.46375025213455,
                -22.981150755987656
              ],
              [
                -48.46375025213455,
                -22.980881261402416
              ],
              [
                -48.46348075754932,
                -22.980881261402413
              ],
              [
                -48.46348075754932,
                -22.98034227223194
              ],
              [
                -48.46321126296408,
                -22.98034227223194
              ],
              [
                -48.46321126296408,
                -22.97899479930576
              ],
              [
                -48.46294176837885,
                -22.978994799305767
              ],
              [
                -48.46294176837885,
                -22.97872530472053
              ],
              [
                -48.462402779208375,
                -22.978725304720523
              ],
              [
                -48.462402779208375,
                -22.978455810135294
              ]
            ]
          ]
        ],
        "type": "MultiPolygon"
      },
      "properties": {
        "id": "215",
        "name": "MB 3 · Formação florestal · 215",
        "class": "Vegetação nativa mapeada",
        "area_ha": 31.7776,
        "reviewed": false,
        "pct": 2.308
      }
    },
    {
      "type": "Feature",
      "id": "216",
      "geometry": {
        "coordinates": [
          [
            [
              [
                -48.4816424811545,
                -22.990852561110845
              ],
              [
                -48.48153689476012,
                -22.99085256105614
              ],
              [
                -48.48153689476012,
                -22.990583066470904
              ],
              [
                -48.48018942183394,
                -22.990583066470908
              ],
              [
                -48.48018942183394,
                -22.990313571885675
              ],
              [
                -48.47965043266347,
                -22.99031357188567
              ],
              [
                -48.47965043266347,
                -22.989774582715196
              ],
              [
                -48.479380938078236,
                -22.989774582715196
              ],
              [
                -48.479380938078236,
                -22.98950508812996
              ],
              [
                -48.478572454322524,
                -22.989505088129963
              ],
              [
                -48.478572454322524,
                -22.990044077300432
              ],
              [
                -48.47884194890778,
                -22.990044077300432
              ],
              [
                -48.47884194890778,
                -22.990852561056148
              ],
              [
                -48.479111443493,
                -22.990852561056137
              ],
              [
                -48.479111443493,
                -22.99139155022662
              ],
              [
                -48.479380938078236,
                -22.991391550226613
              ],
              [
                -48.479380938078236,
                -22.991661044811845
              ],
              [
                -48.47965043266347,
                -22.991661044811845
              ],
              [
                -48.47965043266347,
                -22.991930539397085
              ],
              [
                -48.47991992724871,
                -22.99193053939708
              ],
              [
                -48.47991992724871,
                -22.99220003398232
              ],
              [
                -48.47992765104351,
                -22.992200033988713
              ],
              [
                -48.4816424811545,
                -22.990852561110845
              ]
            ]
          ]
        ],
        "type": "MultiPolygon"
      },
      "properties": {
        "id": "216",
        "name": "MB 3 · Formação florestal · 216",
        "class": "Vegetação nativa mapeada",
        "area_ha": 4.131,
        "reviewed": false,
        "pct": 0.3
      }
    },
    {
      "type": "Feature",
      "id": "217",
      "geometry": {
        "coordinates": [
          [
            [
              [
                -48.446233104094226,
                -22.991122055641377
              ],
              [
                -48.445694114923754,
                -22.991122055641387
              ],
              [
                -48.445694114923754,
                -22.991930539397085
              ],
              [
                -48.445963609508986,
                -22.991930539397085
              ],
              [
                -48.445963609508986,
                -22.99220003398232
              ],
              [
                -48.44650259867946,
                -22.99220003398232
              ],
              [
                -48.44650259867946,
                -22.99273902315279
              ],
              [
                -48.4467720932647,
                -22.992739023152794
              ],
              [
                -48.4467720932647,
                -22.99193053939708
              ],
              [
                -48.44704158784993,
                -22.99193053939709
              ],
              [
                -48.44704158784993,
                -22.991661044811842
              ],
              [
                -48.4467720932647,
                -22.99166104481185
              ],
              [
                -48.4467720932647,
                -22.991391550226606
              ],
              [
                -48.446233104094226,
                -22.991391550226606
              ],
              [
                -48.446233104094226,
                -22.991122055641377
              ]
            ]
          ]
        ],
        "type": "MultiPolygon"
      },
      "properties": {
        "id": "217",
        "name": "MB 4 · Formação savânica · 217",
        "class": "Vegetação nativa mapeada",
        "area_ha": 1.3206,
        "reviewed": false,
        "pct": 0.0959
      }
    },
    {
      "type": "Feature",
      "id": "218",
      "geometry": {
        "coordinates": [
          [
            [
              [
                -48.448658555361355,
                -22.991391550226613
              ],
              [
                -48.44838906077611,
                -22.99139155022661
              ],
              [
                -48.44838906077611,
                -22.992200033982325
              ],
              [
                -48.448658555361355,
                -22.992200033982314
              ],
              [
                -48.448658555361355,
                -22.99273902315279
              ],
              [
                -48.44892804994658,
                -22.992739023152794
              ],
              [
                -48.44892804994658,
                -22.992469528567558
              ],
              [
                -48.44919754453183,
                -22.992469528567554
              ],
              [
                -48.44919754453183,
                -22.99193053939708
              ],
              [
                -48.44892804994658,
                -22.991930539397085
              ],
              [
                -48.44892804994658,
                -22.99166104481185
              ],
              [
                -48.448658555361355,
                -22.99166104481185
              ],
              [
                -48.448658555361355,
                -22.991391550226613
              ]
            ]
          ]
        ],
        "type": "MultiPolygon"
      },
      "properties": {
        "id": "218",
        "name": "MB 4 · Formação savânica · 218",
        "class": "Vegetação nativa mapeada",
        "area_ha": 0.7428,
        "reviewed": false,
        "pct": 0.0539
      }
    },
    {
      "type": "Feature",
      "id": "219",
      "geometry": {
        "coordinates": [
          [
            [
              [
                -48.4648282304755,
                -22.99112205564138
              ],
              [
                -48.46455873589027,
                -22.991122055641377
              ],
              [
                -48.46455873589027,
                -22.991661044811845
              ],
              [
                -48.4648282304755,
                -22.99166104481185
              ],
              [
                -48.4648282304755,
                -22.99300851773803
              ],
              [
                -48.465097725060744,
                -22.99300851773803
              ],
              [
                -48.465097725060744,
                -22.99139155022661
              ],
              [
                -48.4648282304755,
                -22.991391550226613
              ],
              [
                -48.4648282304755,
                -22.99112205564138
              ]
            ]
          ]
        ],
        "type": "MultiPolygon"
      },
      "properties": {
        "id": "219",
        "name": "MB 21 · Mosaico de usos · 219",
        "class": "Uso agropecuário",
        "area_ha": 0.6603,
        "reviewed": false,
        "pct": 0.048
      }
    },
    {
      "type": "Feature",
      "id": "220",
      "geometry": {
        "coordinates": [
          [
            [
              [
                -48.4753385192997,
                -22.992469528567558
              ],
              [
                -48.475069024714465,
                -22.992469528567565
              ],
              [
                -48.475069024714465,
                -22.993008517738026
              ],
              [
                -48.4753385192997,
                -22.99300851773803
              ],
              [
                -48.4753385192997,
                -22.992469528567558
              ]
            ]
          ]
        ],
        "type": "MultiPolygon"
      },
      "properties": {
        "id": "220",
        "name": "MB 21 · Mosaico de usos · 220",
        "class": "Uso agropecuário",
        "area_ha": 0.1651,
        "reviewed": false,
        "pct": 0.012
      }
    },
    {
      "type": "Feature",
      "id": "221",
      "geometry": {
        "coordinates": [
          [
            [
              [
                -48.4694096384245,
                -22.99220003398232
              ],
              [
                -48.46887064925403,
                -22.99220003398232
              ],
              [
                -48.46887064925403,
                -22.992469528567558
              ],
              [
                -48.469140143839276,
                -22.992469528567558
              ],
              [
                -48.469140143839276,
                -22.99273902315279
              ],
              [
                -48.4694096384245,
                -22.992739023152794
              ],
              [
                -48.4694096384245,
                -22.99300851773803
              ],
              [
                -48.469948627594974,
                -22.993008517738023
              ],
              [
                -48.469948627594974,
                -22.992739023152794
              ],
              [
                -48.46967913300975,
                -22.992739023152794
              ],
              [
                -48.46967913300975,
                -22.99246952856756
              ],
              [
                -48.4694096384245,
                -22.992469528567554
              ],
              [
                -48.4694096384245,
                -22.99220003398232
              ]
            ]
          ]
        ],
        "type": "MultiPolygon"
      },
      "properties": {
        "id": "221",
        "name": "MB 21 · Mosaico de usos · 221",
        "class": "Uso agropecuário",
        "area_ha": 0.4952,
        "reviewed": false,
        "pct": 0.036
      }
    },
    {
      "type": "Feature",
      "id": "222",
      "geometry": {
        "coordinates": [
          [
            [
              [
                -48.48363688570973,
                -22.985732163974426
              ],
              [
                -48.48342335685677,
                -22.98573216393666
              ],
              [
                -48.48342335685677,
                -22.984654185595712
              ],
              [
                -48.48351710538264,
                -22.98465418580747
              ],
              [
                -48.483427270778215,
                -22.983845701846622
              ],
              [
                -48.48342335685677,
                -22.98384570184
              ],
              [
                -48.48342335685677,
                -22.984115196425247
              ],
              [
                -48.483153862271536,
                -22.984115196425247
              ],
              [
                -48.483153862271536,
                -22.98492368018096
              ],
              [
                -48.48288436768631,
                -22.984923680180952
              ],
              [
                -48.48288436768631,
                -22.98654064769236
              ],
              [
                -48.48261487310106,
                -22.98654064769237
              ],
              [
                -48.48261487310106,
                -22.986810142277605
              ],
              [
                -48.48234537851584,
                -22.986810142277594
              ],
              [
                -48.48234537851584,
                -22.989235593544727
              ],
              [
                -48.48342335685677,
                -22.989235593544727
              ],
              [
                -48.48342335685677,
                -22.988696604374255
              ],
              [
                -48.48369285144202,
                -22.988696604374258
              ],
              [
                -48.48369285144202,
                -22.988157615203782
              ],
              [
                -48.48342335685677,
                -22.98815761520378
              ],
              [
                -48.48342335685677,
                -22.987888120618532
              ],
              [
                -48.483153862271536,
                -22.987888120618532
              ],
              [
                -48.483153862271536,
                -22.987349131448077
              ],
              [
                -48.48342335685677,
                -22.987349131448074
              ],
              [
                -48.48342335685677,
                -22.986810142277612
              ],
              [
                -48.48369285144202,
                -22.986810142277598
              ],
              [
                -48.48369285155228,
                -22.986235832447562
              ],
              [
                -48.48363688570973,
                -22.985732163974426
              ]
            ]
          ]
        ],
        "type": "MultiPolygon"
      },
      "properties": {
        "id": "222",
        "name": "MB 39 · Soja · 222",
        "class": "Uso agropecuário",
        "area_ha": 4.816,
        "reviewed": false,
        "pct": 0.3498
      }
    },
    {
      "type": "Feature",
      "id": "223",
      "geometry": {
        "coordinates": [
          [
            [
              [
                -48.471026605935926,
                -22.991930539397078
              ],
              [
                -48.47075711135068,
                -22.99193053939709
              ],
              [
                -48.47075711135068,
                -22.992200033982325
              ],
              [
                -48.469948627594974,
                -22.992200033982318
              ],
              [
                -48.469948627594974,
                -22.992739023152794
              ],
              [
                -48.470218122180206,
                -22.99273902315279
              ],
              [
                -48.470218122180206,
                -22.993008517738026
              ],
              [
                -48.47129610052115,
                -22.99300851773803
              ],
              [
                -48.47129610052115,
                -22.993278012323266
              ],
              [
                -48.4715655951064,
                -22.993278012323263
              ],
              [
                -48.4715655951064,
                -22.99300851773803
              ],
              [
                -48.472104584276856,
                -22.993008517738033
              ],
              [
                -48.472104584276856,
                -22.992739023152794
              ],
              [
                -48.47183508969163,
                -22.992739023152787
              ],
              [
                -48.47183508969163,
                -22.992469528567558
              ],
              [
                -48.47129610052115,
                -22.992469528567558
              ],
              [
                -48.47129610052115,
                -22.992200033982325
              ],
              [
                -48.471026605935926,
                -22.992200033982318
              ],
              [
                -48.471026605935926,
                -22.991930539397078
              ]
            ]
          ]
        ],
        "type": "MultiPolygon"
      },
      "properties": {
        "id": "223",
        "name": "MB 9 · Silvicultura · 223",
        "class": "Silvicultura mapeada",
        "area_ha": 1.7332,
        "reviewed": false,
        "pct": 0.1259
      }
    },
    {
      "type": "Feature",
      "id": "224",
      "geometry": {
        "coordinates": [
          [
            [
              [
                -48.46455873589027,
                -22.991391550226613
              ],
              [
                -48.46401974671979,
                -22.99139155022661
              ],
              [
                -48.46401974671979,
                -22.99166104481185
              ],
              [
                -48.46294176837885,
                -22.991661044811845
              ],
              [
                -48.46294176837885,
                -22.993547506908506
              ],
              [
                -48.46321126296408,
                -22.99354750690851
              ],
              [
                -48.46321126296408,
                -22.993278012323266
              ],
              [
                -48.46348075754932,
                -22.993278012323273
              ],
              [
                -48.46348075754932,
                -22.99354750690851
              ],
              [
                -48.464289241305025,
                -22.993547506908502
              ],
              [
                -48.464289241305025,
                -22.99220003398232
              ],
              [
                -48.46455873589027,
                -22.99220003398232
              ],
              [
                -48.46455873589027,
                -22.991391550226613
              ]
            ]
          ]
        ],
        "type": "MultiPolygon"
      },
      "properties": {
        "id": "224",
        "name": "MB 39 · Soja · 224",
        "class": "Uso agropecuário",
        "area_ha": 3.1364,
        "reviewed": false,
        "pct": 0.2278
      }
    },
    {
      "type": "Feature",
      "id": "225",
      "geometry": {
        "coordinates": [
          [
            [
              [
                -48.441694415191165,
                -22.99193053942771
              ],
              [
                -48.441921190730454,
                -22.991930539397085
              ],
              [
                -48.441921190730454,
                -22.99166104481185
              ],
              [
                -48.441651696145215,
                -22.99166104481185
              ],
              [
                -48.441651696145215,
                -22.991391550226616
              ],
              [
                -48.441540407417364,
                -22.991391550282284
              ],
              [
                -48.441694415191165,
                -22.99193053942771
              ]
            ]
          ]
        ],
        "type": "MultiPolygon"
      },
      "properties": {
        "id": "225",
        "name": "MB 41 · Outras lavouras temporárias · 225",
        "class": "Uso agropecuário",
        "area_ha": 0.1035,
        "reviewed": false,
        "pct": 0.0075
      }
    },
    {
      "type": "Feature",
      "id": "226",
      "geometry": {
        "coordinates": [
          [
            [
              [
                -48.44192119073192,
                -22.992724191173426
              ],
              [
                -48.441921190730454,
                -22.99246952856756
              ],
              [
                -48.441848424012214,
                -22.992469528612816
              ],
              [
                -48.44192119073192,
                -22.992724191173426
              ]
            ]
          ]
        ],
        "type": "MultiPolygon"
      },
      "properties": {
        "id": "226",
        "name": "MB 41 · Outras lavouras temporárias · 226",
        "class": "Uso agropecuário",
        "area_ha": 0.0105,
        "reviewed": false,
        "pct": 0.0008
      }
    },
    {
      "type": "Feature",
      "id": "227",
      "geometry": {
        "coordinates": [
          [
            [
              [
                -48.47560801388494,
                -22.993008517738026
              ],
              [
                -48.4753385192997,
                -22.99300851773803
              ],
              [
                -48.4753385192997,
                -22.993547506908502
              ],
              [
                -48.47560801388494,
                -22.993547506908502
              ],
              [
                -48.47560801388494,
                -22.993008517738026
              ]
            ]
          ]
        ],
        "type": "MultiPolygon"
      },
      "properties": {
        "id": "227",
        "name": "MB 21 · Mosaico de usos · 227",
        "class": "Uso agropecuário",
        "area_ha": 0.1651,
        "reviewed": false,
        "pct": 0.012
      }
    },
    {
      "type": "Feature",
      "id": "228",
      "geometry": {
        "coordinates": [
          [
            [
              [
                -48.46348075754932,
                -22.993278012323273
              ],
              [
                -48.46321126296408,
                -22.993278012323266
              ],
              [
                -48.46321126296408,
                -22.99354750690851
              ],
              [
                -48.46348075754932,
                -22.99354750690851
              ],
              [
                -48.46348075754932,
                -22.993278012323273
              ]
            ]
          ]
        ],
        "type": "MultiPolygon"
      },
      "properties": {
        "id": "228",
        "name": "MB 20 · Cana · 228",
        "class": "Uso agropecuário",
        "area_ha": 0.0825,
        "reviewed": false,
        "pct": 0.006
      }
    },
    {
      "type": "Feature",
      "id": "229",
      "geometry": {
        "coordinates": [
          [
            [
              [
                -48.464289241305025,
                -22.987349131448074
              ],
              [
                -48.46348075754932,
                -22.987349131448077
              ],
              [
                -48.46348075754932,
                -22.987618626033314
              ],
              [
                -48.462672273793615,
                -22.987618626033314
              ],
              [
                -48.462672273793615,
                -22.98788812061855
              ],
              [
                -48.46159429545267,
                -22.98788812061853
              ],
              [
                -48.46159429545267,
                -22.98815761520378
              ],
              [
                -48.4610553062822,
                -22.98815761520378
              ],
              [
                -48.4610553062822,
                -22.988427109789022
              ],
              [
                -48.4618637900379,
                -22.98842710978902
              ],
              [
                -48.4618637900379,
                -22.988157615203786
              ],
              [
                -48.46294176837885,
                -22.98815761520378
              ],
              [
                -48.46294176837885,
                -22.988427109789022
              ],
              [
                -48.462402779208375,
                -22.988427109789033
              ],
              [
                -48.462402779208375,
                -22.988966098959487
              ],
              [
                -48.46213328462314,
                -22.988966098959487
              ],
              [
                -48.46213328462314,
                -22.989235593544727
              ],
              [
                -48.4618637900379,
                -22.98923559354473
              ],
              [
                -48.4618637900379,
                -22.989505088129967
              ],
              [
                -48.46159429545267,
                -22.989505088129956
              ],
              [
                -48.46159429545267,
                -22.989774582715196
              ],
              [
                -48.46132480086743,
                -22.9897745827152
              ],
              [
                -48.46132480086743,
                -22.990044077300432
              ],
              [
                -48.4610553062822,
                -22.99004407730045
              ],
              [
                -48.4610553062822,
                -22.990313571885668
              ],
              [
                -48.46078581169696,
                -22.99031357188567
              ],
              [
                -48.46078581169696,
                -22.990583066470908
              ],
              [
                -48.460516317111725,
                -22.990583066470908
              ],
              [
                -48.460516317111725,
                -22.99085256105614
              ],
              [
                -48.460246822526486,
                -22.990852561056137
              ],
              [
                -48.460246822526486,
                -22.99139155022662
              ],
              [
                -48.45997732794125,
                -22.991391550226613
              ],
              [
                -48.45997732794125,
                -22.99166104481185
              ],
              [
                -48.45943833877078,
                -22.99166104481185
              ],
              [
                -48.45943833877078,
                -22.991930539397085
              ],
              [
                -48.45916884418555,
                -22.99193053939708
              ],
              [
                -48.45916884418555,
                -22.992200033982325
              ],
              [
                -48.45889934960031,
                -22.992200033982325
              ],
              [
                -48.45889934960031,
                -22.992469528567565
              ],
              [
                -48.458629855015076,
                -22.992469528567558
              ],
              [
                -48.458629855015076,
                -22.992739023152797
              ],
              [
                -48.458360360429836,
                -22.992739023152794
              ],
              [
                -48.458360360429836,
                -22.993278012323263
              ],
              [
                -48.4580908658446,
                -22.993278012323266
              ],
              [
                -48.4580908658446,
                -22.993547506908506
              ],
              [
                -48.457821371259364,
                -22.993547506908502
              ],
              [
                -48.457821371259364,
                -22.993817001493735
              ],
              [
                -48.458360360429836,
                -22.99381700149374
              ],
              [
                -48.458360360429836,
                -22.993547506908502
              ],
              [
                -48.458629855015076,
                -22.9935475069085
              ],
              [
                -48.458629855015076,
                -22.993278012323266
              ],
              [
                -48.45889934960031,
                -22.99327801232327
              ],
              [
                -48.45889934960031,
                -22.993008517738026
              ],
              [
                -48.45916884418555,
                -22.99300851773803
              ],
              [
                -48.45916884418555,
                -22.99246952856756
              ],
              [
                -48.45943833877078,
                -22.992469528567558
              ],
              [
                -48.45943833877078,
                -22.992200033982318
              ],
              [
                -48.45970783335602,
                -22.99220003398232
              ],
              [
                -48.45970783335602,
                -22.991930539397085
              ],
              [
                -48.460246822526486,
                -22.99193053939709
              ],
              [
                -48.460246822526486,
                -22.991661044811853
              ],
              [
                -48.460516317111725,
                -22.99166104481185
              ],
              [
                -48.460516317111725,
                -22.99139155022661
              ],
              [
                -48.46078581169696,
                -22.991391550226613
              ],
              [
                -48.46078581169696,
                -22.990852561056144
              ],
              [
                -48.46132480086743,
                -22.990852561056137
              ],
              [
                -48.46132480086743,
                -22.990313571885665
              ],
              [
                -48.46159429545267,
                -22.99031357188567
              ],
              [
                -48.46159429545267,
                -22.99004407730043
              ],
              [
                -48.4618637900379,
                -22.990044077300432
              ],
              [
                -48.4618637900379,
                -22.989774582715206
              ],
              [
                -48.46213328462314,
                -22.9897745827152
              ],
              [
                -48.46213328462314,
                -22.989505088129928
              ],
              [
                -48.462402779208375,
                -22.989505088129956
              ],
              [
                -48.462402779208375,
                -22.989235593544723
              ],
              [
                -48.46294176837885,
                -22.989235593544734
              ],
              [
                -48.46294176837885,
                -22.988966098959487
              ],
              [
                -48.46321126296408,
                -22.988966098959484
              ],
              [
                -48.46321126296408,
                -22.988696604374265
              ],
              [
                -48.46348075754932,
                -22.98869660437425
              ],
              [
                -48.46348075754932,
                -22.98842710978902
              ],
              [
                -48.46375025213455,
                -22.988427109789022
              ],
              [
                -48.46375025213455,
                -22.988157615203786
              ],
              [
                -48.46401974671979,
                -22.988157615203782
              ],
              [
                -48.46401974671979,
                -22.987888120618543
              ],
              [
                -48.464289241305025,
                -22.98788812061853
              ],
              [
                -48.464289241305025,
                -22.987349131448074
              ]
            ]
          ]
        ],
        "type": "MultiPolygon"
      },
      "properties": {
        "id": "229",
        "name": "MB 21 · Mosaico de usos · 229",
        "class": "Uso agropecuário",
        "area_ha": 5.8602,
        "reviewed": false,
        "pct": 0.4256
      }
    },
    {
      "type": "Feature",
      "id": "230",
      "geometry": {
        "coordinates": [
          [
            [
              [
                -48.47992765104351,
                -22.992200033988713
              ],
              [
                -48.47991992724871,
                -22.99220003398232
              ],
              [
                -48.47991992724871,
                -22.99193053939708
              ],
              [
                -48.47965043266347,
                -22.991930539397085
              ],
              [
                -48.47965043266347,
                -22.991661044811845
              ],
              [
                -48.479380938078236,
                -22.991661044811845
              ],
              [
                -48.479380938078236,
                -22.991391550226613
              ],
              [
                -48.479111443493,
                -22.99139155022662
              ],
              [
                -48.479111443493,
                -22.990852561056137
              ],
              [
                -48.47884194890778,
                -22.990852561056148
              ],
              [
                -48.47884194890778,
                -22.990044077300432
              ],
              [
                -48.478572454322524,
                -22.990044077300432
              ],
              [
                -48.478572454322524,
                -22.989505088129963
              ],
              [
                -48.47965043266347,
                -22.98950508812996
              ],
              [
                -48.47965043266347,
                -22.989774582715196
              ],
              [
                -48.48018942183394,
                -22.9897745827152
              ],
              [
                -48.48018942183394,
                -22.990044077300432
              ],
              [
                -48.48045891641919,
                -22.990044077300432
              ],
              [
                -48.48045891641919,
                -22.99031357188567
              ],
              [
                -48.481267400174886,
                -22.99031357188567
              ],
              [
                -48.481267400174886,
                -22.990583066470904
              ],
              [
                -48.48153689476012,
                -22.990583066470904
              ],
              [
                -48.48153689476012,
                -22.990044077300425
              ],
              [
                -48.481267400174886,
                -22.99004407730043
              ],
              [
                -48.481267400174886,
                -22.98950508812996
              ],
              [
                -48.48099790558966,
                -22.989505088129963
              ],
              [
                -48.48099790558966,
                -22.989235593544723
              ],
              [
                -48.47884194890778,
                -22.98923559354473
              ],
              [
                -48.47884194890778,
                -22.988966098959484
              ],
              [
                -48.47776397056683,
                -22.988966098959487
              ],
              [
                -48.47776397056683,
                -22.98869660437425
              ],
              [
                -48.47587750847017,
                -22.988696604374258
              ],
              [
                -48.47587750847017,
                -22.988427109789026
              ],
              [
                -48.47560801388494,
                -22.988427109789026
              ],
              [
                -48.47560801388494,
                -22.98869660437425
              ],
              [
                -48.475069024714465,
                -22.988696604374255
              ],
              [
                -48.475069024714465,
                -22.988966098959484
              ],
              [
                -48.4753385192997,
                -22.988966098959462
              ],
              [
                -48.4753385192997,
                -22.989774582715192
              ],
              [
                -48.47560801388494,
                -22.989774582715196
              ],
              [
                -48.47560801388494,
                -22.990583066470897
              ],
              [
                -48.47587750847017,
                -22.990583066470904
              ],
              [
                -48.47587750847017,
                -22.991122055641377
              ],
              [
                -48.47614700305541,
                -22.99112205564138
              ],
              [
                -48.47614700305541,
                -22.991661044811845
              ],
              [
                -48.47641649764064,
                -22.99166104481185
              ],
              [
                -48.47641649764064,
                -22.992200033982314
              ],
              [
                -48.47668599222588,
                -22.992200033982314
              ],
              [
                -48.47668599222588,
                -22.993008517738033
              ],
              [
                -48.476955486811114,
                -22.993008517738033
              ],
              [
                -48.476955486811114,
                -22.993547506908502
              ],
              [
                -48.477224981396354,
                -22.993547506908502
              ],
              [
                -48.477224981396354,
                -22.993817001493742
              ],
              [
                -48.47776397056683,
                -22.993817001493735
              ],
              [
                -48.47776397056683,
                -22.993278012323266
              ],
              [
                -48.47803346515206,
                -22.99327801232327
              ],
              [
                -48.47803346515206,
                -22.993008517738026
              ],
              [
                -48.478302959737306,
                -22.99300851773803
              ],
              [
                -48.478302959737306,
                -22.992469528567558
              ],
              [
                -48.478572454322524,
                -22.99246952856756
              ],
              [
                -48.478572454322524,
                -22.99220003398232
              ],
              [
                -48.47884194890778,
                -22.992200033982325
              ],
              [
                -48.47884194890778,
                -22.991930539397085
              ],
              [
                -48.479111443493,
                -22.991930539397085
              ],
              [
                -48.479111443493,
                -22.99220003398232
              ],
              [
                -48.479380938078236,
                -22.99220003398232
              ],
              [
                -48.47938093809619,
                -22.99262961794202
              ],
              [
                -48.47992765104351,
                -22.992200033988713
              ]
            ]
          ]
        ],
        "type": "MultiPolygon"
      },
      "properties": {
        "id": "230",
        "name": "MB 39 · Soja · 230",
        "class": "Uso agropecuário",
        "area_ha": 17.0531,
        "reviewed": false,
        "pct": 1.2385
      }
    },
    {
      "type": "Feature",
      "id": "231",
      "geometry": {
        "coordinates": [
          [
            [
              [
                -48.46401974671979,
                -22.9935475069085
              ],
              [
                -48.46321126296408,
                -22.99354750690851
              ],
              [
                -48.46321126296408,
                -22.993817001493742
              ],
              [
                -48.46401974671979,
                -22.99381700149374
              ],
              [
                -48.46401974671979,
                -22.9935475069085
              ]
            ]
          ]
        ],
        "type": "MultiPolygon"
      },
      "properties": {
        "id": "231",
        "name": "MB 21 · Mosaico de usos · 231",
        "class": "Uso agropecuário",
        "area_ha": 0.2476,
        "reviewed": false,
        "pct": 0.018
      }
    },
    {
      "type": "Feature",
      "id": "232",
      "geometry": {
        "coordinates": [
          [
            [
              [
                -48.460516317111725,
                -22.993547506908502
              ],
              [
                -48.45997732794125,
                -22.993547506908502
              ],
              [
                -48.45997732794125,
                -22.99381700149374
              ],
              [
                -48.460516317111725,
                -22.99381700149374
              ],
              [
                -48.460516317111725,
                -22.993547506908502
              ]
            ]
          ]
        ],
        "type": "MultiPolygon"
      },
      "properties": {
        "id": "232",
        "name": "MB 39 · Soja · 232",
        "class": "Uso agropecuário",
        "area_ha": 0.1651,
        "reviewed": false,
        "pct": 0.012
      }
    },
    {
      "type": "Feature",
      "id": "233",
      "geometry": {
        "coordinates": [
          [
            [
              [
                -48.45189249038418,
                -22.993008517738033
              ],
              [
                -48.45108400662848,
                -22.99300851773803
              ],
              [
                -48.45108400662848,
                -22.99381700149374
              ],
              [
                -48.45135350121371,
                -22.99381700149374
              ],
              [
                -48.45135350121371,
                -22.99408649607897
              ],
              [
                -48.451622995798935,
                -22.994086496078975
              ],
              [
                -48.451622995798935,
                -22.99381700149374
              ],
              [
                -48.45189249038418,
                -22.99381700149374
              ],
              [
                -48.45189249038418,
                -22.993008517738033
              ]
            ]
          ]
        ],
        "type": "MultiPolygon"
      },
      "properties": {
        "id": "233",
        "name": "MB 15 · Pastagem · 233",
        "class": "Uso agropecuário",
        "area_ha": 0.8254,
        "reviewed": false,
        "pct": 0.0599
      }
    },
    {
      "type": "Feature",
      "id": "234",
      "geometry": {
        "coordinates": [
          [
            [
              [
                -48.47587750847017,
                -22.993547506908502
              ],
              [
                -48.47560801388494,
                -22.993547506908502
              ],
              [
                -48.47560801388494,
                -22.994086496078975
              ],
              [
                -48.47587750847017,
                -22.994086496078967
              ],
              [
                -48.47587750847017,
                -22.993547506908502
              ]
            ]
          ]
        ],
        "type": "MultiPolygon"
      },
      "properties": {
        "id": "234",
        "name": "MB 21 · Mosaico de usos · 234",
        "class": "Uso agropecuário",
        "area_ha": 0.1651,
        "reviewed": false,
        "pct": 0.012
      }
    },
    {
      "type": "Feature",
      "id": "235",
      "geometry": {
        "coordinates": [
          [
            [
              [
                -48.45431794165129,
                -22.993547506908506
              ],
              [
                -48.45323996331036,
                -22.9935475069085
              ],
              [
                -48.45323996331036,
                -22.99381700149373
              ],
              [
                -48.45404844706606,
                -22.99381700149374
              ],
              [
                -48.45404844706606,
                -22.994086496078978
              ],
              [
                -48.45431794165129,
                -22.994086496078975
              ],
              [
                -48.45431794165129,
                -22.993547506908506
              ]
            ]
          ]
        ],
        "type": "MultiPolygon"
      },
      "properties": {
        "id": "235",
        "name": "MB 39 · Soja · 235",
        "class": "Uso agropecuário",
        "area_ha": 0.4127,
        "reviewed": false,
        "pct": 0.03
      }
    },
    {
      "type": "Feature",
      "id": "236",
      "geometry": {
        "coordinates": [
          [
            [
              [
                -48.482199589737235,
                -22.972796424007633
              ],
              [
                -48.48207588393059,
                -22.972796423845345
              ],
              [
                -48.48207588393059,
                -22.97252692926011
              ],
              [
                -48.481267400174886,
                -22.972526929260102
              ],
              [
                -48.481267400174886,
                -22.972257434674866
              ],
              [
                -48.48099790558966,
                -22.972257434674866
              ],
              [
                -48.48099790558966,
                -22.971987940089637
              ],
              [
                -48.480728411004414,
                -22.971987940089633
              ],
              [
                -48.480728411004414,
                -22.9717184455044
              ],
              [
                -48.48045891641919,
                -22.9717184455044
              ],
              [
                -48.48045891641919,
                -22.971448950919164
              ],
              [
                -48.48018942183394,
                -22.971448950919164
              ],
              [
                -48.48018942183394,
                -22.971718445504404
              ],
              [
                -48.47991992724871,
                -22.971718445504386
              ],
              [
                -48.47991992724871,
                -22.972257434674876
              ],
              [
                -48.479380938078236,
                -22.97225743467487
              ],
              [
                -48.479380938078236,
                -22.9725269292601
              ],
              [
                -48.479111443493,
                -22.97252692926011
              ],
              [
                -48.479111443493,
                -22.972796423845352
              ],
              [
                -48.47884194890778,
                -22.97279642384534
              ],
              [
                -48.47884194890778,
                -22.97306591843058
              ],
              [
                -48.478572454322524,
                -22.973065918430578
              ],
              [
                -48.478572454322524,
                -22.973335413015818
              ],
              [
                -48.478302959737306,
                -22.973335413015825
              ],
              [
                -48.478302959737306,
                -22.973604907601043
              ],
              [
                -48.47803346515206,
                -22.973604907601036
              ],
              [
                -48.47803346515206,
                -22.97387440218629
              ],
              [
                -48.47776397056683,
                -22.97387440218628
              ],
              [
                -48.47776397056683,
                -22.974413391356762
              ],
              [
                -48.47749447598159,
                -22.97441339135675
              ],
              [
                -48.47749447598159,
                -22.974682885941988
              ],
              [
                -48.477224981396354,
                -22.97468288594199
              ],
              [
                -48.477224981396354,
                -22.974952380527228
              ],
              [
                -48.476955486811114,
                -22.974952380527228
              ],
              [
                -48.476955486811114,
                -22.975221875112464
              ],
              [
                -48.47641649764064,
                -22.975221875112464
              ],
              [
                -48.47641649764064,
                -22.975491369697696
              ],
              [
                -48.47614700305541,
                -22.9754913696977
              ],
              [
                -48.47614700305541,
                -22.975760864282936
              ],
              [
                -48.47587750847017,
                -22.97576086428293
              ],
              [
                -48.47587750847017,
                -22.976030358868172
              ],
              [
                -48.47560801388494,
                -22.976030358868172
              ],
              [
                -48.47560801388494,
                -22.976299853453412
              ],
              [
                -48.4753385192997,
                -22.976299853453405
              ],
              [
                -48.4753385192997,
                -22.976569348038645
              ],
              [
                -48.475069024714465,
                -22.97656934803864
              ],
              [
                -48.475069024714465,
                -22.97683884262387
              ],
              [
                -48.474799530129225,
                -22.976838842623874
              ],
              [
                -48.474799530129225,
                -22.977108337209113
              ],
              [
                -48.47453003554399,
                -22.977108337209113
              ],
              [
                -48.47453003554399,
                -22.977647326379586
              ],
              [
                -48.47426054095875,
                -22.977647326379582
              ],
              [
                -48.47426054095875,
                -22.97791682096481
              ],
              [
                -48.47372155178828,
                -22.977916820964822
              ],
              [
                -48.47372155178828,
                -22.978186315550055
              ],
              [
                -48.47345205720305,
                -22.978186315550055
              ],
              [
                -48.47345205720305,
                -22.978455810135294
              ],
              [
                -48.47318256261781,
                -22.978455810135284
              ],
              [
                -48.47318256261781,
                -22.978725304720516
              ],
              [
                -48.472913068032575,
                -22.978725304720513
              ],
              [
                -48.472913068032575,
                -22.978994799305745
              ],
              [
                -48.47264357344733,
                -22.978994799305756
              ],
              [
                -48.47264357344733,
                -22.979533788476235
              ],
              [
                -48.472104584276856,
                -22.979533788476225
              ],
              [
                -48.472104584276856,
                -22.980072777646715
              ],
              [
                -48.47183508969163,
                -22.980072777646715
              ],
              [
                -48.47183508969163,
                -22.98034227223194
              ],
              [
                -48.4715655951064,
                -22.980342272231947
              ],
              [
                -48.4715655951064,
                -22.980611766817184
              ],
              [
                -48.471026605935926,
                -22.980611766817173
              ],
              [
                -48.471026605935926,
                -22.980881261402413
              ],
              [
                -48.47075711135068,
                -22.980881261402413
              ],
              [
                -48.47075711135068,
                -22.981150755987652
              ],
              [
                -48.47048761676545,
                -22.981150755987663
              ],
              [
                -48.47048761676545,
                -22.981420250572885
              ],
              [
                -48.470218122180206,
                -22.98142025057288
              ],
              [
                -48.470218122180206,
                -22.982498228913833
              ],
              [
                -48.47048761676545,
                -22.982498228913826
              ],
              [
                -48.47048761676545,
                -22.98303721808429
              ],
              [
                -48.47075711135068,
                -22.9830372180843
              ],
              [
                -48.47075711135068,
                -22.983576207254764
              ],
              [
                -48.471026605935926,
                -22.983576207254767
              ],
              [
                -48.471026605935926,
                -22.984115196425247
              ],
              [
                -48.47129610052115,
                -22.984115196425243
              ],
              [
                -48.47129610052115,
                -22.984654185595712
              ],
              [
                -48.4715655951064,
                -22.984654185595716
              ],
              [
                -48.4715655951064,
                -22.985193174766184
              ],
              [
                -48.47129610052115,
                -22.9851931747662
              ],
              [
                -48.47129610052115,
                -22.98546266935142
              ],
              [
                -48.47048761676545,
                -22.98546266935143
              ],
              [
                -48.47048761676545,
                -22.985732163936657
              ],
              [
                -48.470218122180206,
                -22.985732163936653
              ],
              [
                -48.470218122180206,
                -22.98546266935143
              ],
              [
                -48.46967913300975,
                -22.98546266935142
              ],
              [
                -48.46967913300975,
                -22.985732163936653
              ],
              [
                -48.469140143839276,
                -22.985732163936653
              ],
              [
                -48.469140143839276,
                -22.986001658521896
              ],
              [
                -48.46887064925403,
                -22.986001658521896
              ],
              [
                -48.46887064925403,
                -22.986271153107136
              ],
              [
                -48.46833166008357,
                -22.98627115310713
              ],
              [
                -48.46833166008357,
                -22.985732163936653
              ],
              [
                -48.4677926709131,
                -22.98573216393665
              ],
              [
                -48.4677926709131,
                -22.986001658521896
              ],
              [
                -48.468062165498324,
                -22.986001658521896
              ],
              [
                -48.468062165498324,
                -22.986271153107133
              ],
              [
                -48.466984187157394,
                -22.986271153107126
              ],
              [
                -48.466984187157394,
                -22.986540647692372
              ],
              [
                -48.46671469257215,
                -22.98654064769237
              ],
              [
                -48.46671469257215,
                -22.987618626033306
              ],
              [
                -48.466984187157394,
                -22.98761862603331
              ],
              [
                -48.466984187157394,
                -22.987888120618543
              ],
              [
                -48.46752317632785,
                -22.987888120618553
              ],
              [
                -48.46752317632785,
                -22.98815761520379
              ],
              [
                -48.468062165498324,
                -22.988157615203782
              ],
              [
                -48.468062165498324,
                -22.98842710978902
              ],
              [
                -48.46833166008357,
                -22.98842710978902
              ],
              [
                -48.46833166008357,
                -22.98869660437425
              ],
              [
                -48.46887064925403,
                -22.988696604374255
              ],
              [
                -48.46887064925403,
                -22.98896609895948
              ],
              [
                -48.469140143839276,
                -22.98896609895949
              ],
              [
                -48.469140143839276,
                -22.98923559354473
              ],
              [
                -48.469948627594974,
                -22.989235593544727
              ],
              [
                -48.469948627594974,
                -22.989505088129953
              ],
              [
                -48.47075711135068,
                -22.98950508812996
              ],
              [
                -48.47075711135068,
                -22.98923559354473
              ],
              [
                -48.4715655951064,
                -22.98923559354473
              ],
              [
                -48.4715655951064,
                -22.988966098959487
              ],
              [
                -48.4723740788621,
                -22.988966098959494
              ],
              [
                -48.4723740788621,
                -22.988696604374255
              ],
              [
                -48.47345205720305,
                -22.988696604374248
              ],
              [
                -48.47345205720305,
                -22.988966098959487
              ],
              [
                -48.47372155178828,
                -22.988966098959487
              ],
              [
                -48.47372155178828,
                -22.989505088129956
              ],
              [
                -48.47399104637352,
                -22.98950508812995
              ],
              [
                -48.47399104637352,
                -22.99031357188567
              ],
              [
                -48.47426054095875,
                -22.99031357188567
              ],
              [
                -48.47426054095875,
                -22.990852561056144
              ],
              [
                -48.47453003554399,
                -22.990852561056148
              ],
              [
                -48.47453003554399,
                -22.991391550226616
              ],
              [
                -48.474799530129225,
                -22.991391550226613
              ],
              [
                -48.474799530129225,
                -22.991930539397085
              ],
              [
                -48.475069024714465,
                -22.991930539397085
              ],
              [
                -48.475069024714465,
                -22.992469528567565
              ],
              [
                -48.4753385192997,
                -22.992469528567558
              ],
              [
                -48.4753385192997,
                -22.99300851773803
              ],
              [
                -48.47560801388494,
                -22.993008517738026
              ],
              [
                -48.47560801388494,
                -22.993547506908502
              ],
              [
                -48.47587750847017,
                -22.993547506908502
              ],
              [
                -48.47587750847017,
                -22.99435599066421
              ],
              [
                -48.47641649764064,
                -22.99435599066421
              ],
              [
                -48.47641649764064,
                -22.994086496078967
              ],
              [
                -48.477224981396354,
                -22.994086496078975
              ],
              [
                -48.477224981396354,
                -22.993547506908502
              ],
              [
                -48.476955486811114,
                -22.993547506908502
              ],
              [
                -48.476955486811114,
                -22.993008517738033
              ],
              [
                -48.47668599222588,
                -22.993008517738033
              ],
              [
                -48.47668599222588,
                -22.992200033982314
              ],
              [
                -48.47641649764064,
                -22.992200033982314
              ],
              [
                -48.47641649764064,
                -22.99166104481185
              ],
              [
                -48.47614700305541,
                -22.991661044811845
              ],
              [
                -48.47614700305541,
                -22.99112205564138
              ],
              [
                -48.47587750847017,
                -22.991122055641377
              ],
              [
                -48.47587750847017,
                -22.990583066470904
              ],
              [
                -48.47560801388494,
                -22.990583066470897
              ],
              [
                -48.47560801388494,
                -22.989774582715196
              ],
              [
                -48.4753385192997,
                -22.989774582715192
              ],
              [
                -48.4753385192997,
                -22.988966098959462
              ],
              [
                -48.475069024714465,
                -22.988966098959484
              ],
              [
                -48.475069024714465,
                -22.988696604374255
              ],
              [
                -48.47560801388494,
                -22.98869660437425
              ],
              [
                -48.47560801388494,
                -22.988427109789026
              ],
              [
                -48.47587750847017,
                -22.988427109789026
              ],
              [
                -48.47587750847017,
                -22.988696604374258
              ],
              [
                -48.47776397056683,
                -22.98869660437425
              ],
              [
                -48.47776397056683,
                -22.988966098959487
              ],
              [
                -48.47884194890778,
                -22.988966098959484
              ],
              [
                -48.47884194890778,
                -22.98923559354473
              ],
              [
                -48.481267400174886,
                -22.989235593544723
              ],
              [
                -48.481267400174886,
                -22.986001658521896
              ],
              [
                -48.48153689476012,
                -22.986001658521893
              ],
              [
                -48.48153689476012,
                -22.985193174766184
              ],
              [
                -48.481806389345365,
                -22.98519317476619
              ],
              [
                -48.481806389345365,
                -22.98438469101049
              ],
              [
                -48.48045891641919,
                -22.98438469101048
              ],
              [
                -48.48045891641919,
                -22.984654185595705
              ],
              [
                -48.478572454322524,
                -22.984654185595723
              ],
              [
                -48.478572454322524,
                -22.984923680180945
              ],
              [
                -48.47668599222588,
                -22.984923680180952
              ],
              [
                -48.47668599222588,
                -22.98519317476619
              ],
              [
                -48.47587750847017,
                -22.985193174766195
              ],
              [
                -48.47587750847017,
                -22.984923680180952
              ],
              [
                -48.4753385192997,
                -22.98492368018096
              ],
              [
                -48.4753385192997,
                -22.98465418559571
              ],
              [
                -48.47560801388494,
                -22.984654185595716
              ],
              [
                -48.47560801388494,
                -22.984384691010487
              ],
              [
                -48.475069024714465,
                -22.984384691010483
              ],
              [
                -48.475069024714465,
                -22.983845701840004
              ],
              [
                -48.474799530129225,
                -22.98384570184001
              ],
              [
                -48.474799530129225,
                -22.982767723499066
              ],
              [
                -48.47587750847017,
                -22.98276772349907
              ],
              [
                -48.47587750847017,
                -22.982498228913826
              ],
              [
                -48.47641649764064,
                -22.98249822891383
              ],
              [
                -48.47641649764064,
                -22.98222873432859
              ],
              [
                -48.476955486811114,
                -22.982228734328604
              ],
              [
                -48.476955486811114,
                -22.981959239743357
              ],
              [
                -48.47749447598159,
                -22.981959239743354
              ],
              [
                -48.47749447598159,
                -22.981689745158114
              ],
              [
                -48.47803346515206,
                -22.981689745158118
              ],
              [
                -48.47803346515206,
                -22.98195923974336
              ],
              [
                -48.478572454322524,
                -22.98195923974335
              ],
              [
                -48.478572454322524,
                -22.98276772349907
              ],
              [
                -48.478302959737306,
                -22.982767723499062
              ],
              [
                -48.478302959737306,
                -22.9830372180843
              ],
              [
                -48.47884194890778,
                -22.983037218084302
              ],
              [
                -48.47884194890778,
                -22.983845701839996
              ],
              [
                -48.479111443493,
                -22.98384570184
              ],
              [
                -48.479111443493,
                -22.984384691010472
              ],
              [
                -48.48018942183394,
                -22.98438469101049
              ],
              [
                -48.48018942183394,
                -22.984115196425243
              ],
              [
                -48.480728411004414,
                -22.984115196425247
              ],
              [
                -48.480728411004414,
                -22.98384570184
              ],
              [
                -48.481267400174886,
                -22.983845701840007
              ],
              [
                -48.481267400174886,
                -22.981959239743357
              ],
              [
                -48.48099790558966,
                -22.98195923974335
              ],
              [
                -48.48099790558966,
                -22.981150755987652
              ],
              [
                -48.481267400174886,
                -22.98115075598765
              ],
              [
                -48.481267400174886,
                -22.980611766817177
              ],
              [
                -48.48153689476012,
                -22.980611766817166
              ],
              [
                -48.48153689476012,
                -22.9800727776467
              ],
              [
                -48.481806389345365,
                -22.980072777646704
              ],
              [
                -48.481806389345365,
                -22.979264293890996
              ],
              [
                -48.48207588393059,
                -22.979264293891003
              ],
              [
                -48.48207588393059,
                -22.978994799305763
              ],
              [
                -48.48234537851584,
                -22.978994799305745
              ],
              [
                -48.48234537851584,
                -22.978186315550058
              ],
              [
                -48.48207588393059,
                -22.978186315550055
              ],
              [
                -48.48207588393059,
                -22.977916820964822
              ],
              [
                -48.48261487310106,
                -22.97791682096482
              ],
              [
                -48.48261487310106,
                -22.976838842623877
              ],
              [
                -48.48264872874619,
                -22.97683884264909
              ],
              [
                -48.482199589737235,
                -22.972796424007633
              ]
            ],
            [
              [
                -48.48207588393059,
                -22.977916820964822
              ],
              [
                -48.48153689476012,
                -22.977916820964808
              ],
              [
                -48.48153689476012,
                -22.977647326379582
              ],
              [
                -48.481267400174886,
                -22.977647326379586
              ],
              [
                -48.481267400174886,
                -22.97737783179435
              ],
              [
                -48.48099790558966,
                -22.97737783179435
              ],
              [
                -48.48099790558966,
                -22.97710833720911
              ],
              [
                -48.48153689476012,
                -22.977108337209113
              ],
              [
                -48.48153689476012,
                -22.977377831794353
              ],
              [
                -48.481806389345365,
                -22.977377831794353
              ],
              [
                -48.481806389345365,
                -22.977647326379582
              ],
              [
                -48.48207588393059,
                -22.977647326379593
              ],
              [
                -48.48207588393059,
                -22.977916820964822
              ]
            ],
            [
              [
                -48.481806389345365,
                -22.975221875112453
              ],
              [
                -48.481806389345365,
                -22.9754913696977
              ],
              [
                -48.48153689476012,
                -22.975491369697693
              ],
              [
                -48.48153689476012,
                -22.976299853453416
              ],
              [
                -48.48099790558966,
                -22.97629985345341
              ],
              [
                -48.48099790558966,
                -22.976030358868176
              ],
              [
                -48.48018942183394,
                -22.976030358868165
              ],
              [
                -48.48018942183394,
                -22.975491369697693
              ],
              [
                -48.480728411004414,
                -22.97549136969769
              ],
              [
                -48.480728411004414,
                -22.97522187511246
              ],
              [
                -48.481806389345365,
                -22.975221875112453
              ]
            ],
            [
              [
                -48.47991992724871,
                -22.97737783179435
              ],
              [
                -48.47991992724871,
                -22.978725304720534
              ],
              [
                -48.47965043266347,
                -22.978725304720527
              ],
              [
                -48.47965043266347,
                -22.979533788476218
              ],
              [
                -48.47991992724871,
                -22.97953378847624
              ],
              [
                -48.47991992724871,
                -22.979803283061468
              ],
              [
                -48.47965043266347,
                -22.979803283061425
              ],
              [
                -48.47965043266347,
                -22.98088126140241
              ],
              [
                -48.479380938078236,
                -22.980881261402413
              ],
              [
                -48.479380938078236,
                -22.98142025057288
              ],
              [
                -48.47884194890778,
                -22.981420250572892
              ],
              [
                -48.47884194890778,
                -22.979803283061464
              ],
              [
                -48.479111443493,
                -22.97980328306146
              ],
              [
                -48.479111443493,
                -22.978455810135294
              ],
              [
                -48.479380938078236,
                -22.978455810135294
              ],
              [
                -48.479380938078236,
                -22.97764732637958
              ],
              [
                -48.47965043266347,
                -22.977647326379575
              ],
              [
                -48.47965043266347,
                -22.977377831794346
              ],
              [
                -48.47991992724871,
                -22.97737783179435
              ]
            ],
            [
              [
                -48.4715655951064,
                -22.986271153107133
              ],
              [
                -48.4715655951064,
                -22.98654064769237
              ],
              [
                -48.47183508969163,
                -22.98654064769237
              ],
              [
                -48.47183508969163,
                -22.986810142277605
              ],
              [
                -48.472104584276856,
                -22.9868101422776
              ],
              [
                -48.472104584276856,
                -22.98707963686284
              ],
              [
                -48.47183508969163,
                -22.987079636862838
              ],
              [
                -48.47183508969163,
                -22.98734913144807
              ],
              [
                -48.47048761676545,
                -22.987349131448084
              ],
              [
                -48.47048761676545,
                -22.98707963686285
              ],
              [
                -48.470218122180206,
                -22.987079636862845
              ],
              [
                -48.470218122180206,
                -22.986810142277598
              ],
              [
                -48.47048761676545,
                -22.9868101422776
              ],
              [
                -48.47048761676545,
                -22.98654064769237
              ],
              [
                -48.47075711135068,
                -22.986540647692358
              ],
              [
                -48.47075711135068,
                -22.986271153107133
              ],
              [
                -48.4715655951064,
                -22.986271153107133
              ]
            ]
          ]
        ],
        "type": "MultiPolygon"
      },
      "properties": {
        "id": "236",
        "name": "MB 20 · Cana · 236",
        "class": "Uso agropecuário",
        "area_ha": 167.5883,
        "reviewed": true,
        "pct": 12.1717
      }
    },
    {
      "type": "Feature",
      "id": "237",
      "geometry": {
        "coordinates": [
          [
            [
              [
                -48.46321126296408,
                -22.993817001493742
              ],
              [
                -48.46294176837885,
                -22.99381700149374
              ],
              [
                -48.46294176837885,
                -22.99435599066421
              ],
              [
                -48.46321126296408,
                -22.994355990664214
              ],
              [
                -48.46321126296408,
                -22.993817001493742
              ]
            ]
          ]
        ],
        "type": "MultiPolygon"
      },
      "properties": {
        "id": "237",
        "name": "MB 21 · Mosaico de usos · 237",
        "class": "Uso agropecuário",
        "area_ha": 0.1651,
        "reviewed": false,
        "pct": 0.012
      }
    },
    {
      "type": "Feature",
      "id": "238",
      "geometry": {
        "coordinates": [
          [
            [
              [
                -48.471026605935926,
                -22.993547506908502
              ],
              [
                -48.47075711135068,
                -22.993547506908506
              ],
              [
                -48.47075711135068,
                -22.99381700149374
              ],
              [
                -48.47048761676545,
                -22.99381700149374
              ],
              [
                -48.47048761676545,
                -22.994086496078978
              ],
              [
                -48.471026605935926,
                -22.99408649607897
              ],
              [
                -48.471026605935926,
                -22.99435599066421
              ],
              [
                -48.47129610052115,
                -22.99435599066421
              ],
              [
                -48.47129610052115,
                -22.994625485249447
              ],
              [
                -48.4715655951064,
                -22.994625485249447
              ],
              [
                -48.4715655951064,
                -22.99381700149374
              ],
              [
                -48.471026605935926,
                -22.99381700149374
              ],
              [
                -48.471026605935926,
                -22.993547506908502
              ]
            ]
          ]
        ],
        "type": "MultiPolygon"
      },
      "properties": {
        "id": "238",
        "name": "MB 33 · Rio, lago e oceano · 238",
        "class": "Água mapeada",
        "area_ha": 0.6603,
        "reviewed": false,
        "pct": 0.048
      }
    },
    {
      "type": "Feature",
      "id": "239",
      "geometry": {
        "coordinates": [
          [
            [
              [
                -48.45323996331036,
                -22.994086496078978
              ],
              [
                -48.45297046872511,
                -22.994086496078975
              ],
              [
                -48.45297046872511,
                -22.994625485249454
              ],
              [
                -48.45404844706606,
                -22.994625485249454
              ],
              [
                -48.45404844706606,
                -22.994355990664218
              ],
              [
                -48.45323996331036,
                -22.99435599066422
              ],
              [
                -48.45323996331036,
                -22.994086496078978
              ]
            ]
          ]
        ],
        "type": "MultiPolygon"
      },
      "properties": {
        "id": "239",
        "name": "MB 39 · Soja · 239",
        "class": "Uso agropecuário",
        "area_ha": 0.4127,
        "reviewed": false,
        "pct": 0.03
      }
    },
    {
      "type": "Feature",
      "id": "240",
      "geometry": {
        "coordinates": [
          [
            [
              [
                -48.442190685340876,
                -22.9931907038174
              ],
              [
                -48.44219068531569,
                -22.99300851773803
              ],
              [
                -48.442008516947745,
                -22.993008517788343
              ],
              [
                -48.442190685340876,
                -22.9931907038174
              ]
            ]
          ]
        ],
        "type": "MultiPolygon"
      },
      "properties": {
        "id": "240",
        "name": "MB 9 · Silvicultura · 240",
        "class": "Silvicultura mapeada",
        "area_ha": 0.0189,
        "reviewed": false,
        "pct": 0.0014
      }
    },
    {
      "type": "Feature",
      "id": "241",
      "geometry": {
        "coordinates": [
          [
            [
              [
                -48.46078581169696,
                -22.99381700149374
              ],
              [
                -48.460516317111725,
                -22.99381700149374
              ],
              [
                -48.460516317111725,
                -22.994086496078975
              ],
              [
                -48.460246822526486,
                -22.994086496078975
              ],
              [
                -48.460246822526486,
                -22.99489497983467
              ],
              [
                -48.46078581169696,
                -22.994894979834683
              ],
              [
                -48.46078581169696,
                -22.995164474419923
              ],
              [
                -48.4610553062822,
                -22.99516447441992
              ],
              [
                -48.4610553062822,
                -22.994355990664218
              ],
              [
                -48.46078581169696,
                -22.99435599066421
              ],
              [
                -48.46078581169696,
                -22.99381700149374
              ]
            ]
          ]
        ],
        "type": "MultiPolygon"
      },
      "properties": {
        "id": "241",
        "name": "MB 39 · Soja · 241",
        "class": "Uso agropecuário",
        "area_ha": 0.8253,
        "reviewed": false,
        "pct": 0.0599
      }
    },
    {
      "type": "Feature",
      "id": "242",
      "geometry": {
        "coordinates": [
          [
            [
              [
                -48.44704158784993,
                -22.993278012323273
              ],
              [
                -48.446233104094226,
                -22.99327801232326
              ],
              [
                -48.446233104094226,
                -22.9935475069085
              ],
              [
                -48.445963609508986,
                -22.993547506908502
              ],
              [
                -48.445963609508986,
                -22.99381700149374
              ],
              [
                -48.446233104094226,
                -22.99381700149374
              ],
              [
                -48.446233104094226,
                -22.994086496078975
              ],
              [
                -48.44650259867946,
                -22.994086496078975
              ],
              [
                -48.44650259867946,
                -22.99435599066421
              ],
              [
                -48.445694114923754,
                -22.994355990664218
              ],
              [
                -48.445694114923754,
                -22.994625485249454
              ],
              [
                -48.445424620338514,
                -22.99462548524944
              ],
              [
                -48.445424620338514,
                -22.995164474419912
              ],
              [
                -48.448119566190876,
                -22.99516447441992
              ],
              [
                -48.448119566190876,
                -22.994894979834683
              ],
              [
                -48.44838906077611,
                -22.994894979834683
              ],
              [
                -48.44838906077611,
                -22.99462548524944
              ],
              [
                -48.448658555361355,
                -22.994625485249447
              ],
              [
                -48.448658555361355,
                -22.99435599066421
              ],
              [
                -48.44838906077611,
                -22.994355990664214
              ],
              [
                -48.44838906077611,
                -22.99381700149373
              ],
              [
                -48.448119566190876,
                -22.993817001493735
              ],
              [
                -48.448119566190876,
                -22.993547506908502
              ],
              [
                -48.44704158784993,
                -22.9935475069085
              ],
              [
                -48.44704158784993,
                -22.993278012323273
              ]
            ]
          ]
        ],
        "type": "MultiPolygon"
      },
      "properties": {
        "id": "242",
        "name": "MB 39 · Soja · 242",
        "class": "Uso agropecuário",
        "area_ha": 4.7871,
        "reviewed": false,
        "pct": 0.3477
      }
    },
    {
      "type": "Feature",
      "id": "243",
      "geometry": {
        "coordinates": [
          [
            [
              [
                -48.44946703911705,
                -22.993278012323266
              ],
              [
                -48.44919754453183,
                -22.993278012323266
              ],
              [
                -48.44919754453183,
                -22.99462548524944
              ],
              [
                -48.44946703911705,
                -22.994625485249443
              ],
              [
                -48.44946703911705,
                -22.99489497983468
              ],
              [
                -48.4497365337023,
                -22.99489497983468
              ],
              [
                -48.4497365337023,
                -22.99516447441992
              ],
              [
                -48.45000602828753,
                -22.99516447441992
              ],
              [
                -48.45000602828753,
                -22.994625485249454
              ],
              [
                -48.4497365337023,
                -22.99462548524945
              ],
              [
                -48.4497365337023,
                -22.99435599066421
              ],
              [
                -48.45000602828753,
                -22.99435599066422
              ],
              [
                -48.45000602828753,
                -22.994086496078975
              ],
              [
                -48.4497365337023,
                -22.994086496078978
              ],
              [
                -48.4497365337023,
                -22.99381700149374
              ],
              [
                -48.44946703911705,
                -22.993817001493742
              ],
              [
                -48.44946703911705,
                -22.993278012323266
              ]
            ]
          ]
        ],
        "type": "MultiPolygon"
      },
      "properties": {
        "id": "243",
        "name": "MB 4 · Formação savânica · 243",
        "class": "Vegetação nativa mapeada",
        "area_ha": 0.9904,
        "reviewed": false,
        "pct": 0.0719
      }
    },
    {
      "type": "Feature",
      "id": "244",
      "geometry": {
        "coordinates": [
          [
            [
              [
                -48.45135350121371,
                -22.99489497983468
              ],
              [
                -48.45108400662848,
                -22.994894979834672
              ],
              [
                -48.45108400662848,
                -22.995164474419916
              ],
              [
                -48.45081451204323,
                -22.995164474419916
              ],
              [
                -48.45081451204323,
                -22.995703463590385
              ],
              [
                -48.45135350121371,
                -22.995703463590385
              ],
              [
                -48.45135350121371,
                -22.995433969005163
              ],
              [
                -48.451622995798935,
                -22.99543396900516
              ],
              [
                -48.451622995798935,
                -22.995164474419916
              ],
              [
                -48.45135350121371,
                -22.995164474419912
              ],
              [
                -48.45135350121371,
                -22.99489497983468
              ]
            ]
          ]
        ],
        "type": "MultiPolygon"
      },
      "properties": {
        "id": "244",
        "name": "MB 15 · Pastagem · 244",
        "class": "Uso agropecuário",
        "area_ha": 0.4952,
        "reviewed": false,
        "pct": 0.036
      }
    },
    {
      "type": "Feature",
      "id": "245",
      "geometry": {
        "coordinates": [
          [
            [
              [
                -48.45566541457748,
                -22.995433969005155
              ],
              [
                -48.45512642540701,
                -22.995433969005155
              ],
              [
                -48.45512642540701,
                -22.99570346359038
              ],
              [
                -48.45566541457748,
                -22.995703463590385
              ],
              [
                -48.45566541457748,
                -22.995433969005155
              ]
            ]
          ]
        ],
        "type": "MultiPolygon"
      },
      "properties": {
        "id": "245",
        "name": "MB 20 · Cana · 245",
        "class": "Uso agropecuário",
        "area_ha": 0.1651,
        "reviewed": false,
        "pct": 0.012
      }
    },
    {
      "type": "Feature",
      "id": "246",
      "geometry": {
        "coordinates": [
          [
            [
              [
                -48.456473898333186,
                -22.995433969005152
              ],
              [
                -48.45566541457748,
                -22.995433969005155
              ],
              [
                -48.45566541457748,
                -22.995703463590385
              ],
              [
                -48.45512642540701,
                -22.99570346359038
              ],
              [
                -48.45512642540701,
                -22.99597295817563
              ],
              [
                -48.455934909162714,
                -22.995972958175628
              ],
              [
                -48.455934909162714,
                -22.996242452760864
              ],
              [
                -48.456473898333186,
                -22.99624245276087
              ],
              [
                -48.456473898333186,
                -22.995972958175628
              ],
              [
                -48.456743392918426,
                -22.995972958175617
              ],
              [
                -48.456743392918426,
                -22.995703463590388
              ],
              [
                -48.456473898333186,
                -22.99570346359039
              ],
              [
                -48.456473898333186,
                -22.995433969005152
              ]
            ]
          ]
        ],
        "type": "MultiPolygon"
      },
      "properties": {
        "id": "246",
        "name": "MB 39 · Soja · 246",
        "class": "Uso agropecuário",
        "area_ha": 0.9079,
        "reviewed": false,
        "pct": 0.0659
      }
    },
    {
      "type": "Feature",
      "id": "247",
      "geometry": {
        "coordinates": [
          [
            [
              [
                -48.452431479554654,
                -22.99570346359039
              ],
              [
                -48.45189249038418,
                -22.99570346359039
              ],
              [
                -48.45189249038418,
                -22.99597295817563
              ],
              [
                -48.45135350121371,
                -22.995972958175624
              ],
              [
                -48.45135350121371,
                -22.99624245276086
              ],
              [
                -48.452431479554654,
                -22.996242452760864
              ],
              [
                -48.452431479554654,
                -22.99570346359039
              ]
            ]
          ]
        ],
        "type": "MultiPolygon"
      },
      "properties": {
        "id": "247",
        "name": "MB 20 · Cana · 247",
        "class": "Uso agropecuário",
        "area_ha": 0.4952,
        "reviewed": false,
        "pct": 0.036
      }
    },
    {
      "type": "Feature",
      "id": "248",
      "geometry": {
        "coordinates": [
          [
            [
              [
                -48.4467720932647,
                -22.995972958175635
              ],
              [
                -48.44650259867946,
                -22.995972958175628
              ],
              [
                -48.44650259867946,
                -22.996242452760857
              ],
              [
                -48.4467720932647,
                -22.996242452760864
              ],
              [
                -48.4467720932647,
                -22.995972958175635
              ]
            ]
          ]
        ],
        "type": "MultiPolygon"
      },
      "properties": {
        "id": "248",
        "name": "MB 21 · Mosaico de usos · 248",
        "class": "Uso agropecuário",
        "area_ha": 0.0825,
        "reviewed": false,
        "pct": 0.006
      }
    },
    {
      "type": "Feature",
      "id": "249",
      "geometry": {
        "coordinates": [
          [
            [
              [
                -48.4677926709131,
                -22.994894979834683
              ],
              [
                -48.466984187157394,
                -22.994894979834683
              ],
              [
                -48.466984187157394,
                -22.99516447441992
              ],
              [
                -48.46644519798692,
                -22.995164474419923
              ],
              [
                -48.46644519798692,
                -22.995433969005155
              ],
              [
                -48.46590620881645,
                -22.995433969005155
              ],
              [
                -48.46590620881645,
                -22.99570346359039
              ],
              [
                -48.465636714231216,
                -22.99570346359039
              ],
              [
                -48.465636714231216,
                -22.995433969005152
              ],
              [
                -48.465097725060744,
                -22.99543396900515
              ],
              [
                -48.465097725060744,
                -22.995703463590388
              ],
              [
                -48.46401974671979,
                -22.995703463590388
              ],
              [
                -48.46401974671979,
                -22.996242452760864
              ],
              [
                -48.4648282304755,
                -22.99624245276086
              ],
              [
                -48.4648282304755,
                -22.995972958175635
              ],
              [
                -48.466175703401674,
                -22.995972958175628
              ],
              [
                -48.466175703401674,
                -22.996511947346097
              ],
              [
                -48.46671469257215,
                -22.996511947346107
              ],
              [
                -48.46671469257215,
                -22.99624245276086
              ],
              [
                -48.466984187157394,
                -22.996242452760868
              ],
              [
                -48.466984187157394,
                -22.995703463590385
              ],
              [
                -48.467253681742626,
                -22.995703463590388
              ],
              [
                -48.467253681742626,
                -22.995433969005155
              ],
              [
                -48.4677926709131,
                -22.995433969005152
              ],
              [
                -48.4677926709131,
                -22.994894979834683
              ]
            ]
          ]
        ],
        "type": "MultiPolygon"
      },
      "properties": {
        "id": "249",
        "name": "MB 21 · Mosaico de usos · 249",
        "class": "Uso agropecuário",
        "area_ha": 2.8061,
        "reviewed": false,
        "pct": 0.2038
      }
    },
    {
      "type": "Feature",
      "id": "250",
      "geometry": {
        "coordinates": [
          [
            [
              [
                -48.47183508969163,
                -22.99516447441992
              ],
              [
                -48.4715655951064,
                -22.995164474419916
              ],
              [
                -48.4715655951064,
                -22.9965119473461
              ],
              [
                -48.47183508969163,
                -22.9965119473461
              ],
              [
                -48.47183508969163,
                -22.99516447441992
              ]
            ]
          ]
        ],
        "type": "MultiPolygon"
      },
      "properties": {
        "id": "250",
        "name": "MB 21 · Mosaico de usos · 250",
        "class": "Uso agropecuário",
        "area_ha": 0.4127,
        "reviewed": false,
        "pct": 0.03
      }
    },
    {
      "type": "Feature",
      "id": "251",
      "geometry": {
        "coordinates": [
          [
            [
              [
                -48.45566541457748,
                -22.996242452760864
              ],
              [
                -48.455395919992235,
                -22.996242452760864
              ],
              [
                -48.455395919992235,
                -22.9965119473461
              ],
              [
                -48.45566541457748,
                -22.99651194734609
              ],
              [
                -48.45566541457748,
                -22.996242452760864
              ]
            ]
          ]
        ],
        "type": "MultiPolygon"
      },
      "properties": {
        "id": "251",
        "name": "MB 39 · Soja · 251",
        "class": "Uso agropecuário",
        "area_ha": 0.0825,
        "reviewed": false,
        "pct": 0.006
      }
    },
    {
      "type": "Feature",
      "id": "252",
      "geometry": {
        "coordinates": [
          [
            [
              [
                -48.45216198496941,
                -22.996242452760843
              ],
              [
                -48.45081451204323,
                -22.996242452760864
              ],
              [
                -48.45081451204323,
                -22.996511947346097
              ],
              [
                -48.45216198496941,
                -22.996511947346093
              ],
              [
                -48.45216198496941,
                -22.996242452760843
              ]
            ]
          ]
        ],
        "type": "MultiPolygon"
      },
      "properties": {
        "id": "252",
        "name": "MB 39 · Soja · 252",
        "class": "Uso agropecuário",
        "area_ha": 0.4127,
        "reviewed": false,
        "pct": 0.03
      }
    },
    {
      "type": "Feature",
      "id": "253",
      "geometry": {
        "coordinates": [
          [
            [
              [
                -48.46671469257215,
                -22.996511947346107
              ],
              [
                -48.46590620881645,
                -22.996511947346097
              ],
              [
                -48.46590620881645,
                -22.996781441931336
              ],
              [
                -48.46671469257215,
                -22.996781441931336
              ],
              [
                -48.46671469257215,
                -22.996511947346107
              ]
            ]
          ]
        ],
        "type": "MultiPolygon"
      },
      "properties": {
        "id": "253",
        "name": "MB 20 · Cana · 253",
        "class": "Uso agropecuário",
        "area_ha": 0.2476,
        "reviewed": false,
        "pct": 0.018
      }
    },
    {
      "type": "Feature",
      "id": "254",
      "geometry": {
        "coordinates": [
          [
            [
              [
                -48.45566541457748,
                -22.99651194734609
              ],
              [
                -48.456743392918426,
                -22.996511947346097
              ],
              [
                -48.456743392918426,
                -22.995972958175617
              ],
              [
                -48.456473898333186,
                -22.995972958175628
              ],
              [
                -48.456473898333186,
                -22.99624245276087
              ],
              [
                -48.455934909162714,
                -22.996242452760864
              ],
              [
                -48.455934909162714,
                -22.995972958175628
              ],
              [
                -48.45512642540701,
                -22.99597295817563
              ],
              [
                -48.45512642540701,
                -22.99570346359038
              ],
              [
                -48.45458743623654,
                -22.99570346359038
              ],
              [
                -48.45458743623654,
                -22.996781441931336
              ],
              [
                -48.45485693082176,
                -22.996781441931336
              ],
              [
                -48.45485693082176,
                -22.996511947346097
              ],
              [
                -48.45512642540701,
                -22.99651194734609
              ],
              [
                -48.45512642540701,
                -22.996781441931333
              ],
              [
                -48.45566541457748,
                -22.996781441931333
              ],
              [
                -48.45566541457748,
                -22.99651194734609
              ]
            ],
            [
              [
                -48.45566541457748,
                -22.99651194734609
              ],
              [
                -48.455395919992235,
                -22.9965119473461
              ],
              [
                -48.455395919992235,
                -22.996242452760864
              ],
              [
                -48.45566541457748,
                -22.996242452760864
              ],
              [
                -48.45566541457748,
                -22.99651194734609
              ]
            ]
          ]
        ],
        "type": "MultiPolygon"
      },
      "properties": {
        "id": "254",
        "name": "MB 20 · Cana · 254",
        "class": "Uso agropecuário",
        "area_ha": 1.4856,
        "reviewed": false,
        "pct": 0.1079
      }
    },
    {
      "type": "Feature",
      "id": "255",
      "geometry": {
        "coordinates": [
          [
            [
              [
                -48.44704158784993,
                -22.996511947346093
              ],
              [
                -48.4467720932647,
                -22.9965119473461
              ],
              [
                -48.4467720932647,
                -22.996781441931336
              ],
              [
                -48.44704158784993,
                -22.996781441931336
              ],
              [
                -48.44704158784993,
                -22.996511947346093
              ]
            ]
          ]
        ],
        "type": "MultiPolygon"
      },
      "properties": {
        "id": "255",
        "name": "MB 21 · Mosaico de usos · 255",
        "class": "Uso agropecuário",
        "area_ha": 0.0825,
        "reviewed": false,
        "pct": 0.006
      }
    },
    {
      "type": "Feature",
      "id": "256",
      "geometry": {
        "coordinates": [
          [
            [
              [
                -48.46887064925403,
                -22.995972958175628
              ],
              [
                -48.4686011546688,
                -22.99597295817562
              ],
              [
                -48.4686011546688,
                -22.996242452760864
              ],
              [
                -48.467253681742626,
                -22.996242452760857
              ],
              [
                -48.467253681742626,
                -22.996511947346107
              ],
              [
                -48.46671469257215,
                -22.996511947346107
              ],
              [
                -48.46671469257215,
                -22.996781441931336
              ],
              [
                -48.467253681742626,
                -22.996781441931336
              ],
              [
                -48.467253681742626,
                -22.997050936516583
              ],
              [
                -48.4686011546688,
                -22.997050936516562
              ],
              [
                -48.4686011546688,
                -22.996781441931333
              ],
              [
                -48.46887064925403,
                -22.996781441931343
              ],
              [
                -48.46887064925403,
                -22.995972958175628
              ]
            ]
          ]
        ],
        "type": "MultiPolygon"
      },
      "properties": {
        "id": "256",
        "name": "MB 21 · Mosaico de usos · 256",
        "class": "Uso agropecuário",
        "area_ha": 1.6507,
        "reviewed": false,
        "pct": 0.1199
      }
    },
    {
      "type": "Feature",
      "id": "257",
      "geometry": {
        "coordinates": [
          [
            [
              [
                -48.453509457895585,
                -22.9965119473461
              ],
              [
                -48.452431479554654,
                -22.996511947346104
              ],
              [
                -48.452431479554654,
                -22.996781441931336
              ],
              [
                -48.45216198496941,
                -22.996781441931326
              ],
              [
                -48.45216198496941,
                -22.99705093651657
              ],
              [
                -48.45323996331036,
                -22.997050936516573
              ],
              [
                -48.45323996331036,
                -22.996781441931333
              ],
              [
                -48.453509457895585,
                -22.996781441931333
              ],
              [
                -48.453509457895585,
                -22.9965119473461
              ]
            ]
          ]
        ],
        "type": "MultiPolygon"
      },
      "properties": {
        "id": "257",
        "name": "MB 3 · Formação florestal · 257",
        "class": "Vegetação nativa mapeada",
        "area_ha": 0.6603,
        "reviewed": false,
        "pct": 0.048
      }
    },
    {
      "type": "Feature",
      "id": "258",
      "geometry": {
        "coordinates": [
          [
            [
              [
                -48.448119566190876,
                -22.996781441931333
              ],
              [
                -48.44785007160565,
                -22.996781441931336
              ],
              [
                -48.44785007160565,
                -22.997050936516565
              ],
              [
                -48.448119566190876,
                -22.997050936516565
              ],
              [
                -48.448119566190876,
                -22.996781441931333
              ]
            ]
          ]
        ],
        "type": "MultiPolygon"
      },
      "properties": {
        "id": "258",
        "name": "MB 39 · Soja · 258",
        "class": "Uso agropecuário",
        "area_ha": 0.0825,
        "reviewed": false,
        "pct": 0.006
      }
    },
    {
      "type": "Feature",
      "id": "259",
      "geometry": {
        "coordinates": [
          [
            [
              [
                -48.45027552287276,
                -22.990313571885668
              ],
              [
                -48.45000602828753,
                -22.990313571885668
              ],
              [
                -48.45000602828753,
                -22.989774582715203
              ],
              [
                -48.4475805770204,
                -22.989774582715192
              ],
              [
                -48.4475805770204,
                -22.989235593544723
              ],
              [
                -48.44731108243518,
                -22.98923559354472
              ],
              [
                -48.44731108243518,
                -22.990313571885675
              ],
              [
                -48.448119566190876,
                -22.990313571885668
              ],
              [
                -48.448119566190876,
                -22.990852561056144
              ],
              [
                -48.44838906077611,
                -22.99085256105614
              ],
              [
                -48.44838906077611,
                -22.991122055641373
              ],
              [
                -48.448119566190876,
                -22.99112205564138
              ],
              [
                -48.448119566190876,
                -22.991930539397085
              ],
              [
                -48.44838906077611,
                -22.991930539397085
              ],
              [
                -48.44838906077611,
                -22.99139155022661
              ],
              [
                -48.448658555361355,
                -22.991391550226613
              ],
              [
                -48.448658555361355,
                -22.99166104481185
              ],
              [
                -48.44892804994658,
                -22.99166104481185
              ],
              [
                -48.44892804994658,
                -22.991930539397085
              ],
              [
                -48.44919754453183,
                -22.99193053939708
              ],
              [
                -48.44919754453183,
                -22.992469528567554
              ],
              [
                -48.44892804994658,
                -22.992469528567558
              ],
              [
                -48.44892804994658,
                -22.992739023152794
              ],
              [
                -48.448658555361355,
                -22.99273902315279
              ],
              [
                -48.448658555361355,
                -22.99300851773803
              ],
              [
                -48.44946703911705,
                -22.993008517738033
              ],
              [
                -48.44946703911705,
                -22.993817001493742
              ],
              [
                -48.4497365337023,
                -22.99381700149374
              ],
              [
                -48.4497365337023,
                -22.994086496078978
              ],
              [
                -48.45000602828753,
                -22.994086496078975
              ],
              [
                -48.45000602828753,
                -22.99435599066422
              ],
              [
                -48.4497365337023,
                -22.99435599066421
              ],
              [
                -48.4497365337023,
                -22.99462548524945
              ],
              [
                -48.45000602828753,
                -22.994625485249454
              ],
              [
                -48.45000602828753,
                -22.99516447441992
              ],
              [
                -48.44946703911705,
                -22.99516447441991
              ],
              [
                -48.44946703911705,
                -22.9965119473461
              ],
              [
                -48.4497365337023,
                -22.996511947346093
              ],
              [
                -48.4497365337023,
                -22.996781441931336
              ],
              [
                -48.45081451204323,
                -22.996781441931336
              ],
              [
                -48.45081451204323,
                -22.996242452760864
              ],
              [
                -48.45135350121371,
                -22.99624245276086
              ],
              [
                -48.45135350121371,
                -22.995972958175624
              ],
              [
                -48.45189249038418,
                -22.99597295817563
              ],
              [
                -48.45189249038418,
                -22.99570346359039
              ],
              [
                -48.452431479554654,
                -22.99570346359039
              ],
              [
                -48.452431479554654,
                -22.996242452760864
              ],
              [
                -48.45216198496941,
                -22.996242452760843
              ],
              [
                -48.45216198496941,
                -22.996511947346093
              ],
              [
                -48.45108400662848,
                -22.9965119473461
              ],
              [
                -48.45108400662848,
                -22.996781441931336
              ],
              [
                -48.452431479554654,
                -22.996781441931336
              ],
              [
                -48.452431479554654,
                -22.996511947346104
              ],
              [
                -48.453509457895585,
                -22.9965119473461
              ],
              [
                -48.453509457895585,
                -22.996781441931333
              ],
              [
                -48.45323996331036,
                -22.996781441931333
              ],
              [
                -48.45323996331036,
                -22.997050936516573
              ],
              [
                -48.45297046872511,
                -22.99705093651657
              ],
              [
                -48.45297046872511,
                -22.99732043110181
              ],
              [
                -48.453509457895585,
                -22.9973204311018
              ],
              [
                -48.453509457895585,
                -22.99705093651657
              ],
              [
                -48.45431794165129,
                -22.99705093651657
              ],
              [
                -48.45431794165129,
                -22.996781441931336
              ],
              [
                -48.45458743623654,
                -22.996781441931336
              ],
              [
                -48.45458743623654,
                -22.99570346359038
              ],
              [
                -48.45512642540701,
                -22.99570346359038
              ],
              [
                -48.45512642540701,
                -22.995433969005155
              ],
              [
                -48.456743392918426,
                -22.99543396900515
              ],
              [
                -48.456743392918426,
                -22.99516447441992
              ],
              [
                -48.45755187667413,
                -22.99516447441992
              ],
              [
                -48.45755187667413,
                -22.99462548524945
              ],
              [
                -48.45728238208889,
                -22.994625485249447
              ],
              [
                -48.45728238208889,
                -22.99435599066421
              ],
              [
                -48.456473898333186,
                -22.99435599066421
              ],
              [
                -48.456473898333186,
                -22.99381700149374
              ],
              [
                -48.455934909162714,
                -22.99381700149374
              ],
              [
                -48.455934909162714,
                -22.993547506908502
              ],
              [
                -48.45566541457748,
                -22.99354750690851
              ],
              [
                -48.45566541457748,
                -22.993008517738026
              ],
              [
                -48.455395919992235,
                -22.99300851773803
              ],
              [
                -48.455395919992235,
                -22.992469528567558
              ],
              [
                -48.45512642540701,
                -22.992469528567554
              ],
              [
                -48.45512642540701,
                -22.99166104481185
              ],
              [
                -48.45485693082176,
                -22.991661044811853
              ],
              [
                -48.45485693082176,
                -22.99112205564139
              ],
              [
                -48.45458743623654,
                -22.991122055641373
              ],
              [
                -48.45458743623654,
                -22.991930539397085
              ],
              [
                -48.45485693082176,
                -22.991930539397085
              ],
              [
                -48.45485693082176,
                -22.992469528567558
              ],
              [
                -48.453509457895585,
                -22.992469528567554
              ],
              [
                -48.453509457895585,
                -22.99112205564137
              ],
              [
                -48.45431794165129,
                -22.991122055641377
              ],
              [
                -48.45431794165129,
                -22.99085256105614
              ],
              [
                -48.45458743623654,
                -22.990852561056148
              ],
              [
                -48.45458743623654,
                -22.989505088129963
              ],
              [
                -48.45431794165129,
                -22.989505088129963
              ],
              [
                -48.45431794165129,
                -22.987888120618543
              ],
              [
                -48.45458743623654,
                -22.98788812061855
              ],
              [
                -48.45458743623654,
                -22.986810142277594
              ],
              [
                -48.45512642540701,
                -22.986810142277605
              ],
              [
                -48.45512642540701,
                -22.986271153107136
              ],
              [
                -48.45458743623654,
                -22.986271153107122
              ],
              [
                -48.45458743623654,
                -22.985193174766177
              ],
              [
                -48.45431794165129,
                -22.98519317476618
              ],
              [
                -48.45431794165129,
                -22.98492368018095
              ],
              [
                -48.45458743623654,
                -22.98492368018096
              ],
              [
                -48.45458743623654,
                -22.984654185595723
              ],
              [
                -48.45431794165129,
                -22.984654185595723
              ],
              [
                -48.45431794165129,
                -22.98438469101048
              ],
              [
                -48.45404844706606,
                -22.98438469101048
              ],
              [
                -48.45404844706606,
                -22.984115196425247
              ],
              [
                -48.45377895248083,
                -22.984115196425243
              ],
              [
                -48.45377895248083,
                -22.983306712669528
              ],
              [
                -48.45323996331036,
                -22.98330671266954
              ],
              [
                -48.45323996331036,
                -22.98303721808429
              ],
              [
                -48.45297046872511,
                -22.9830372180843
              ],
              [
                -48.45297046872511,
                -22.982767723499066
              ],
              [
                -48.45270097413988,
                -22.982767723499066
              ],
              [
                -48.45270097413988,
                -22.982228734328597
              ],
              [
                -48.452431479554654,
                -22.9822287343286
              ],
              [
                -48.452431479554654,
                -22.981959239743343
              ],
              [
                -48.45189249038418,
                -22.981959239743347
              ],
              [
                -48.45189249038418,
                -22.982228734328594
              ],
              [
                -48.45216198496941,
                -22.9822287343286
              ],
              [
                -48.45216198496941,
                -22.982498228913823
              ],
              [
                -48.452431479554654,
                -22.98249822891383
              ],
              [
                -48.452431479554654,
                -22.98303721808429
              ],
              [
                -48.45270097413988,
                -22.983037218084295
              ],
              [
                -48.45270097413988,
                -22.983306712669535
              ],
              [
                -48.45297046872511,
                -22.983306712669535
              ],
              [
                -48.45297046872511,
                -22.983576207254764
              ],
              [
                -48.45323996331036,
                -22.983576207254764
              ],
              [
                -48.45323996331036,
                -22.983845701840004
              ],
              [
                -48.45297046872511,
                -22.98384570184
              ],
              [
                -48.45297046872511,
                -22.98411519642525
              ],
              [
                -48.452431479554654,
                -22.98411519642525
              ],
              [
                -48.452431479554654,
                -22.984384691010472
              ],
              [
                -48.45323996331036,
                -22.98438469101048
              ],
              [
                -48.45323996331036,
                -22.984923680180955
              ],
              [
                -48.45297046872511,
                -22.984923680180952
              ],
              [
                -48.45297046872511,
                -22.98519317476619
              ],
              [
                -48.45270097413988,
                -22.98519317476619
              ],
              [
                -48.45270097413988,
                -22.985462669351428
              ],
              [
                -48.45216198496941,
                -22.98546266935143
              ],
              [
                -48.45216198496941,
                -22.98519317476619
              ],
              [
                -48.45189249038418,
                -22.985193174766195
              ],
              [
                -48.45189249038418,
                -22.98492368018096
              ],
              [
                -48.45135350121371,
                -22.984923680180955
              ],
              [
                -48.45135350121371,
                -22.98465418559571
              ],
              [
                -48.451622995798935,
                -22.984654185595723
              ],
              [
                -48.451622995798935,
                -22.984384691010476
              ],
              [
                -48.45189249038418,
                -22.984384691010483
              ],
              [
                -48.45189249038418,
                -22.984115196425243
              ],
              [
                -48.45027552287276,
                -22.984115196425254
              ],
              [
                -48.45027552287276,
                -22.984384691010476
              ],
              [
                -48.450545017458005,
                -22.98438469101049
              ],
              [
                -48.450545017458005,
                -22.98519317476619
              ],
              [
                -48.45000602828753,
                -22.98519317476619
              ],
              [
                -48.45000602828753,
                -22.984115196425247
              ],
              [
                -48.44946703911705,
                -22.984115196425257
              ],
              [
                -48.44946703911705,
                -22.984384691010476
              ],
              [
                -48.44838906077611,
                -22.984384691010487
              ],
              [
                -48.44838906077611,
                -22.98465418559571
              ],
              [
                -48.445694114923754,
                -22.984654185595716
              ],
              [
                -48.445694114923754,
                -22.98492368018096
              ],
              [
                -48.445963609508986,
                -22.984923680180955
              ],
              [
                -48.445963609508986,
                -22.985193174766188
              ],
              [
                -48.446233104094226,
                -22.985193174766195
              ],
              [
                -48.446233104094226,
                -22.98573216393666
              ],
              [
                -48.4467720932647,
                -22.985732163936657
              ],
              [
                -48.4467720932647,
                -22.986001658521896
              ],
              [
                -48.44704158784993,
                -22.986001658521904
              ],
              [
                -48.44704158784993,
                -22.98654064769236
              ],
              [
                -48.44731108243518,
                -22.98654064769236
              ],
              [
                -48.44731108243518,
                -22.98681014227761
              ],
              [
                -48.4475805770204,
                -22.9868101422776
              ],
              [
                -48.4475805770204,
                -22.987618626033314
              ],
              [
                -48.44785007160565,
                -22.987618626033306
              ],
              [
                -48.44785007160565,
                -22.98815761520379
              ],
              [
                -48.448119566190876,
                -22.988157615203775
              ],
              [
                -48.448119566190876,
                -22.988427109789015
              ],
              [
                -48.448658555361355,
                -22.988427109789022
              ],
              [
                -48.448658555361355,
                -22.988157615203786
              ],
              [
                -48.44892804994658,
                -22.98815761520378
              ],
              [
                -48.44892804994658,
                -22.987618626033314
              ],
              [
                -48.44838906077611,
                -22.987618626033317
              ],
              [
                -48.44838906077611,
                -22.987349131448077
              ],
              [
                -48.44892804994658,
                -22.987349131448077
              ],
              [
                -48.44892804994658,
                -22.98707963686285
              ],
              [
                -48.45000602828753,
                -22.987079636862845
              ],
              [
                -48.45000602828753,
                -22.98681014227761
              ],
              [
                -48.45081451204323,
                -22.986810142277598
              ],
              [
                -48.45081451204323,
                -22.988427109789022
              ],
              [
                -48.45108400662848,
                -22.988427109789026
              ],
              [
                -48.45108400662848,
                -22.98815761520379
              ],
              [
                -48.45135350121371,
                -22.98815761520378
              ],
              [
                -48.45135350121371,
                -22.987618626033314
              ],
              [
                -48.45108400662848,
                -22.987618626033314
              ],
              [
                -48.45108400662848,
                -22.9868101422776
              ],
              [
                -48.452431479554654,
                -22.986810142277598
              ],
              [
                -48.452431479554654,
                -22.98654064769236
              ],
              [
                -48.45404844706606,
                -22.98654064769237
              ],
              [
                -48.45404844706606,
                -22.987079636862838
              ],
              [
                -48.45431794165129,
                -22.98707963686284
              ],
              [
                -48.45431794165129,
                -22.98761862603331
              ],
              [
                -48.45404844706606,
                -22.987618626033314
              ],
              [
                -48.45404844706606,
                -22.98923559354473
              ],
              [
                -48.453509457895585,
                -22.989235593544723
              ],
              [
                -48.453509457895585,
                -22.989505088129956
              ],
              [
                -48.45323996331036,
                -22.98950508812996
              ],
              [
                -48.45323996331036,
                -22.989235593544727
              ],
              [
                -48.45297046872511,
                -22.989235593544723
              ],
              [
                -48.45297046872511,
                -22.9897745827152
              ],
              [
                -48.45270097413988,
                -22.989774582715196
              ],
              [
                -48.45270097413988,
                -22.989505088129953
              ],
              [
                -48.45216198496941,
                -22.98950508812996
              ],
              [
                -48.45216198496941,
                -22.9897745827152
              ],
              [
                -48.451622995798935,
                -22.9897745827152
              ],
              [
                -48.451622995798935,
                -22.99004407730044
              ],
              [
                -48.452431479554654,
                -22.990044077300432
              ],
              [
                -48.452431479554654,
                -22.990313571885668
              ],
              [
                -48.45189249038418,
                -22.99031357188567
              ],
              [
                -48.45189249038418,
                -22.990852561056144
              ],
              [
                -48.45135350121371,
                -22.990852561056148
              ],
              [
                -48.45135350121371,
                -22.990583066470908
              ],
              [
                -48.451622995798935,
                -22.9905830664709
              ],
              [
                -48.451622995798935,
                -22.990313571885668
              ],
              [
                -48.45108400662848,
                -22.99031357188567
              ],
              [
                -48.45108400662848,
                -22.990044077300432
              ],
              [
                -48.45081451204323,
                -22.990044077300432
              ],
              [
                -48.45081451204323,
                -22.989774582715192
              ],
              [
                -48.450545017458005,
                -22.98977458271521
              ],
              [
                -48.450545017458005,
                -22.990044077300432
              ],
              [
                -48.45027552287276,
                -22.990044077300432
              ],
              [
                -48.45027552287276,
                -22.990313571885668
              ]
            ],
            [
              [
                -48.45323996331036,
                -22.984923680180955
              ],
              [
                -48.453509457895585,
                -22.98492368018096
              ],
              [
                -48.453509457895585,
                -22.985193174766188
              ],
              [
                -48.45323996331036,
                -22.985193174766188
              ],
              [
                -48.45323996331036,
                -22.984923680180955
              ]
            ],
            [
              [
                -48.45297046872511,
                -22.9897745827152
              ],
              [
                -48.45377895248083,
                -22.989774582715196
              ],
              [
                -48.45377895248083,
                -22.99004407730044
              ],
              [
                -48.45323996331036,
                -22.990044077300425
              ],
              [
                -48.45323996331036,
                -22.990313571885675
              ],
              [
                -48.45297046872511,
                -22.99031357188567
              ],
              [
                -48.45297046872511,
                -22.9897745827152
              ]
            ],
            [
              [
                -48.45377895248083,
                -22.989774582715196
              ],
              [
                -48.45377895248083,
                -22.989505088129967
              ],
              [
                -48.45404844706606,
                -22.989505088129956
              ],
              [
                -48.45404844706606,
                -22.989774582715196
              ],
              [
                -48.45377895248083,
                -22.989774582715196
              ]
            ],
            [
              [
                -48.45027552287276,
                -22.990313571885668
              ],
              [
                -48.45081451204323,
                -22.99031357188567
              ],
              [
                -48.45081451204323,
                -22.9905830664709
              ],
              [
                -48.45027552287276,
                -22.990583066470915
              ],
              [
                -48.45027552287276,
                -22.990313571885668
              ]
            ],
            [
              [
                -48.44946703911705,
                -22.986001658521896
              ],
              [
                -48.44919754453183,
                -22.986001658521896
              ],
              [
                -48.44919754453183,
                -22.98627115310713
              ],
              [
                -48.44892804994658,
                -22.986271153107126
              ],
              [
                -48.44892804994658,
                -22.98546266935142
              ],
              [
                -48.448658555361355,
                -22.98546266935143
              ],
              [
                -48.448658555361355,
                -22.985732163936657
              ],
              [
                -48.44838906077611,
                -22.985732163936664
              ],
              [
                -48.44838906077611,
                -22.985462669351424
              ],
              [
                -48.44785007160565,
                -22.98546266935143
              ],
              [
                -48.44785007160565,
                -22.985732163936653
              ],
              [
                -48.44704158784993,
                -22.985732163936657
              ],
              [
                -48.44704158784993,
                -22.98546266935142
              ],
              [
                -48.44650259867946,
                -22.985462669351424
              ],
              [
                -48.44650259867946,
                -22.9851931747662
              ],
              [
                -48.44704158784993,
                -22.98519317476619
              ],
              [
                -48.44704158784993,
                -22.984923680180952
              ],
              [
                -48.448658555361355,
                -22.984923680180952
              ],
              [
                -48.448658555361355,
                -22.984654185595716
              ],
              [
                -48.44946703911705,
                -22.98465418559572
              ],
              [
                -48.44946703911705,
                -22.98546266935143
              ],
              [
                -48.44919754453183,
                -22.985462669351417
              ],
              [
                -48.44919754453183,
                -22.98573216393666
              ],
              [
                -48.44946703911705,
                -22.985732163936653
              ],
              [
                -48.44946703911705,
                -22.986001658521896
              ]
            ],
            [
              [
                -48.44946703911705,
                -22.986001658521896
              ],
              [
                -48.4497365337023,
                -22.986001658521896
              ],
              [
                -48.4497365337023,
                -22.98627115310714
              ],
              [
                -48.44946703911705,
                -22.986271153107136
              ],
              [
                -48.44946703911705,
                -22.986001658521896
              ]
            ],
            [
              [
                -48.45189249038418,
                -22.993008517738033
              ],
              [
                -48.45189249038418,
                -22.99381700149374
              ],
              [
                -48.451622995798935,
                -22.99381700149374
              ],
              [
                -48.451622995798935,
                -22.994086496078975
              ],
              [
                -48.45135350121371,
                -22.99408649607897
              ],
              [
                -48.45135350121371,
                -22.99381700149374
              ],
              [
                -48.45108400662848,
                -22.99381700149374
              ],
              [
                -48.45108400662848,
                -22.99300851773803
              ],
              [
                -48.45189249038418,
                -22.993008517738033
              ]
            ],
            [
              [
                -48.45431794165129,
                -22.993547506908506
              ],
              [
                -48.45431794165129,
                -22.994086496078975
              ],
              [
                -48.45404844706606,
                -22.994086496078978
              ],
              [
                -48.45404844706606,
                -22.99381700149374
              ],
              [
                -48.45323996331036,
                -22.99381700149373
              ],
              [
                -48.45323996331036,
                -22.9935475069085
              ],
              [
                -48.45431794165129,
                -22.993547506908506
              ]
            ],
            [
              [
                -48.45323996331036,
                -22.994086496078978
              ],
              [
                -48.45323996331036,
                -22.99435599066422
              ],
              [
                -48.45404844706606,
                -22.994355990664218
              ],
              [
                -48.45404844706606,
                -22.994625485249454
              ],
              [
                -48.45297046872511,
                -22.994625485249454
              ],
              [
                -48.45297046872511,
                -22.994086496078975
              ],
              [
                -48.45323996331036,
                -22.994086496078978
              ]
            ],
            [
              [
                -48.45135350121371,
                -22.99489497983468
              ],
              [
                -48.45135350121371,
                -22.995164474419912
              ],
              [
                -48.451622995798935,
                -22.995164474419916
              ],
              [
                -48.451622995798935,
                -22.99543396900516
              ],
              [
                -48.45135350121371,
                -22.995433969005163
              ],
              [
                -48.45135350121371,
                -22.995703463590385
              ],
              [
                -48.45081451204323,
                -22.995703463590385
              ],
              [
                -48.45081451204323,
                -22.995164474419916
              ],
              [
                -48.45108400662848,
                -22.995164474419916
              ],
              [
                -48.45108400662848,
                -22.994894979834672
              ],
              [
                -48.45135350121371,
                -22.99489497983468
              ]
            ]
          ]
        ],
        "type": "MultiPolygon"
      },
      "properties": {
        "id": "259",
        "name": "MB 21 · Mosaico de usos · 259",
        "class": "Uso agropecuário",
        "area_ha": 68.3414,
        "reviewed": false,
        "pct": 4.9636
      }
    },
    {
      "type": "Feature",
      "id": "260",
      "geometry": {
        "coordinates": [
          [
            [
              [
                -48.45458743623654,
                -22.996781441931336
              ],
              [
                -48.45431794165129,
                -22.996781441931336
              ],
              [
                -48.45431794165129,
                -22.99705093651657
              ],
              [
                -48.453509457895585,
                -22.99705093651657
              ],
              [
                -48.453509457895585,
                -22.9973204311018
              ],
              [
                -48.45458743623654,
                -22.997320431101798
              ],
              [
                -48.45458743623654,
                -22.996781441931336
              ]
            ]
          ]
        ],
        "type": "MultiPolygon"
      },
      "properties": {
        "id": "260",
        "name": "MB 20 · Cana · 260",
        "class": "Uso agropecuário",
        "area_ha": 0.4127,
        "reviewed": false,
        "pct": 0.03
      }
    },
    {
      "type": "Feature",
      "id": "261",
      "geometry": {
        "coordinates": [
          [
            [
              [
                -48.448119566190876,
                -22.990313571885668
              ],
              [
                -48.4475805770204,
                -22.990313571885668
              ],
              [
                -48.4475805770204,
                -22.990852561056144
              ],
              [
                -48.44731108243518,
                -22.99085256105614
              ],
              [
                -48.44731108243518,
                -22.991122055641387
              ],
              [
                -48.4475805770204,
                -22.991122055641384
              ],
              [
                -48.4475805770204,
                -22.992200033982318
              ],
              [
                -48.44731108243518,
                -22.99220003398232
              ],
              [
                -48.44731108243518,
                -22.992469528567558
              ],
              [
                -48.44704158784993,
                -22.99246952856756
              ],
              [
                -48.44704158784993,
                -22.992739023152794
              ],
              [
                -48.44731108243518,
                -22.992739023152787
              ],
              [
                -48.44731108243518,
                -22.993278012323266
              ],
              [
                -48.44785007160565,
                -22.99327801232327
              ],
              [
                -48.44785007160565,
                -22.993547506908502
              ],
              [
                -48.448119566190876,
                -22.993547506908502
              ],
              [
                -48.448119566190876,
                -22.993817001493735
              ],
              [
                -48.44838906077611,
                -22.99381700149373
              ],
              [
                -48.44838906077611,
                -22.994355990664214
              ],
              [
                -48.448658555361355,
                -22.99435599066421
              ],
              [
                -48.448658555361355,
                -22.995703463590385
              ],
              [
                -48.44892804994658,
                -22.995703463590388
              ],
              [
                -48.44892804994658,
                -22.99705093651657
              ],
              [
                -48.44919754453183,
                -22.997050936516573
              ],
              [
                -48.44919754453183,
                -22.997320431101805
              ],
              [
                -48.44946703911705,
                -22.997320431101805
              ],
              [
                -48.44946703911705,
                -22.996781441931333
              ],
              [
                -48.44919754453183,
                -22.99678144193134
              ],
              [
                -48.44919754453183,
                -22.996511947346097
              ],
              [
                -48.44946703911705,
                -22.9965119473461
              ],
              [
                -48.44946703911705,
                -22.99516447441991
              ],
              [
                -48.4497365337023,
                -22.99516447441992
              ],
              [
                -48.4497365337023,
                -22.99489497983468
              ],
              [
                -48.44946703911705,
                -22.99489497983468
              ],
              [
                -48.44946703911705,
                -22.994625485249443
              ],
              [
                -48.44919754453183,
                -22.99462548524944
              ],
              [
                -48.44919754453183,
                -22.993278012323266
              ],
              [
                -48.44946703911705,
                -22.993278012323266
              ],
              [
                -48.44946703911705,
                -22.993008517738033
              ],
              [
                -48.448658555361355,
                -22.99300851773803
              ],
              [
                -48.448658555361355,
                -22.992200033982314
              ],
              [
                -48.44838906077611,
                -22.992200033982325
              ],
              [
                -48.44838906077611,
                -22.991930539397085
              ],
              [
                -48.448119566190876,
                -22.991930539397085
              ],
              [
                -48.448119566190876,
                -22.99112205564138
              ],
              [
                -48.44838906077611,
                -22.991122055641373
              ],
              [
                -48.44838906077611,
                -22.99085256105614
              ],
              [
                -48.448119566190876,
                -22.990852561056144
              ],
              [
                -48.448119566190876,
                -22.990313571885668
              ]
            ]
          ]
        ],
        "type": "MultiPolygon"
      },
      "properties": {
        "id": "261",
        "name": "MB 3 · Formação florestal · 261",
        "class": "Vegetação nativa mapeada",
        "area_ha": 6.6855,
        "reviewed": false,
        "pct": 0.4856
      }
    },
    {
      "type": "Feature",
      "id": "262",
      "geometry": {
        "coordinates": [
          [
            [
              [
                -48.47615480879511,
                -22.995164474426385
              ],
              [
                -48.47614700305541,
                -22.99516447441992
              ],
              [
                -48.47614700305541,
                -22.994355990664214
              ],
              [
                -48.47587750847017,
                -22.99435599066421
              ],
              [
                -48.47587750847017,
                -22.994086496078967
              ],
              [
                -48.47560801388494,
                -22.994086496078975
              ],
              [
                -48.47560801388494,
                -22.993547506908502
              ],
              [
                -48.4753385192997,
                -22.993547506908502
              ],
              [
                -48.4753385192997,
                -22.99300851773803
              ],
              [
                -48.475069024714465,
                -22.993008517738026
              ],
              [
                -48.475069024714465,
                -22.99273902315279
              ],
              [
                -48.47453003554399,
                -22.992739023152794
              ],
              [
                -48.47453003554399,
                -22.99300851773803
              ],
              [
                -48.47345205720305,
                -22.993008517738026
              ],
              [
                -48.47345205720305,
                -22.993278012323266
              ],
              [
                -48.47264357344733,
                -22.993278012323266
              ],
              [
                -48.47264357344733,
                -22.994355990664207
              ],
              [
                -48.472913068032575,
                -22.994355990664218
              ],
              [
                -48.472913068032575,
                -22.99489497983467
              ],
              [
                -48.47183508969163,
                -22.994894979834676
              ],
              [
                -48.47183508969163,
                -22.9965119473461
              ],
              [
                -48.4715655951064,
                -22.9965119473461
              ],
              [
                -48.4715655951064,
                -22.996781441931336
              ],
              [
                -48.47129610052115,
                -22.996781441931343
              ],
              [
                -48.47129610052115,
                -22.997050936516576
              ],
              [
                -48.471026605935926,
                -22.997050936516573
              ],
              [
                -48.471026605935926,
                -22.997589925687038
              ],
              [
                -48.47264357344733,
                -22.997589925687034
              ],
              [
                -48.47264357344733,
                -22.997320431101798
              ],
              [
                -48.47341073609366,
                -22.997320431855677
              ],
              [
                -48.473721551790646,
                -22.997076237011406
              ],
              [
                -48.47372155178828,
                -22.997050936516573
              ],
              [
                -48.47375375444097,
                -22.99705093665048
              ],
              [
                -48.47615480879511,
                -22.995164474426385
              ]
            ]
          ]
        ],
        "type": "MultiPolygon"
      },
      "properties": {
        "id": "262",
        "name": "MB 9 · Silvicultura · 262",
        "class": "Silvicultura mapeada",
        "area_ha": 15.8874,
        "reviewed": false,
        "pct": 1.1539
      }
    },
    {
      "type": "Feature",
      "id": "263",
      "geometry": {
        "coordinates": [
          [
            [
              [
                -48.45108400662848,
                -22.997050936516565
              ],
              [
                -48.450545017458005,
                -22.997050936516565
              ],
              [
                -48.450545017458005,
                -22.997589925687038
              ],
              [
                -48.452431479554654,
                -22.997589925687034
              ],
              [
                -48.452431479554654,
                -22.99732043110181
              ],
              [
                -48.45108400662848,
                -22.9973204311018
              ],
              [
                -48.45108400662848,
                -22.997050936516565
              ]
            ]
          ]
        ],
        "type": "MultiPolygon"
      },
      "properties": {
        "id": "263",
        "name": "MB 21 · Mosaico de usos · 263",
        "class": "Uso agropecuário",
        "area_ha": 0.7428,
        "reviewed": false,
        "pct": 0.0539
      }
    },
    {
      "type": "Feature",
      "id": "264",
      "geometry": {
        "coordinates": [
          [
            [
              [
                -48.45108400662848,
                -22.997589925687038
              ],
              [
                -48.450545017458005,
                -22.997589925687038
              ],
              [
                -48.450545017458005,
                -22.99785942027228
              ],
              [
                -48.45108400662848,
                -22.997859420272277
              ],
              [
                -48.45108400662848,
                -22.997589925687038
              ]
            ]
          ]
        ],
        "type": "MultiPolygon"
      },
      "properties": {
        "id": "264",
        "name": "MB 20 · Cana · 264",
        "class": "Uso agropecuário",
        "area_ha": 0.1651,
        "reviewed": false,
        "pct": 0.012
      }
    },
    {
      "type": "Feature",
      "id": "265",
      "geometry": {
        "coordinates": [
          [
            [
              [
                -48.450545017458005,
                -22.997589925687038
              ],
              [
                -48.45027552287276,
                -22.99758992568703
              ],
              [
                -48.45027552287276,
                -22.997859420272267
              ],
              [
                -48.450545017458005,
                -22.99785942027228
              ],
              [
                -48.450545017458005,
                -22.997589925687038
              ]
            ]
          ]
        ],
        "type": "MultiPolygon"
      },
      "properties": {
        "id": "265",
        "name": "MB 21 · Mosaico de usos · 265",
        "class": "Uso agropecuário",
        "area_ha": 0.0825,
        "reviewed": false,
        "pct": 0.006
      }
    },
    {
      "type": "Feature",
      "id": "266",
      "geometry": {
        "coordinates": [
          [
            [
              [
                -48.45755187667413,
                -22.99785942027227
              ],
              [
                -48.45728238208889,
                -22.997859420272274
              ],
              [
                -48.45728238208889,
                -22.99812891485751
              ],
              [
                -48.45755187667413,
                -22.99812891485751
              ],
              [
                -48.45755187667413,
                -22.99785942027227
              ]
            ]
          ]
        ],
        "type": "MultiPolygon"
      },
      "properties": {
        "id": "266",
        "name": "MB 20 · Cana · 266",
        "class": "Uso agropecuário",
        "area_ha": 0.0825,
        "reviewed": false,
        "pct": 0.006
      }
    },
    {
      "type": "Feature",
      "id": "267",
      "geometry": {
        "coordinates": [
          [
            [
              [
                -48.46348075754932,
                -22.997050936516573
              ],
              [
                -48.46321126296408,
                -22.997050936516573
              ],
              [
                -48.46321126296408,
                -22.998398409442743
              ],
              [
                -48.46348075754932,
                -22.99839840944275
              ],
              [
                -48.46348075754932,
                -22.998128914857507
              ],
              [
                -48.46375025213455,
                -22.998128914857517
              ],
              [
                -48.46375025213455,
                -22.997589925687038
              ],
              [
                -48.46348075754932,
                -22.997589925687034
              ],
              [
                -48.46348075754932,
                -22.997050936516573
              ]
            ]
          ]
        ],
        "type": "MultiPolygon"
      },
      "properties": {
        "id": "267",
        "name": "MB 21 · Mosaico de usos · 267",
        "class": "Uso agropecuário",
        "area_ha": 0.5777,
        "reviewed": false,
        "pct": 0.042
      }
    },
    {
      "type": "Feature",
      "id": "268",
      "geometry": {
        "coordinates": [
          [
            [
              [
                -48.46401974671979,
                -22.99812891485751
              ],
              [
                -48.46375025213455,
                -22.998128914857517
              ],
              [
                -48.46375025213455,
                -22.998398409442753
              ],
              [
                -48.46401974671979,
                -22.998398409442743
              ],
              [
                -48.46401974671979,
                -22.99812891485751
              ]
            ]
          ]
        ],
        "type": "MultiPolygon"
      },
      "properties": {
        "id": "268",
        "name": "MB 21 · Mosaico de usos · 268",
        "class": "Uso agropecuário",
        "area_ha": 0.0825,
        "reviewed": false,
        "pct": 0.006
      }
    },
    {
      "type": "Feature",
      "id": "269",
      "geometry": {
        "coordinates": [
          [
            [
              [
                -48.458360360429836,
                -22.997859420272277
              ],
              [
                -48.45755187667413,
                -22.99785942027227
              ],
              [
                -48.45755187667413,
                -22.99812891485751
              ],
              [
                -48.45728238208889,
                -22.99812891485751
              ],
              [
                -48.45728238208889,
                -22.99893739861322
              ],
              [
                -48.45755187667413,
                -22.998937398613222
              ],
              [
                -48.45755187667413,
                -22.998398409442746
              ],
              [
                -48.4580908658446,
                -22.998398409442743
              ],
              [
                -48.4580908658446,
                -22.998128914857507
              ],
              [
                -48.458360360429836,
                -22.99812891485749
              ],
              [
                -48.458360360429836,
                -22.997859420272277
              ]
            ]
          ]
        ],
        "type": "MultiPolygon"
      },
      "properties": {
        "id": "269",
        "name": "MB 21 · Mosaico de usos · 269",
        "class": "Uso agropecuário",
        "area_ha": 0.6603,
        "reviewed": false,
        "pct": 0.048
      }
    },
    {
      "type": "Feature",
      "id": "270",
      "geometry": {
        "coordinates": [
          [
            [
              [
                -48.468062165498324,
                -22.998398409442746
              ],
              [
                -48.46752317632785,
                -22.99839840944276
              ],
              [
                -48.46752317632785,
                -22.998667904027982
              ],
              [
                -48.46671469257215,
                -22.998667904027982
              ],
              [
                -48.46671469257215,
                -22.99893739861321
              ],
              [
                -48.4677926709131,
                -22.998937398613215
              ],
              [
                -48.4677926709131,
                -22.998667904027986
              ],
              [
                -48.468062165498324,
                -22.998667904027975
              ],
              [
                -48.468062165498324,
                -22.998398409442746
              ]
            ]
          ]
        ],
        "type": "MultiPolygon"
      },
      "properties": {
        "id": "270",
        "name": "MB 21 · Mosaico de usos · 270",
        "class": "Uso agropecuário",
        "area_ha": 0.4952,
        "reviewed": false,
        "pct": 0.036
      }
    },
    {
      "type": "Feature",
      "id": "271",
      "geometry": {
        "coordinates": [
          [
            [
              [
                -48.46321126296408,
                -22.99866790402798
              ],
              [
                -48.46294176837885,
                -22.998667904027982
              ],
              [
                -48.46294176837885,
                -22.998937398613215
              ],
              [
                -48.46321126296408,
                -22.998937398613208
              ],
              [
                -48.46321126296408,
                -22.99866790402798
              ]
            ]
          ]
        ],
        "type": "MultiPolygon"
      },
      "properties": {
        "id": "271",
        "name": "MB 21 · Mosaico de usos · 271",
        "class": "Uso agropecuário",
        "area_ha": 0.0825,
        "reviewed": false,
        "pct": 0.006
      }
    },
    {
      "type": "Feature",
      "id": "272",
      "geometry": {
        "coordinates": [
          [
            [
              [
                -48.466175703401674,
                -22.995972958175628
              ],
              [
                -48.4648282304755,
                -22.995972958175635
              ],
              [
                -48.4648282304755,
                -22.99624245276086
              ],
              [
                -48.46375025213455,
                -22.996242452760868
              ],
              [
                -48.46375025213455,
                -22.9965119473461
              ],
              [
                -48.46348075754932,
                -22.996511947346107
              ],
              [
                -48.46348075754932,
                -22.997589925687034
              ],
              [
                -48.46375025213455,
                -22.997589925687038
              ],
              [
                -48.46375025213455,
                -22.998128914857517
              ],
              [
                -48.46401974671979,
                -22.99812891485751
              ],
              [
                -48.46401974671979,
                -22.998398409442743
              ],
              [
                -48.464289241305025,
                -22.998398409442736
              ],
              [
                -48.464289241305025,
                -22.998667904027986
              ],
              [
                -48.46455873589027,
                -22.99866790402799
              ],
              [
                -48.46455873589027,
                -22.999206893198448
              ],
              [
                -48.465636714231216,
                -22.999206893198455
              ],
              [
                -48.465636714231216,
                -22.998937398613222
              ],
              [
                -48.46590620881645,
                -22.998937398613215
              ],
              [
                -48.46590620881645,
                -22.99732043110181
              ],
              [
                -48.466175703401674,
                -22.997320431101805
              ],
              [
                -48.466175703401674,
                -22.997050936516573
              ],
              [
                -48.46671469257215,
                -22.997050936516576
              ],
              [
                -48.46671469257215,
                -22.996781441931336
              ],
              [
                -48.46590620881645,
                -22.996781441931336
              ],
              [
                -48.46590620881645,
                -22.996511947346097
              ],
              [
                -48.466175703401674,
                -22.996511947346097
              ],
              [
                -48.466175703401674,
                -22.995972958175628
              ]
            ]
          ]
        ],
        "type": "MultiPolygon"
      },
      "properties": {
        "id": "272",
        "name": "MB 39 · Soja · 272",
        "class": "Uso agropecuário",
        "area_ha": 7.593,
        "reviewed": false,
        "pct": 0.5515
      }
    },
    {
      "type": "Feature",
      "id": "273",
      "geometry": {
        "coordinates": [
          [
            [
              [
                -48.46671469257215,
                -22.99893739861321
              ],
              [
                -48.465636714231216,
                -22.998937398613222
              ],
              [
                -48.465636714231216,
                -22.999206893198455
              ],
              [
                -48.46671469257215,
                -22.999206893198448
              ],
              [
                -48.46671469257215,
                -22.99893739861321
              ]
            ]
          ]
        ],
        "type": "MultiPolygon"
      },
      "properties": {
        "id": "273",
        "name": "MB 21 · Mosaico de usos · 273",
        "class": "Uso agropecuário",
        "area_ha": 0.3301,
        "reviewed": false,
        "pct": 0.024
      }
    },
    {
      "type": "Feature",
      "id": "274",
      "geometry": {
        "coordinates": [
          [
            [
              [
                -48.4648282304755,
                -22.99166104481185
              ],
              [
                -48.46455873589027,
                -22.991661044811845
              ],
              [
                -48.46455873589027,
                -22.99220003398232
              ],
              [
                -48.464289241305025,
                -22.99220003398232
              ],
              [
                -48.464289241305025,
                -22.993547506908502
              ],
              [
                -48.46401974671979,
                -22.9935475069085
              ],
              [
                -48.46401974671979,
                -22.99381700149374
              ],
              [
                -48.46321126296408,
                -22.993817001493742
              ],
              [
                -48.46321126296408,
                -22.994355990664214
              ],
              [
                -48.46294176837885,
                -22.99435599066421
              ],
              [
                -48.46294176837885,
                -22.995164474419916
              ],
              [
                -48.462672273793615,
                -22.995164474419912
              ],
              [
                -48.462672273793615,
                -22.995972958175624
              ],
              [
                -48.462402779208375,
                -22.995972958175628
              ],
              [
                -48.462402779208375,
                -22.997589925687038
              ],
              [
                -48.46213328462314,
                -22.99758992568704
              ],
              [
                -48.46213328462314,
                -22.99812891485749
              ],
              [
                -48.4618637900379,
                -22.998128914857507
              ],
              [
                -48.4618637900379,
                -22.999206893198448
              ],
              [
                -48.462402779208375,
                -22.999206893198455
              ],
              [
                -48.462402779208375,
                -22.99947638778369
              ],
              [
                -48.462672273793615,
                -22.99947638778369
              ],
              [
                -48.462672273793615,
                -22.99893739861322
              ],
              [
                -48.46294176837885,
                -22.998937398613215
              ],
              [
                -48.46294176837885,
                -22.998667904027982
              ],
              [
                -48.46321126296408,
                -22.99866790402798
              ],
              [
                -48.46321126296408,
                -22.997050936516573
              ],
              [
                -48.46348075754932,
                -22.997050936516573
              ],
              [
                -48.46348075754932,
                -22.996511947346107
              ],
              [
                -48.46375025213455,
                -22.9965119473461
              ],
              [
                -48.46375025213455,
                -22.996242452760868
              ],
              [
                -48.46401974671979,
                -22.996242452760864
              ],
              [
                -48.46401974671979,
                -22.995703463590388
              ],
              [
                -48.464289241305025,
                -22.99570346359039
              ],
              [
                -48.464289241305025,
                -22.995164474419916
              ],
              [
                -48.46455873589027,
                -22.995164474419923
              ],
              [
                -48.46455873589027,
                -22.99408649607897
              ],
              [
                -48.4648282304755,
                -22.994086496078975
              ],
              [
                -48.4648282304755,
                -22.99166104481185
              ]
            ]
          ]
        ],
        "type": "MultiPolygon"
      },
      "properties": {
        "id": "274",
        "name": "MB 3 · Formação florestal · 274",
        "class": "Vegetação nativa mapeada",
        "area_ha": 9.2438,
        "reviewed": false,
        "pct": 0.6714
      }
    },
    {
      "type": "Feature",
      "id": "275",
      "geometry": {
        "coordinates": [
          [
            [
              [
                -48.46375025213455,
                -22.998128914857517
              ],
              [
                -48.46348075754932,
                -22.998128914857507
              ],
              [
                -48.46348075754932,
                -22.99839840944275
              ],
              [
                -48.46321126296408,
                -22.998398409442743
              ],
              [
                -48.46321126296408,
                -22.998937398613208
              ],
              [
                -48.46294176837885,
                -22.998937398613215
              ],
              [
                -48.46294176837885,
                -22.999476387783698
              ],
              [
                -48.46321126296408,
                -22.999476387783684
              ],
              [
                -48.46321126296408,
                -22.999206893198455
              ],
              [
                -48.46401974671979,
                -22.999206893198448
              ],
              [
                -48.46401974671979,
                -22.99893739861322
              ],
              [
                -48.46455873589027,
                -22.99893739861322
              ],
              [
                -48.46455873589027,
                -22.99866790402799
              ],
              [
                -48.464289241305025,
                -22.998667904027986
              ],
              [
                -48.464289241305025,
                -22.998398409442736
              ],
              [
                -48.46375025213455,
                -22.998398409442753
              ],
              [
                -48.46375025213455,
                -22.998128914857517
              ]
            ]
          ]
        ],
        "type": "MultiPolygon"
      },
      "properties": {
        "id": "275",
        "name": "MB 20 · Cana · 275",
        "class": "Uso agropecuário",
        "area_ha": 1.238,
        "reviewed": false,
        "pct": 0.0899
      }
    },
    {
      "type": "Feature",
      "id": "276",
      "geometry": {
        "coordinates": [
          [
            [
              [
                -48.46294176837885,
                -22.998937398613215
              ],
              [
                -48.462672273793615,
                -22.99893739861322
              ],
              [
                -48.462672273793615,
                -22.99947638778369
              ],
              [
                -48.46294176837885,
                -22.999476387783698
              ],
              [
                -48.46294176837885,
                -22.998937398613215
              ]
            ]
          ]
        ],
        "type": "MultiPolygon"
      },
      "properties": {
        "id": "276",
        "name": "MB 21 · Mosaico de usos · 276",
        "class": "Uso agropecuário",
        "area_ha": 0.1651,
        "reviewed": false,
        "pct": 0.012
      }
    },
    {
      "type": "Feature",
      "id": "277",
      "geometry": {
        "coordinates": [
          [
            [
              [
                -48.46455873589027,
                -22.99893739861322
              ],
              [
                -48.46401974671979,
                -22.99893739861322
              ],
              [
                -48.46401974671979,
                -22.999476387783695
              ],
              [
                -48.465636714231216,
                -22.999476387783698
              ],
              [
                -48.465636714231216,
                -22.999206893198455
              ],
              [
                -48.46455873589027,
                -22.999206893198448
              ],
              [
                -48.46455873589027,
                -22.99893739861322
              ]
            ]
          ]
        ],
        "type": "MultiPolygon"
      },
      "properties": {
        "id": "277",
        "name": "MB 21 · Mosaico de usos · 277",
        "class": "Uso agropecuário",
        "area_ha": 0.6603,
        "reviewed": false,
        "pct": 0.048
      }
    },
    {
      "type": "Feature",
      "id": "278",
      "geometry": {
        "coordinates": [
          [
            [
              [
                -48.450545017458005,
                -22.998128914857503
              ],
              [
                -48.45027552287276,
                -22.998128914857507
              ],
              [
                -48.45027552287276,
                -22.999206893198462
              ],
              [
                -48.450545017458005,
                -22.999206893198448
              ],
              [
                -48.450545017458005,
                -22.999745882368924
              ],
              [
                -48.45081451204323,
                -22.999745882368924
              ],
              [
                -48.45081451204323,
                -22.99893739861322
              ],
              [
                -48.450545017458005,
                -22.9989373986132
              ],
              [
                -48.450545017458005,
                -22.998128914857503
              ]
            ]
          ]
        ],
        "type": "MultiPolygon"
      },
      "properties": {
        "id": "278",
        "name": "MB 21 · Mosaico de usos · 278",
        "class": "Uso agropecuário",
        "area_ha": 0.5777,
        "reviewed": false,
        "pct": 0.042
      }
    },
    {
      "type": "Feature",
      "id": "279",
      "geometry": {
        "coordinates": [
          [
            [
              [
                -48.462672273793615,
                -22.99947638778369
              ],
              [
                -48.46213328462314,
                -22.999476387783684
              ],
              [
                -48.46213328462314,
                -22.999745882368927
              ],
              [
                -48.462672273793615,
                -22.99974588236892
              ],
              [
                -48.462672273793615,
                -22.99947638778369
              ]
            ]
          ]
        ],
        "type": "MultiPolygon"
      },
      "properties": {
        "id": "279",
        "name": "MB 21 · Mosaico de usos · 279",
        "class": "Uso agropecuário",
        "area_ha": 0.1651,
        "reviewed": false,
        "pct": 0.012
      }
    },
    {
      "type": "Feature",
      "id": "280",
      "geometry": {
        "coordinates": [
          [
            [
              [
                -48.46213328462314,
                -22.999745882368927
              ],
              [
                -48.4610553062822,
                -22.999745882368916
              ],
              [
                -48.4610553062822,
                -23.00001537695416
              ],
              [
                -48.46213328462314,
                -23.000015376954167
              ],
              [
                -48.46213328462314,
                -22.999745882368927
              ]
            ]
          ]
        ],
        "type": "MultiPolygon"
      },
      "properties": {
        "id": "280",
        "name": "MB 21 · Mosaico de usos · 280",
        "class": "Uso agropecuário",
        "area_ha": 0.3301,
        "reviewed": false,
        "pct": 0.024
      }
    },
    {
      "type": "Feature",
      "id": "281",
      "geometry": {
        "coordinates": [
          [
            [
              [
                -48.456743392918426,
                -22.999745882368924
              ],
              [
                -48.456473898333186,
                -22.99974588236892
              ],
              [
                -48.456473898333186,
                -23.00001537695416
              ],
              [
                -48.456743392918426,
                -23.000015376954167
              ],
              [
                -48.456743392918426,
                -22.999745882368924
              ]
            ]
          ]
        ],
        "type": "MultiPolygon"
      },
      "properties": {
        "id": "281",
        "name": "MB 21 · Mosaico de usos · 281",
        "class": "Uso agropecuário",
        "area_ha": 0.0825,
        "reviewed": false,
        "pct": 0.006
      }
    },
    {
      "type": "Feature",
      "id": "282",
      "geometry": {
        "coordinates": [
          [
            [
              [
                -48.47238166961955,
                -22.998128914883203
              ],
              [
                -48.4723740788621,
                -22.998128914857503
              ],
              [
                -48.47237407886332,
                -22.998134878473852
              ],
              [
                -48.47238166961955,
                -22.998128914883203
              ]
            ]
          ]
        ],
        "type": "MultiPolygon"
      },
      "properties": {
        "id": "282",
        "name": "MB 21 · Mosaico de usos · 282",
        "class": "Uso agropecuário",
        "area_ha": 0.0,
        "reviewed": false,
        "pct": 0.0
      }
    },
    {
      "type": "Feature",
      "id": "283",
      "geometry": {
        "coordinates": [
          [
            [
              [
                -48.45512642540701,
                -22.986810142277605
              ],
              [
                -48.45458743623654,
                -22.986810142277594
              ],
              [
                -48.45458743623654,
                -22.98788812061855
              ],
              [
                -48.45431794165129,
                -22.987888120618543
              ],
              [
                -48.45431794165129,
                -22.989505088129963
              ],
              [
                -48.45458743623654,
                -22.989505088129963
              ],
              [
                -48.45458743623654,
                -22.991122055641373
              ],
              [
                -48.45485693082176,
                -22.99112205564139
              ],
              [
                -48.45485693082176,
                -22.991661044811853
              ],
              [
                -48.45512642540701,
                -22.99166104481185
              ],
              [
                -48.45512642540701,
                -22.992469528567554
              ],
              [
                -48.455395919992235,
                -22.992469528567558
              ],
              [
                -48.455395919992235,
                -22.99300851773803
              ],
              [
                -48.45566541457748,
                -22.993008517738026
              ],
              [
                -48.45566541457748,
                -22.99354750690851
              ],
              [
                -48.455934909162714,
                -22.993547506908502
              ],
              [
                -48.455934909162714,
                -22.99381700149374
              ],
              [
                -48.456473898333186,
                -22.99381700149374
              ],
              [
                -48.456473898333186,
                -22.99435599066421
              ],
              [
                -48.45728238208889,
                -22.99435599066421
              ],
              [
                -48.45728238208889,
                -22.994625485249447
              ],
              [
                -48.45755187667413,
                -22.99462548524945
              ],
              [
                -48.45755187667413,
                -22.99516447441992
              ],
              [
                -48.456743392918426,
                -22.99516447441992
              ],
              [
                -48.456743392918426,
                -22.99543396900515
              ],
              [
                -48.456473898333186,
                -22.995433969005152
              ],
              [
                -48.456473898333186,
                -22.99570346359039
              ],
              [
                -48.456743392918426,
                -22.995703463590388
              ],
              [
                -48.456743392918426,
                -22.995972958175617
              ],
              [
                -48.45701288750366,
                -22.99597295817562
              ],
              [
                -48.45701288750366,
                -22.99624245276086
              ],
              [
                -48.45728238208889,
                -22.99624245276086
              ],
              [
                -48.45728238208889,
                -22.996511947346097
              ],
              [
                -48.457821371259364,
                -22.996511947346097
              ],
              [
                -48.457821371259364,
                -22.9973204311018
              ],
              [
                -48.45755187667413,
                -22.99732043110179
              ],
              [
                -48.45755187667413,
                -22.99785942027227
              ],
              [
                -48.458360360429836,
                -22.997859420272277
              ],
              [
                -48.458360360429836,
                -22.99812891485749
              ],
              [
                -48.4580908658446,
                -22.998128914857507
              ],
              [
                -48.4580908658446,
                -22.998398409442743
              ],
              [
                -48.45755187667413,
                -22.998398409442746
              ],
              [
                -48.45755187667413,
                -22.998937398613222
              ],
              [
                -48.457821371259364,
                -22.998937398613204
              ],
              [
                -48.457821371259364,
                -22.999206893198444
              ],
              [
                -48.458360360429836,
                -22.999206893198448
              ],
              [
                -48.458360360429836,
                -22.999476387783695
              ],
              [
                -48.45916884418555,
                -22.999476387783684
              ],
              [
                -48.45916884418555,
                -23.0002848715394
              ],
              [
                -48.45970783335602,
                -23.000284871539403
              ],
              [
                -48.45970783335602,
                -23.00001537695416
              ],
              [
                -48.4610553062822,
                -23.00001537695416
              ],
              [
                -48.4610553062822,
                -22.999745882368916
              ],
              [
                -48.46213328462314,
                -22.999745882368927
              ],
              [
                -48.46213328462314,
                -22.999476387783684
              ],
              [
                -48.462402779208375,
                -22.99947638778369
              ],
              [
                -48.462402779208375,
                -22.999206893198455
              ],
              [
                -48.4618637900379,
                -22.999206893198448
              ],
              [
                -48.4618637900379,
                -22.998128914857507
              ],
              [
                -48.46213328462314,
                -22.99812891485749
              ],
              [
                -48.46213328462314,
                -22.99758992568704
              ],
              [
                -48.462402779208375,
                -22.997589925687038
              ],
              [
                -48.462402779208375,
                -22.995972958175628
              ],
              [
                -48.462672273793615,
                -22.995972958175624
              ],
              [
                -48.462672273793615,
                -22.995164474419912
              ],
              [
                -48.46294176837885,
                -22.995164474419916
              ],
              [
                -48.46294176837885,
                -22.99381700149374
              ],
              [
                -48.46321126296408,
                -22.993817001493742
              ],
              [
                -48.46321126296408,
                -22.99354750690851
              ],
              [
                -48.46294176837885,
                -22.993547506908506
              ],
              [
                -48.46294176837885,
                -22.991661044811845
              ],
              [
                -48.46401974671979,
                -22.99166104481185
              ],
              [
                -48.46401974671979,
                -22.99139155022661
              ],
              [
                -48.46455873589027,
                -22.991391550226613
              ],
              [
                -48.46455873589027,
                -22.991122055641377
              ],
              [
                -48.4648282304755,
                -22.99112205564138
              ],
              [
                -48.4648282304755,
                -22.991391550226613
              ],
              [
                -48.465097725060744,
                -22.99139155022661
              ],
              [
                -48.465097725060744,
                -22.99300851773803
              ],
              [
                -48.4648282304755,
                -22.99300851773803
              ],
              [
                -48.4648282304755,
                -22.994086496078975
              ],
              [
                -48.46455873589027,
                -22.99408649607897
              ],
              [
                -48.46455873589027,
                -22.995164474419923
              ],
              [
                -48.464289241305025,
                -22.995164474419916
              ],
              [
                -48.464289241305025,
                -22.99570346359039
              ],
              [
                -48.465097725060744,
                -22.995703463590388
              ],
              [
                -48.465097725060744,
                -22.99543396900515
              ],
              [
                -48.465636714231216,
                -22.995433969005152
              ],
              [
                -48.465636714231216,
                -22.99570346359039
              ],
              [
                -48.46590620881645,
                -22.99570346359039
              ],
              [
                -48.46590620881645,
                -22.995433969005155
              ],
              [
                -48.46644519798692,
                -22.995433969005155
              ],
              [
                -48.46644519798692,
                -22.995164474419923
              ],
              [
                -48.466984187157394,
                -22.99516447441992
              ],
              [
                -48.466984187157394,
                -22.994894979834683
              ],
              [
                -48.4677926709131,
                -22.994894979834683
              ],
              [
                -48.4677926709131,
                -22.995433969005152
              ],
              [
                -48.467253681742626,
                -22.995433969005155
              ],
              [
                -48.467253681742626,
                -22.995703463590388
              ],
              [
                -48.466984187157394,
                -22.995703463590385
              ],
              [
                -48.466984187157394,
                -22.996242452760868
              ],
              [
                -48.46671469257215,
                -22.99624245276086
              ],
              [
                -48.46671469257215,
                -22.996511947346107
              ],
              [
                -48.467253681742626,
                -22.996511947346107
              ],
              [
                -48.467253681742626,
                -22.996242452760857
              ],
              [
                -48.4686011546688,
                -22.996242452760864
              ],
              [
                -48.4686011546688,
                -22.99597295817562
              ],
              [
                -48.46887064925403,
                -22.995972958175628
              ],
              [
                -48.46887064925403,
                -22.996781441931343
              ],
              [
                -48.4686011546688,
                -22.996781441931333
              ],
              [
                -48.4686011546688,
                -22.997050936516562
              ],
              [
                -48.467253681742626,
                -22.997050936516583
              ],
              [
                -48.467253681742626,
                -22.996781441931336
              ],
              [
                -48.46671469257215,
                -22.996781441931336
              ],
              [
                -48.46671469257215,
                -22.997050936516576
              ],
              [
                -48.466175703401674,
                -22.997050936516573
              ],
              [
                -48.466175703401674,
                -22.997320431101805
              ],
              [
                -48.46590620881645,
                -22.99732043110181
              ],
              [
                -48.46590620881645,
                -22.998937398613215
              ],
              [
                -48.46671469257215,
                -22.99893739861321
              ],
              [
                -48.46671469257215,
                -22.998667904027982
              ],
              [
                -48.46752317632785,
                -22.998667904027982
              ],
              [
                -48.46752317632785,
                -22.99839840944276
              ],
              [
                -48.4686011546688,
                -22.998398409442746
              ],
              [
                -48.4686011546688,
                -22.998128914857503
              ],
              [
                -48.469140143839276,
                -22.99812891485751
              ],
              [
                -48.469140143839276,
                -22.99785942027227
              ],
              [
                -48.4694096384245,
                -22.997859420272277
              ],
              [
                -48.4694096384245,
                -22.997589925687034
              ],
              [
                -48.46967913300975,
                -22.997589925687034
              ],
              [
                -48.46967913300975,
                -22.995703463590385
              ],
              [
                -48.469948627594974,
                -22.995703463590395
              ],
              [
                -48.469948627594974,
                -22.99543396900515
              ],
              [
                -48.470218122180206,
                -22.99543396900515
              ],
              [
                -48.470218122180206,
                -22.994625485249454
              ],
              [
                -48.469948627594974,
                -22.994625485249447
              ],
              [
                -48.469948627594974,
                -22.993278012323266
              ],
              [
                -48.46967913300975,
                -22.993278012323263
              ],
              [
                -48.46967913300975,
                -22.99300851773803
              ],
              [
                -48.4694096384245,
                -22.99300851773803
              ],
              [
                -48.4694096384245,
                -22.992739023152794
              ],
              [
                -48.469140143839276,
                -22.99273902315279
              ],
              [
                -48.469140143839276,
                -22.992469528567558
              ],
              [
                -48.46887064925403,
                -22.992469528567558
              ],
              [
                -48.46887064925403,
                -22.99220003398232
              ],
              [
                -48.4686011546688,
                -22.99220003398232
              ],
              [
                -48.4686011546688,
                -22.991930539397085
              ],
              [
                -48.46833166008357,
                -22.991930539397085
              ],
              [
                -48.46833166008357,
                -22.99139155022661
              ],
              [
                -48.468062165498324,
                -22.991391550226613
              ],
              [
                -48.468062165498324,
                -22.991122055641377
              ],
              [
                -48.4677926709131,
                -22.99112205564138
              ],
              [
                -48.4677926709131,
                -22.990583066470904
              ],
              [
                -48.46752317632785,
                -22.99058306647091
              ],
              [
                -48.46752317632785,
                -22.990313571885665
              ],
              [
                -48.467253681742626,
                -22.990313571885668
              ],
              [
                -48.467253681742626,
                -22.98950508812996
              ],
              [
                -48.466984187157394,
                -22.98950508812996
              ],
              [
                -48.466984187157394,
                -22.98923559354473
              ],
              [
                -48.46671469257215,
                -22.989235593544727
              ],
              [
                -48.46671469257215,
                -22.988966098959487
              ],
              [
                -48.466175703401674,
                -22.988966098959487
              ],
              [
                -48.466175703401674,
                -22.988696604374255
              ],
              [
                -48.465636714231216,
                -22.98869660437426
              ],
              [
                -48.465636714231216,
                -22.98734913144808
              ],
              [
                -48.46536721964597,
                -22.98734913144807
              ],
              [
                -48.46536721964597,
                -22.987079636862838
              ],
              [
                -48.46455873589027,
                -22.98707963686284
              ],
              [
                -48.46455873589027,
                -22.98734913144807
              ],
              [
                -48.464289241305025,
                -22.987349131448074
              ],
              [
                -48.464289241305025,
                -22.98788812061853
              ],
              [
                -48.46401974671979,
                -22.987888120618543
              ],
              [
                -48.46401974671979,
                -22.988157615203782
              ],
              [
                -48.46375025213455,
                -22.988157615203786
              ],
              [
                -48.46375025213455,
                -22.988427109789022
              ],
              [
                -48.46348075754932,
                -22.98842710978902
              ],
              [
                -48.46348075754932,
                -22.98869660437425
              ],
              [
                -48.46321126296408,
                -22.988696604374265
              ],
              [
                -48.46321126296408,
                -22.988966098959484
              ],
              [
                -48.46294176837885,
                -22.988966098959487
              ],
              [
                -48.46294176837885,
                -22.989235593544734
              ],
              [
                -48.462402779208375,
                -22.989235593544723
              ],
              [
                -48.462402779208375,
                -22.989505088129956
              ],
              [
                -48.46213328462314,
                -22.989505088129928
              ],
              [
                -48.46213328462314,
                -22.9897745827152
              ],
              [
                -48.4618637900379,
                -22.989774582715206
              ],
              [
                -48.4618637900379,
                -22.990044077300432
              ],
              [
                -48.46159429545267,
                -22.99004407730043
              ],
              [
                -48.46159429545267,
                -22.99031357188567
              ],
              [
                -48.46132480086743,
                -22.990313571885665
              ],
              [
                -48.46132480086743,
                -22.990852561056137
              ],
              [
                -48.46078581169696,
                -22.990852561056144
              ],
              [
                -48.46078581169696,
                -22.991391550226613
              ],
              [
                -48.460516317111725,
                -22.99139155022661
              ],
              [
                -48.460516317111725,
                -22.99166104481185
              ],
              [
                -48.460246822526486,
                -22.991661044811853
              ],
              [
                -48.460246822526486,
                -22.99193053939709
              ],
              [
                -48.45970783335602,
                -22.991930539397085
              ],
              [
                -48.45970783335602,
                -22.99220003398232
              ],
              [
                -48.45943833877078,
                -22.992200033982318
              ],
              [
                -48.45943833877078,
                -22.992469528567558
              ],
              [
                -48.45916884418555,
                -22.99246952856756
              ],
              [
                -48.45916884418555,
                -22.99300851773803
              ],
              [
                -48.45889934960031,
                -22.993008517738026
              ],
              [
                -48.45889934960031,
                -22.99327801232327
              ],
              [
                -48.458629855015076,
                -22.993278012323266
              ],
              [
                -48.458629855015076,
                -22.9935475069085
              ],
              [
                -48.458360360429836,
                -22.993547506908502
              ],
              [
                -48.458360360429836,
                -22.99381700149374
              ],
              [
                -48.457821371259364,
                -22.993817001493735
              ],
              [
                -48.457821371259364,
                -22.993547506908502
              ],
              [
                -48.4580908658446,
                -22.993547506908506
              ],
              [
                -48.4580908658446,
                -22.993278012323266
              ],
              [
                -48.458360360429836,
                -22.993278012323263
              ],
              [
                -48.458360360429836,
                -22.992739023152794
              ],
              [
                -48.458629855015076,
                -22.992739023152797
              ],
              [
                -48.458629855015076,
                -22.992469528567558
              ],
              [
                -48.45889934960031,
                -22.992469528567565
              ],
              [
                -48.45889934960031,
                -22.992200033982325
              ],
              [
                -48.45916884418555,
                -22.992200033982325
              ],
              [
                -48.45916884418555,
                -22.99193053939708
              ],
              [
                -48.45943833877078,
                -22.991930539397085
              ],
              [
                -48.45943833877078,
                -22.99166104481185
              ],
              [
                -48.45997732794125,
                -22.99166104481185
              ],
              [
                -48.45997732794125,
                -22.991391550226613
              ],
              [
                -48.460246822526486,
                -22.99139155022662
              ],
              [
                -48.460246822526486,
                -22.990852561056137
              ],
              [
                -48.460516317111725,
                -22.99085256105614
              ],
              [
                -48.460516317111725,
                -22.990583066470908
              ],
              [
                -48.46078581169696,
                -22.990583066470908
              ],
              [
                -48.46078581169696,
                -22.99031357188567
              ],
              [
                -48.4610553062822,
                -22.990313571885668
              ],
              [
                -48.4610553062822,
                -22.99004407730045
              ],
              [
                -48.46132480086743,
                -22.990044077300432
              ],
              [
                -48.46132480086743,
                -22.9897745827152
              ],
              [
                -48.46159429545267,
                -22.989774582715196
              ],
              [
                -48.46159429545267,
                -22.989505088129956
              ],
              [
                -48.4618637900379,
                -22.989505088129967
              ],
              [
                -48.4618637900379,
                -22.98923559354473
              ],
              [
                -48.46213328462314,
                -22.989235593544727
              ],
              [
                -48.46213328462314,
                -22.988966098959487
              ],
              [
                -48.462402779208375,
                -22.988966098959487
              ],
              [
                -48.462402779208375,
                -22.988427109789033
              ],
              [
                -48.46294176837885,
                -22.988427109789022
              ],
              [
                -48.46294176837885,
                -22.98815761520378
              ],
              [
                -48.4618637900379,
                -22.988157615203786
              ],
              [
                -48.4618637900379,
                -22.98842710978902
              ],
              [
                -48.460516317111725,
                -22.988427109789022
              ],
              [
                -48.460516317111725,
                -22.988696604374258
              ],
              [
                -48.45970783335602,
                -22.988696604374255
              ],
              [
                -48.45970783335602,
                -22.988966098959487
              ],
              [
                -48.458629855015076,
                -22.988966098959487
              ],
              [
                -48.458629855015076,
                -22.989235593544723
              ],
              [
                -48.4580908658446,
                -22.98923559354473
              ],
              [
                -48.4580908658446,
                -22.989505088129963
              ],
              [
                -48.45701288750366,
                -22.98950508812996
              ],
              [
                -48.45701288750366,
                -22.988696604374255
              ],
              [
                -48.456743392918426,
                -22.988696604374255
              ],
              [
                -48.456743392918426,
                -22.988157615203775
              ],
              [
                -48.455934909162714,
                -22.98815761520378
              ],
              [
                -48.455934909162714,
                -22.987888120618546
              ],
              [
                -48.455395919992235,
                -22.98788812061855
              ],
              [
                -48.455395919992235,
                -22.987618626033314
              ],
              [
                -48.45566541457748,
                -22.987618626033306
              ],
              [
                -48.45566541457748,
                -22.98734913144807
              ],
              [
                -48.45512642540701,
                -22.98734913144807
              ],
              [
                -48.45512642540701,
                -22.986810142277605
              ]
            ],
            [
              [
                -48.460516317111725,
                -22.99381700149374
              ],
              [
                -48.45997732794125,
                -22.99381700149374
              ],
              [
                -48.45997732794125,
                -22.993547506908502
              ],
              [
                -48.460516317111725,
                -22.993547506908502
              ],
              [
                -48.460516317111725,
                -22.99381700149374
              ]
            ],
            [
              [
                -48.460516317111725,
                -22.99381700149374
              ],
              [
                -48.46078581169696,
                -22.99381700149374
              ],
              [
                -48.46078581169696,
                -22.99435599066421
              ],
              [
                -48.4610553062822,
                -22.994355990664218
              ],
              [
                -48.4610553062822,
                -22.99516447441992
              ],
              [
                -48.46078581169696,
                -22.995164474419923
              ],
              [
                -48.46078581169696,
                -22.994894979834683
              ],
              [
                -48.460246822526486,
                -22.99489497983467
              ],
              [
                -48.460246822526486,
                -22.994086496078975
              ],
              [
                -48.460516317111725,
                -22.994086496078975
              ],
              [
                -48.460516317111725,
                -22.99381700149374
              ]
            ]
          ]
        ],
        "type": "MultiPolygon"
      },
      "properties": {
        "id": "283",
        "name": "MB 20 · Cana · 283",
        "class": "Uso agropecuário",
        "area_ha": 125.2061,
        "reviewed": false,
        "pct": 9.0936
      }
    },
    {
      "type": "Feature",
      "id": "284",
      "geometry": {
        "coordinates": [
          [
            [
              [
                -48.45108400662848,
                -22.99974588236892
              ],
              [
                -48.45081451204323,
                -22.999745882368924
              ],
              [
                -48.45081451204323,
                -23.000284871539403
              ],
              [
                -48.45108400662848,
                -23.000284871539396
              ],
              [
                -48.45108400662848,
                -22.99974588236892
              ]
            ]
          ]
        ],
        "type": "MultiPolygon"
      },
      "properties": {
        "id": "284",
        "name": "MB 21 · Mosaico de usos · 284",
        "class": "Uso agropecuário",
        "area_ha": 0.1651,
        "reviewed": false,
        "pct": 0.012
      }
    },
    {
      "type": "Feature",
      "id": "285",
      "geometry": {
        "coordinates": [
          [
            [
              [
                -48.46078581169696,
                -23.000015376954163
              ],
              [
                -48.45970783335602,
                -23.00001537695416
              ],
              [
                -48.45970783335602,
                -23.000284871539403
              ],
              [
                -48.46078581169696,
                -23.000284871539392
              ],
              [
                -48.46078581169696,
                -23.000015376954163
              ]
            ]
          ]
        ],
        "type": "MultiPolygon"
      },
      "properties": {
        "id": "285",
        "name": "MB 21 · Mosaico de usos · 285",
        "class": "Uso agropecuário",
        "area_ha": 0.3301,
        "reviewed": false,
        "pct": 0.024
      }
    },
    {
      "type": "Feature",
      "id": "286",
      "geometry": {
        "coordinates": [
          [
            [
              [
                -48.457821371259364,
                -23.000284871539407
              ],
              [
                -48.456743392918426,
                -23.0002848715394
              ],
              [
                -48.456743392918426,
                -23.000554366124636
              ],
              [
                -48.457821371259364,
                -23.000554366124632
              ],
              [
                -48.457821371259364,
                -23.000284871539407
              ]
            ]
          ]
        ],
        "type": "MultiPolygon"
      },
      "properties": {
        "id": "286",
        "name": "MB 21 · Mosaico de usos · 286",
        "class": "Uso agropecuário",
        "area_ha": 0.3301,
        "reviewed": false,
        "pct": 0.024
      }
    },
    {
      "type": "Feature",
      "id": "287",
      "geometry": {
        "coordinates": [
          [
            [
              [
                -48.45135350121371,
                -23.0002848715394
              ],
              [
                -48.45108400662848,
                -23.000284871539396
              ],
              [
                -48.45108400662848,
                -23.001093355295108
              ],
              [
                -48.45135350121371,
                -23.00109335529509
              ],
              [
                -48.45135350121371,
                -23.0002848715394
              ]
            ]
          ]
        ],
        "type": "MultiPolygon"
      },
      "properties": {
        "id": "287",
        "name": "MB 21 · Mosaico de usos · 287",
        "class": "Uso agropecuário",
        "area_ha": 0.2476,
        "reviewed": false,
        "pct": 0.018
      }
    },
    {
      "type": "Feature",
      "id": "288",
      "geometry": {
        "coordinates": [
          [
            [
              [
                -48.456473898333186,
                -23.000284871539392
              ],
              [
                -48.456204403747954,
                -23.000284871539392
              ],
              [
                -48.456204403747954,
                -23.00082386070987
              ],
              [
                -48.455934909162714,
                -23.00082386070986
              ],
              [
                -48.455934909162714,
                -23.001093355295108
              ],
              [
                -48.456743392918426,
                -23.001093355295104
              ],
              [
                -48.456743392918426,
                -23.000554366124636
              ],
              [
                -48.456473898333186,
                -23.00055436612462
              ],
              [
                -48.456473898333186,
                -23.000284871539392
              ]
            ]
          ]
        ],
        "type": "MultiPolygon"
      },
      "properties": {
        "id": "288",
        "name": "MB 21 · Mosaico de usos · 288",
        "class": "Uso agropecuário",
        "area_ha": 0.4952,
        "reviewed": false,
        "pct": 0.036
      }
    },
    {
      "type": "Feature",
      "id": "289",
      "geometry": {
        "coordinates": [
          [
            [
              [
                -48.44919754453796,
                -23.000197743805696
              ],
              [
                -48.44919754453183,
                -23.000015376954167
              ],
              [
                -48.44901517045814,
                -23.000015377315222
              ],
              [
                -48.44919754453796,
                -23.000197743805696
              ]
            ]
          ]
        ],
        "type": "MultiPolygon"
      },
      "properties": {
        "id": "289",
        "name": "MB 11 · Campo alagado · 289",
        "class": "Vegetação nativa mapeada",
        "area_ha": 0.0189,
        "reviewed": false,
        "pct": 0.0014
      }
    },
    {
      "type": "Feature",
      "id": "290",
      "geometry": {
        "coordinates": [
          [
            [
              [
                -48.44946703916118,
                -23.000467226011
              ],
              [
                -48.44946703911705,
                -23.000284871539407
              ],
              [
                -48.4492846761798,
                -23.000284871589642
              ],
              [
                -48.44946703916118,
                -23.000467226011
              ]
            ]
          ]
        ],
        "type": "MultiPolygon"
      },
      "properties": {
        "id": "290",
        "name": "MB 11 · Campo alagado · 290",
        "class": "Vegetação nativa mapeada",
        "area_ha": 0.0189,
        "reviewed": false,
        "pct": 0.0014
      }
    },
    {
      "type": "Feature",
      "id": "291",
      "geometry": {
        "coordinates": [
          [
            [
              [
                -48.457821371259364,
                -23.000554366124632
              ],
              [
                -48.456743392918426,
                -23.000554366124636
              ],
              [
                -48.456743392918426,
                -23.001093355295104
              ],
              [
                -48.45701288750366,
                -23.001093355295108
              ],
              [
                -48.45701288750366,
                -23.00136284988034
              ],
              [
                -48.457821371259364,
                -23.001362849880334
              ],
              [
                -48.457821371259364,
                -23.000554366124632
              ]
            ]
          ]
        ],
        "type": "MultiPolygon"
      },
      "properties": {
        "id": "291",
        "name": "MB 3 · Formação florestal · 291",
        "class": "Vegetação nativa mapeada",
        "area_ha": 0.9078,
        "reviewed": false,
        "pct": 0.0659
      }
    },
    {
      "type": "Feature",
      "id": "292",
      "geometry": {
        "coordinates": [
          [
            [
              [
                -48.45701288750366,
                -23.001093355295108
              ],
              [
                -48.456743392918426,
                -23.001093355295104
              ],
              [
                -48.456743392918426,
                -23.00136284988034
              ],
              [
                -48.45701288750366,
                -23.00136284988034
              ],
              [
                -48.45701288750366,
                -23.001093355295108
              ]
            ]
          ]
        ],
        "type": "MultiPolygon"
      },
      "properties": {
        "id": "292",
        "name": "MB 21 · Mosaico de usos · 292",
        "class": "Uso agropecuário",
        "area_ha": 0.0825,
        "reviewed": false,
        "pct": 0.006
      }
    },
    {
      "type": "Feature",
      "id": "293",
      "geometry": {
        "coordinates": [
          [
            [
              [
                -48.455934909162714,
                -23.001093355295108
              ],
              [
                -48.45485693082176,
                -23.001093355295108
              ],
              [
                -48.45485693082176,
                -23.001362849880337
              ],
              [
                -48.455934909162714,
                -23.001362849880334
              ],
              [
                -48.455934909162714,
                -23.001093355295108
              ]
            ]
          ]
        ],
        "type": "MultiPolygon"
      },
      "properties": {
        "id": "293",
        "name": "MB 21 · Mosaico de usos · 293",
        "class": "Uso agropecuário",
        "area_ha": 0.3301,
        "reviewed": false,
        "pct": 0.024
      }
    },
    {
      "type": "Feature",
      "id": "294",
      "geometry": {
        "coordinates": [
          [
            [
              [
                -48.45297046872511,
                -22.99812891485751
              ],
              [
                -48.452431479554654,
                -22.998128914857517
              ],
              [
                -48.452431479554654,
                -23.000554366124632
              ],
              [
                -48.45270097413988,
                -23.000554366124636
              ],
              [
                -48.45270097413988,
                -23.000823860709872
              ],
              [
                -48.45297046872511,
                -23.000823860709872
              ],
              [
                -48.45297046872511,
                -23.001362849880348
              ],
              [
                -48.45323996331036,
                -23.001362849880337
              ],
              [
                -48.45323996331036,
                -23.001632344465577
              ],
              [
                -48.45377895248083,
                -23.001632344465573
              ],
              [
                -48.45377895248083,
                -23.001362849880348
              ],
              [
                -48.45485693082176,
                -23.001362849880337
              ],
              [
                -48.45485693082176,
                -23.001093355295108
              ],
              [
                -48.455934909162714,
                -23.001093355295108
              ],
              [
                -48.455934909162714,
                -23.00082386070986
              ],
              [
                -48.456204403747954,
                -23.00082386070987
              ],
              [
                -48.456204403747954,
                -23.000284871539392
              ],
              [
                -48.456473898333186,
                -23.000284871539392
              ],
              [
                -48.456473898333186,
                -22.99974588236892
              ],
              [
                -48.456743392918426,
                -22.999745882368924
              ],
              [
                -48.456743392918426,
                -22.999476387783698
              ],
              [
                -48.45755187667413,
                -22.999476387783698
              ],
              [
                -48.45755187667413,
                -22.998937398613222
              ],
              [
                -48.45728238208889,
                -22.99893739861322
              ],
              [
                -48.45728238208889,
                -22.99839840944275
              ],
              [
                -48.45701288750366,
                -22.998398409442746
              ],
              [
                -48.45701288750366,
                -22.99893739861321
              ],
              [
                -48.456743392918426,
                -22.998937398613215
              ],
              [
                -48.456743392918426,
                -22.99920689319845
              ],
              [
                -48.456204403747954,
                -22.99920689319845
              ],
              [
                -48.456204403747954,
                -22.99866790402798
              ],
              [
                -48.455934909162714,
                -22.99866790402799
              ],
              [
                -48.455934909162714,
                -22.998398409442743
              ],
              [
                -48.455395919992235,
                -22.998398409442746
              ],
              [
                -48.455395919992235,
                -23.000015376954163
              ],
              [
                -48.45512642540701,
                -23.000015376954167
              ],
              [
                -48.45512642540701,
                -22.999745882368927
              ],
              [
                -48.45458743623654,
                -22.99974588236893
              ],
              [
                -48.45458743623654,
                -22.99947638778369
              ],
              [
                -48.45431794165129,
                -22.999476387783695
              ],
              [
                -48.45431794165129,
                -22.999206893198455
              ],
              [
                -48.45377895248083,
                -22.999206893198444
              ],
              [
                -48.45377895248083,
                -22.99893739861322
              ],
              [
                -48.453509457895585,
                -22.998937398613204
              ],
              [
                -48.453509457895585,
                -22.998667904027982
              ],
              [
                -48.45323996331036,
                -22.998667904027982
              ],
              [
                -48.45323996331036,
                -22.99839840944274
              ],
              [
                -48.45297046872511,
                -22.998398409442746
              ],
              [
                -48.45297046872511,
                -22.99812891485751
              ]
            ]
          ]
        ],
        "type": "MultiPolygon"
      },
      "properties": {
        "id": "294",
        "name": "MB 20 · Cana · 294",
        "class": "Uso agropecuário",
        "area_ha": 10.8117,
        "reviewed": false,
        "pct": 0.7852
      }
    },
    {
      "type": "Feature",
      "id": "295",
      "geometry": {
        "coordinates": [
          [
            [
              [
                -48.45189249038418,
                -23.001362849880348
              ],
              [
                -48.45135350121371,
                -23.00136284988034
              ],
              [
                -48.45135350121371,
                -23.001632344465573
              ],
              [
                -48.451622995798935,
                -23.00163234446557
              ],
              [
                -48.451622995798935,
                -23.002171333636028
              ],
              [
                -48.45189249038418,
                -23.002171333636028
              ],
              [
                -48.45189249038418,
                -23.002440828221285
              ],
              [
                -48.45216198496941,
                -23.002440828221285
              ],
              [
                -48.45216198496941,
                -23.001632344465573
              ],
              [
                -48.45189249038418,
                -23.001632344465584
              ],
              [
                -48.45189249038418,
                -23.001362849880348
              ]
            ]
          ]
        ],
        "type": "MultiPolygon"
      },
      "properties": {
        "id": "295",
        "name": "MB 21 · Mosaico de usos · 295",
        "class": "Uso agropecuário",
        "area_ha": 0.5777,
        "reviewed": false,
        "pct": 0.042
      }
    },
    {
      "type": "Feature",
      "id": "296",
      "geometry": {
        "coordinates": [
          [
            [
              [
                -48.45054501748229,
                -23.00154514030937
              ],
              [
                -48.450545017458005,
                -23.000823860709865
              ],
              [
                -48.45027552287276,
                -23.00082386070986
              ],
              [
                -48.45027552287276,
                -23.0002848715394
              ],
              [
                -48.45000602828753,
                -23.0002848715394
              ],
              [
                -48.45000602828753,
                -23.00001537695416
              ],
              [
                -48.4497365337023,
                -23.000015376954153
              ],
              [
                -48.4497365337023,
                -22.998398409442743
              ],
              [
                -48.44946703911705,
                -22.998398409442743
              ],
              [
                -48.44946703911705,
                -22.997320431101805
              ],
              [
                -48.44919754453183,
                -22.997320431101805
              ],
              [
                -48.44919754453183,
                -22.997050936516573
              ],
              [
                -48.44892804994658,
                -22.99705093651657
              ],
              [
                -48.44892804994658,
                -22.995703463590388
              ],
              [
                -48.448658555361355,
                -22.995703463590385
              ],
              [
                -48.448658555361355,
                -22.994625485249447
              ],
              [
                -48.44838906077611,
                -22.99462548524944
              ],
              [
                -48.44838906077611,
                -22.994894979834683
              ],
              [
                -48.448119566190876,
                -22.994894979834683
              ],
              [
                -48.448119566190876,
                -22.99516447441992
              ],
              [
                -48.445424620338514,
                -22.995164474419912
              ],
              [
                -48.445424620338514,
                -22.99462548524944
              ],
              [
                -48.445694114923754,
                -22.994625485249454
              ],
              [
                -48.445694114923754,
                -22.994355990664218
              ],
              [
                -48.44650259867946,
                -22.99435599066421
              ],
              [
                -48.44650259867946,
                -22.994086496078975
              ],
              [
                -48.446233104094226,
                -22.994086496078975
              ],
              [
                -48.446233104094226,
                -22.99381700149374
              ],
              [
                -48.445963609508986,
                -22.99381700149374
              ],
              [
                -48.445963609508986,
                -22.993547506908502
              ],
              [
                -48.446233104094226,
                -22.9935475069085
              ],
              [
                -48.446233104094226,
                -22.99327801232326
              ],
              [
                -48.44704158784993,
                -22.993278012323273
              ],
              [
                -48.44704158784993,
                -22.9935475069085
              ],
              [
                -48.44785007160565,
                -22.993547506908502
              ],
              [
                -48.44785007160565,
                -22.99327801232327
              ],
              [
                -48.44731108243518,
                -22.993278012323266
              ],
              [
                -48.44731108243518,
                -22.992739023152787
              ],
              [
                -48.44704158784993,
                -22.992739023152794
              ],
              [
                -48.44704158784993,
                -22.99246952856756
              ],
              [
                -48.4467720932647,
                -22.992469528567565
              ],
              [
                -48.4467720932647,
                -22.992739023152794
              ],
              [
                -48.44650259867946,
                -22.99273902315279
              ],
              [
                -48.44650259867946,
                -22.99220003398232
              ],
              [
                -48.445963609508986,
                -22.99220003398232
              ],
              [
                -48.445963609508986,
                -22.991930539397085
              ],
              [
                -48.445694114923754,
                -22.991930539397085
              ],
              [
                -48.445694114923754,
                -22.991122055641387
              ],
              [
                -48.446233104094226,
                -22.991122055641377
              ],
              [
                -48.446233104094226,
                -22.991391550226606
              ],
              [
                -48.4467720932647,
                -22.991391550226606
              ],
              [
                -48.4467720932647,
                -22.990852561056148
              ],
              [
                -48.44650259867946,
                -22.990852561056148
              ],
              [
                -48.44650259867946,
                -22.990583066470908
              ],
              [
                -48.445963609508986,
                -22.990583066470904
              ],
              [
                -48.445963609508986,
                -22.99085256105614
              ],
              [
                -48.44515512575328,
                -22.990852561056144
              ],
              [
                -48.44515512575328,
                -22.99058306647091
              ],
              [
                -48.44461613658281,
                -22.990583066470908
              ],
              [
                -48.44461613658281,
                -22.990313571885668
              ],
              [
                -48.44407714741234,
                -22.99031357188567
              ],
              [
                -48.44407714741234,
                -22.99058306647091
              ],
              [
                -48.44299916907139,
                -22.990583066470897
              ],
              [
                -48.44299916907139,
                -22.99085256105614
              ],
              [
                -48.44326866365663,
                -22.99085256105614
              ],
              [
                -48.44326866365663,
                -22.991391550226613
              ],
              [
                -48.443538158241864,
                -22.991391550226613
              ],
              [
                -48.443538158241864,
                -22.992469528567554
              ],
              [
                -48.443807652827104,
                -22.99246952856756
              ],
              [
                -48.443807652827104,
                -22.992739023152794
              ],
              [
                -48.443538158241864,
                -22.99273902315279
              ],
              [
                -48.443538158241864,
                -22.99300851773803
              ],
              [
                -48.44407714741234,
                -22.993008517738033
              ],
              [
                -48.44407714741234,
                -22.9935475069085
              ],
              [
                -48.444346641997576,
                -22.993547506908502
              ],
              [
                -48.444346641997576,
                -22.99381700149374
              ],
              [
                -48.44461613658281,
                -22.99381700149374
              ],
              [
                -48.44461613658281,
                -22.99489497983468
              ],
              [
                -48.44407714741234,
                -22.99489497983465
              ],
              [
                -48.44407714741849,
                -22.995077309983408
              ],
              [
                -48.44470326901356,
                -22.995703463863347
              ],
              [
                -48.445694114923754,
                -22.995703463590388
              ],
              [
                -48.445694114923754,
                -22.995972958175624
              ],
              [
                -48.445963609508986,
                -22.99597295817563
              ],
              [
                -48.445963609508986,
                -22.995703463590388
              ],
              [
                -48.4467720932647,
                -22.99570346359039
              ],
              [
                -48.4467720932647,
                -22.995972958175635
              ],
              [
                -48.44731108243518,
                -22.995972958175624
              ],
              [
                -48.44731108243518,
                -22.995703463590388
              ],
              [
                -48.4475805770204,
                -22.99570346359039
              ],
              [
                -48.4475805770204,
                -22.995972958175624
              ],
              [
                -48.448119566190876,
                -22.995972958175642
              ],
              [
                -48.448119566190876,
                -22.99624245276086
              ],
              [
                -48.44785007160565,
                -22.99624245276086
              ],
              [
                -48.44785007160565,
                -22.9965119473461
              ],
              [
                -48.4475805770204,
                -22.9965119473461
              ],
              [
                -48.4475805770204,
                -22.996781441931336
              ],
              [
                -48.44704158784993,
                -22.996781441931336
              ],
              [
                -48.44704158784993,
                -22.9973204311018
              ],
              [
                -48.4475805770204,
                -22.997320431101805
              ],
              [
                -48.4475805770204,
                -22.997050936516565
              ],
              [
                -48.44785007160565,
                -22.997050936516565
              ],
              [
                -48.44785007160565,
                -22.99732043110181
              ],
              [
                -48.44838906077611,
                -22.997320431101798
              ],
              [
                -48.44838906077611,
                -22.997859420272274
              ],
              [
                -48.448119566190876,
                -22.99785942027227
              ],
              [
                -48.448119566190876,
                -22.997589925687027
              ],
              [
                -48.44731108243518,
                -22.997589925687038
              ],
              [
                -48.44731108243518,
                -22.997859420272277
              ],
              [
                -48.44685917362643,
                -22.997859420396694
              ],
              [
                -48.44739816455003,
                -22.998398409952237
              ],
              [
                -48.44785007160565,
                -22.998398409442746
              ],
              [
                -48.44785007160565,
                -22.998667904027993
              ],
              [
                -48.44838906077611,
                -22.998667904027975
              ],
              [
                -48.44838906077611,
                -22.998937398613208
              ],
              [
                -48.44892804994658,
                -22.998937398613204
              ],
              [
                -48.44892804994658,
                -22.999206893198455
              ],
              [
                -48.448658555361355,
                -22.99920689319845
              ],
              [
                -48.448658555361355,
                -22.999476387783695
              ],
              [
                -48.44847616254339,
                -22.999476387989347
              ],
              [
                -48.44901517045814,
                -23.000015377315222
              ],
              [
                -48.44919754453183,
                -23.000015376954167
              ],
              [
                -48.44919754453796,
                -23.000197743805696
              ],
              [
                -48.4492846761798,
                -23.000284871589642
              ],
              [
                -48.44946703911705,
                -23.000284871539407
              ],
              [
                -48.44946703916118,
                -23.000467226011
              ],
              [
                -48.45054501748229,
                -23.00154514030937
              ]
            ],
            [
              [
                -48.44785007160565,
                -22.997050936516565
              ],
              [
                -48.44785007160565,
                -22.996781441931336
              ],
              [
                -48.448119566190876,
                -22.996781441931333
              ],
              [
                -48.448119566190876,
                -22.997050936516565
              ],
              [
                -48.44785007160565,
                -22.997050936516565
              ]
            ],
            [
              [
                -48.44461613658281,
                -22.990852561056148
              ],
              [
                -48.44461613658281,
                -22.99112205564138
              ],
              [
                -48.44515512575328,
                -22.99112205564138
              ],
              [
                -48.44515512575328,
                -22.991391550226613
              ],
              [
                -48.444346641997576,
                -22.991391550226613
              ],
              [
                -48.444346641997576,
                -22.991661044811853
              ],
              [
                -48.44407714741234,
                -22.99166104481185
              ],
              [
                -48.44407714741234,
                -22.991391550226613
              ],
              [
                -48.443807652827104,
                -22.991391550226606
              ],
              [
                -48.443807652827104,
                -22.991122055641373
              ],
              [
                -48.44407714741234,
                -22.991122055641377
              ],
              [
                -48.44407714741234,
                -22.990852561056137
              ],
              [
                -48.44461613658281,
                -22.990852561056148
              ]
            ]
          ]
        ],
        "type": "MultiPolygon"
      },
      "properties": {
        "id": "296",
        "name": "MB 21 · Mosaico de usos · 296",
        "class": "Uso agropecuário",
        "area_ha": 22.8346,
        "reviewed": false,
        "pct": 1.6584
      }
    },
    {
      "type": "Feature",
      "id": "297",
      "geometry": {
        "coordinates": [
          [
            [
              [
                -48.450814512068355,
                -23.00181461530186
              ],
              [
                -48.45081451204323,
                -23.001632344465577
              ],
              [
                -48.450632227872305,
                -23.00163234451583
              ],
              [
                -48.450814512068355,
                -23.00181461530186
              ]
            ]
          ]
        ],
        "type": "MultiPolygon"
      },
      "properties": {
        "id": "297",
        "name": "MB 21 · Mosaico de usos · 297",
        "class": "Uso agropecuário",
        "area_ha": 0.0189,
        "reviewed": false,
        "pct": 0.0014
      }
    },
    {
      "type": "Feature",
      "id": "298",
      "geometry": {
        "coordinates": [
          [
            [
              [
                -48.45970783336198,
                -23.001715632847684
              ],
              [
                -48.45970783335602,
                -23.00163234446558
              ],
              [
                -48.45889934960031,
                -23.00163234446557
              ],
              [
                -48.45889934960463,
                -23.001850370745004
              ],
              [
                -48.45970783336198,
                -23.001715632847684
              ]
            ]
          ]
        ],
        "type": "MultiPolygon"
      },
      "properties": {
        "id": "298",
        "name": "MB 21 · Mosaico de usos · 298",
        "class": "Uso agropecuário",
        "area_ha": 0.1384,
        "reviewed": false,
        "pct": 0.0101
      }
    },
    {
      "type": "Feature",
      "id": "299",
      "geometry": {
        "coordinates": [
          [
            [
              [
                -48.45859050979438,
                -23.00190183927557
              ],
              [
                -48.458360360429836,
                -23.001901839050795
              ],
              [
                -48.458360360429836,
                -23.00163234446557
              ],
              [
                -48.4580908658446,
                -23.00163234446558
              ],
              [
                -48.4580908658446,
                -23.001901839050817
              ],
              [
                -48.457821371259364,
                -23.001901839050813
              ],
              [
                -48.45782137129295,
                -23.002030014303585
              ],
              [
                -48.45859050979438,
                -23.00190183927557
              ]
            ]
          ]
        ],
        "type": "MultiPolygon"
      },
      "properties": {
        "id": "299",
        "name": "MB 21 · Mosaico de usos · 299",
        "class": "Uso agropecuário",
        "area_ha": 0.1385,
        "reviewed": false,
        "pct": 0.0101
      }
    },
    {
      "type": "Feature",
      "id": "300",
      "geometry": {
        "coordinates": [
          [
            [
              [
                -48.452431479558996,
                -23.002928112707075
              ],
              [
                -48.452431479554654,
                -23.002710322806518
              ],
              [
                -48.45216198496941,
                -23.00271032280651
              ],
              [
                -48.452161984970104,
                -23.002973012402954
              ],
              [
                -48.452431479558996,
                -23.002928112707075
              ]
            ]
          ]
        ],
        "type": "MultiPolygon"
      },
      "properties": {
        "id": "300",
        "name": "MB 21 · Mosaico de usos · 300",
        "class": "Uso agropecuário",
        "area_ha": 0.0736,
        "reviewed": false,
        "pct": 0.0053
      }
    },
    {
      "type": "Feature",
      "id": "301",
      "geometry": {
        "coordinates": [
          [
            [
              [
                -48.45212113998703,
                -23.002979817421284
              ],
              [
                -48.451979815451956,
                -23.002979817442068
              ],
              [
                -48.452,
                -23.003000000000004
              ],
              [
                -48.45212113998703,
                -23.002979817421284
              ]
            ]
          ]
        ],
        "type": "MultiPolygon"
      },
      "properties": {
        "id": "301",
        "name": "MB 21 · Mosaico de usos · 301",
        "class": "Uso agropecuário",
        "area_ha": 0.0016,
        "reviewed": false,
        "pct": 0.0001
      }
    },
    {
      "type": "Feature",
      "id": "302",
      "geometry": {
        "coordinates": [
          [
            [
              [
                -48.452161984970815,
                -23.00297301240284
              ],
              [
                -48.45216198496941,
                -23.002440828221285
              ],
              [
                -48.45189249038418,
                -23.002440828221285
              ],
              [
                -48.45189249038418,
                -23.002171333636028
              ],
              [
                -48.451622995798935,
                -23.002171333636028
              ],
              [
                -48.451622995798935,
                -23.00163234446557
              ],
              [
                -48.45135350121371,
                -23.001632344465573
              ],
              [
                -48.45135350121371,
                -23.00109335529509
              ],
              [
                -48.45108400662848,
                -23.001093355295108
              ],
              [
                -48.45108400662848,
                -23.000284871539396
              ],
              [
                -48.45081451204323,
                -23.000284871539403
              ],
              [
                -48.45081451204323,
                -22.999745882368924
              ],
              [
                -48.450545017458005,
                -22.999745882368924
              ],
              [
                -48.450545017458005,
                -22.999206893198448
              ],
              [
                -48.45027552287276,
                -22.999206893198462
              ],
              [
                -48.45027552287276,
                -22.998128914857507
              ],
              [
                -48.450545017458005,
                -22.998128914857503
              ],
              [
                -48.450545017458005,
                -22.99785942027228
              ],
              [
                -48.45027552287276,
                -22.997859420272267
              ],
              [
                -48.45027552287276,
                -22.99758992568703
              ],
              [
                -48.450545017458005,
                -22.997589925687038
              ],
              [
                -48.450545017458005,
                -22.997050936516565
              ],
              [
                -48.45108400662848,
                -22.997050936516565
              ],
              [
                -48.45108400662848,
                -22.9973204311018
              ],
              [
                -48.452431479554654,
                -22.99732043110181
              ],
              [
                -48.452431479554654,
                -22.997589925687034
              ],
              [
                -48.45270097413988,
                -22.997589925687038
              ],
              [
                -48.45270097413988,
                -22.9973204311018
              ],
              [
                -48.45297046872511,
                -22.99732043110181
              ],
              [
                -48.45297046872511,
                -22.99705093651657
              ],
              [
                -48.45216198496941,
                -22.99705093651657
              ],
              [
                -48.45216198496941,
                -22.996781441931326
              ],
              [
                -48.45108400662848,
                -22.996781441931336
              ],
              [
                -48.45108400662848,
                -22.9965119473461
              ],
              [
                -48.45081451204323,
                -22.996511947346097
              ],
              [
                -48.45081451204323,
                -22.996781441931336
              ],
              [
                -48.4497365337023,
                -22.996781441931336
              ],
              [
                -48.4497365337023,
                -22.996511947346093
              ],
              [
                -48.44919754453183,
                -22.996511947346097
              ],
              [
                -48.44919754453183,
                -22.99678144193134
              ],
              [
                -48.44946703911705,
                -22.996781441931333
              ],
              [
                -48.44946703911705,
                -22.998398409442743
              ],
              [
                -48.4497365337023,
                -22.998398409442743
              ],
              [
                -48.4497365337023,
                -23.000015376954153
              ],
              [
                -48.45000602828753,
                -23.00001537695416
              ],
              [
                -48.45000602828753,
                -23.0002848715394
              ],
              [
                -48.45027552287276,
                -23.0002848715394
              ],
              [
                -48.45027552287276,
                -23.00082386070986
              ],
              [
                -48.450545017458005,
                -23.000823860709865
              ],
              [
                -48.45054501748229,
                -23.00154514030937
              ],
              [
                -48.450632227872305,
                -23.00163234451583
              ],
              [
                -48.45081451204323,
                -23.001632344465577
              ],
              [
                -48.450814512068355,
                -23.00181461530186
              ],
              [
                -48.451979815451956,
                -23.002979817442068
              ],
              [
                -48.45212113998703,
                -23.002979817421284
              ],
              [
                -48.452161984970815,
                -23.00297301240284
              ]
            ]
          ]
        ],
        "type": "MultiPolygon"
      },
      "properties": {
        "id": "302",
        "name": "MB 11 · Campo alagado · 302",
        "class": "Vegetação nativa mapeada",
        "area_ha": 6.8171,
        "reviewed": false,
        "pct": 0.4951
      }
    },
    {
      "type": "Feature",
      "id": "303",
      "geometry": {
        "coordinates": [
          [
            [
              [
                -48.47341073609366,
                -22.997320431855677
              ],
              [
                -48.47264357344733,
                -22.997320431101798
              ],
              [
                -48.47264357344733,
                -22.997589925687034
              ],
              [
                -48.471026605935926,
                -22.997589925687038
              ],
              [
                -48.471026605935926,
                -22.997050936516573
              ],
              [
                -48.47129610052115,
                -22.997050936516576
              ],
              [
                -48.47129610052115,
                -22.996781441931343
              ],
              [
                -48.4715655951064,
                -22.996781441931336
              ],
              [
                -48.4715655951064,
                -22.995164474419916
              ],
              [
                -48.47183508969163,
                -22.99516447441992
              ],
              [
                -48.47183508969163,
                -22.994894979834676
              ],
              [
                -48.472913068032575,
                -22.99489497983467
              ],
              [
                -48.472913068032575,
                -22.994355990664218
              ],
              [
                -48.47264357344733,
                -22.994355990664207
              ],
              [
                -48.47264357344733,
                -22.993278012323266
              ],
              [
                -48.47345205720305,
                -22.993278012323266
              ],
              [
                -48.47345205720305,
                -22.993008517738026
              ],
              [
                -48.47453003554399,
                -22.99300851773803
              ],
              [
                -48.47453003554399,
                -22.992739023152794
              ],
              [
                -48.475069024714465,
                -22.99273902315279
              ],
              [
                -48.475069024714465,
                -22.992469528567565
              ],
              [
                -48.47426054095875,
                -22.992469528567558
              ],
              [
                -48.47426054095875,
                -22.99220003398232
              ],
              [
                -48.47399104637352,
                -22.992200033982318
              ],
              [
                -48.47399104637352,
                -22.99166104481185
              ],
              [
                -48.47318256261781,
                -22.99166104481185
              ],
              [
                -48.47318256261781,
                -22.99193053939708
              ],
              [
                -48.472913068032575,
                -22.99193053939709
              ],
              [
                -48.472913068032575,
                -22.99220003398232
              ],
              [
                -48.47264357344733,
                -22.992200033982325
              ],
              [
                -48.47264357344733,
                -22.992469528567558
              ],
              [
                -48.47183508969163,
                -22.992469528567558
              ],
              [
                -48.47183508969163,
                -22.992739023152787
              ],
              [
                -48.472104584276856,
                -22.992739023152794
              ],
              [
                -48.472104584276856,
                -22.993008517738033
              ],
              [
                -48.4715655951064,
                -22.99300851773803
              ],
              [
                -48.4715655951064,
                -22.993278012323263
              ],
              [
                -48.47129610052115,
                -22.993278012323266
              ],
              [
                -48.47129610052115,
                -22.99300851773803
              ],
              [
                -48.470218122180206,
                -22.993008517738026
              ],
              [
                -48.470218122180206,
                -22.99273902315279
              ],
              [
                -48.469948627594974,
                -22.992739023152794
              ],
              [
                -48.469948627594974,
                -22.993008517738023
              ],
              [
                -48.46967913300975,
                -22.99300851773803
              ],
              [
                -48.46967913300975,
                -22.993278012323263
              ],
              [
                -48.469948627594974,
                -22.993278012323266
              ],
              [
                -48.469948627594974,
                -22.994625485249447
              ],
              [
                -48.470218122180206,
                -22.994625485249454
              ],
              [
                -48.470218122180206,
                -22.99543396900515
              ],
              [
                -48.469948627594974,
                -22.99543396900515
              ],
              [
                -48.469948627594974,
                -22.995703463590395
              ],
              [
                -48.46967913300975,
                -22.995703463590385
              ],
              [
                -48.46967913300975,
                -22.997589925687034
              ],
              [
                -48.4694096384245,
                -22.997589925687034
              ],
              [
                -48.4694096384245,
                -22.997859420272277
              ],
              [
                -48.469140143839276,
                -22.99785942027227
              ],
              [
                -48.469140143839276,
                -22.99812891485751
              ],
              [
                -48.4686011546688,
                -22.998128914857503
              ],
              [
                -48.4686011546688,
                -22.998398409442746
              ],
              [
                -48.468062165498324,
                -22.998398409442746
              ],
              [
                -48.468062165498324,
                -22.998667904027975
              ],
              [
                -48.4677926709131,
                -22.998667904027986
              ],
              [
                -48.4677926709131,
                -22.998937398613215
              ],
              [
                -48.468062165498324,
                -22.9989373986132
              ],
              [
                -48.468062165498324,
                -22.99947638778369
              ],
              [
                -48.4686011546688,
                -22.999476387783687
              ],
              [
                -48.4686011546688,
                -23.000015376954156
              ],
              [
                -48.46887064925403,
                -23.000015376954153
              ],
              [
                -48.46887064926044,
                -23.000188290386255
              ],
              [
                -48.47,
                -22.999999999999996
              ],
              [
                -48.47237407886332,
                -22.998134878473852
              ],
              [
                -48.4723740788621,
                -22.998128914857503
              ],
              [
                -48.47238166961955,
                -22.998128914883203
              ],
              [
                -48.47341073609366,
                -22.997320431855677
              ]
            ],
            [
              [
                -48.471026605935926,
                -22.993547506908502
              ],
              [
                -48.471026605935926,
                -22.99381700149374
              ],
              [
                -48.4715655951064,
                -22.99381700149374
              ],
              [
                -48.4715655951064,
                -22.994625485249447
              ],
              [
                -48.47129610052115,
                -22.994625485249447
              ],
              [
                -48.47129610052115,
                -22.99435599066421
              ],
              [
                -48.471026605935926,
                -22.99435599066421
              ],
              [
                -48.471026605935926,
                -22.99408649607897
              ],
              [
                -48.47048761676545,
                -22.994086496078978
              ],
              [
                -48.47048761676545,
                -22.99381700149374
              ],
              [
                -48.47075711135068,
                -22.99381700149374
              ],
              [
                -48.47075711135068,
                -22.993547506908506
              ],
              [
                -48.471026605935926,
                -22.993547506908502
              ]
            ]
          ]
        ],
        "type": "MultiPolygon"
      },
      "properties": {
        "id": "303",
        "name": "MB 3 · Formação florestal · 303",
        "class": "Vegetação nativa mapeada",
        "area_ha": 22.0404,
        "reviewed": false,
        "pct": 1.6008
      }
    },
    {
      "type": "Feature",
      "id": "304",
      "geometry": {
        "coordinates": [
          [
            [
              [
                -48.47375375444097,
                -22.99705093665048
              ],
              [
                -48.47372155178828,
                -22.997050936516573
              ],
              [
                -48.473721551790646,
                -22.997076237011406
              ],
              [
                -48.47375375444097,
                -22.99705093665048
              ]
            ]
          ]
        ],
        "type": "MultiPolygon"
      },
      "properties": {
        "id": "304",
        "name": "MB 3 · Formação florestal · 304",
        "class": "Vegetação nativa mapeada",
        "area_ha": 0.0005,
        "reviewed": false,
        "pct": 0.0
      }
    },
    {
      "type": "Feature",
      "id": "305",
      "geometry": {
        "coordinates": [
          [
            [
              [
                -48.47938093809619,
                -22.99262961794202
              ],
              [
                -48.479380938078236,
                -22.99220003398232
              ],
              [
                -48.479111443493,
                -22.99220003398232
              ],
              [
                -48.479111443493,
                -22.991930539397085
              ],
              [
                -48.47884194890778,
                -22.991930539397085
              ],
              [
                -48.47884194890778,
                -22.992200033982325
              ],
              [
                -48.478572454322524,
                -22.99220003398232
              ],
              [
                -48.478572454322524,
                -22.99246952856756
              ],
              [
                -48.478302959737306,
                -22.992469528567558
              ],
              [
                -48.478302959737306,
                -22.99300851773803
              ],
              [
                -48.47803346515206,
                -22.993008517738026
              ],
              [
                -48.47803346515206,
                -22.99327801232327
              ],
              [
                -48.47776397056683,
                -22.993278012323266
              ],
              [
                -48.47776397056683,
                -22.993817001493735
              ],
              [
                -48.477224981396354,
                -22.993817001493742
              ],
              [
                -48.477224981396354,
                -22.994086496078975
              ],
              [
                -48.47641649764064,
                -22.994086496078967
              ],
              [
                -48.47641649764064,
                -22.99435599066421
              ],
              [
                -48.47614700305541,
                -22.994355990664214
              ],
              [
                -48.47614700305541,
                -22.99516447441992
              ],
              [
                -48.47615480879511,
                -22.995164474426385
              ],
              [
                -48.47938093809619,
                -22.99262961794202
              ]
            ]
          ]
        ],
        "type": "MultiPolygon"
      },
      "properties": {
        "id": "305",
        "name": "MB 3 · Formação florestal · 305",
        "class": "Vegetação nativa mapeada",
        "area_ha": 2.2863,
        "reviewed": false,
        "pct": 0.1661
      }
    },
    {
      "type": "Feature",
      "id": "306",
      "geometry": {
        "coordinates": [
          [
            [
              [
                -48.46020758489228,
                -23.00163234449412
              ],
              [
                -48.45997732794125,
                -23.001632344465563
              ],
              [
                -48.45997732794125,
                -23.001093355295104
              ],
              [
                -48.45970783335602,
                -23.001093355295115
              ],
              [
                -48.45970783335602,
                -23.00082386070987
              ],
              [
                -48.45943833877078,
                -23.000823860709865
              ],
              [
                -48.45943833877078,
                -23.000554366124632
              ],
              [
                -48.45889934960031,
                -23.000554366124625
              ],
              [
                -48.45889934960031,
                -23.00001537695416
              ],
              [
                -48.458629855015076,
                -23.000015376954163
              ],
              [
                -48.458629855015076,
                -22.999745882368913
              ],
              [
                -48.456743392918426,
                -22.999745882368924
              ],
              [
                -48.456743392918426,
                -23.000015376954167
              ],
              [
                -48.456473898333186,
                -23.00001537695416
              ],
              [
                -48.456473898333186,
                -23.00055436612462
              ],
              [
                -48.456743392918426,
                -23.000554366124636
              ],
              [
                -48.456743392918426,
                -23.0002848715394
              ],
              [
                -48.457821371259364,
                -23.000284871539407
              ],
              [
                -48.457821371259364,
                -23.001362849880334
              ],
              [
                -48.456743392918426,
                -23.00136284988034
              ],
              [
                -48.456743392918426,
                -23.001093355295104
              ],
              [
                -48.455934909162714,
                -23.001093355295108
              ],
              [
                -48.455934909162714,
                -23.001362849880334
              ],
              [
                -48.45377895248083,
                -23.001362849880348
              ],
              [
                -48.45377895248083,
                -23.001632344465573
              ],
              [
                -48.45323996331036,
                -23.001632344465577
              ],
              [
                -48.45323996331036,
                -23.001362849880337
              ],
              [
                -48.45297046872511,
                -23.001362849880348
              ],
              [
                -48.45297046872511,
                -23.000823860709872
              ],
              [
                -48.45270097413988,
                -23.000823860709872
              ],
              [
                -48.45270097413988,
                -23.000554366124636
              ],
              [
                -48.452431479554654,
                -23.000554366124632
              ],
              [
                -48.452431479554654,
                -22.998128914857517
              ],
              [
                -48.45297046872511,
                -22.99812891485751
              ],
              [
                -48.45297046872511,
                -22.998398409442746
              ],
              [
                -48.45323996331036,
                -22.99839840944274
              ],
              [
                -48.45323996331036,
                -22.998667904027982
              ],
              [
                -48.453509457895585,
                -22.998667904027982
              ],
              [
                -48.453509457895585,
                -22.998937398613204
              ],
              [
                -48.45377895248083,
                -22.99893739861322
              ],
              [
                -48.45377895248083,
                -22.999206893198444
              ],
              [
                -48.45431794165129,
                -22.999206893198455
              ],
              [
                -48.45431794165129,
                -22.999476387783695
              ],
              [
                -48.45458743623654,
                -22.99947638778369
              ],
              [
                -48.45458743623654,
                -22.99974588236893
              ],
              [
                -48.45512642540701,
                -22.999745882368927
              ],
              [
                -48.45512642540701,
                -23.000015376954167
              ],
              [
                -48.455395919992235,
                -23.000015376954163
              ],
              [
                -48.455395919992235,
                -22.998398409442746
              ],
              [
                -48.455934909162714,
                -22.998398409442743
              ],
              [
                -48.455934909162714,
                -22.99866790402799
              ],
              [
                -48.456204403747954,
                -22.99866790402798
              ],
              [
                -48.456204403747954,
                -22.99920689319845
              ],
              [
                -48.456743392918426,
                -22.99920689319845
              ],
              [
                -48.456743392918426,
                -22.998937398613215
              ],
              [
                -48.45701288750366,
                -22.99893739861321
              ],
              [
                -48.45701288750366,
                -22.998398409442746
              ],
              [
                -48.45728238208889,
                -22.99839840944275
              ],
              [
                -48.45728238208889,
                -22.997859420272274
              ],
              [
                -48.45755187667413,
                -22.99785942027227
              ],
              [
                -48.45755187667413,
                -22.99732043110179
              ],
              [
                -48.457821371259364,
                -22.9973204311018
              ],
              [
                -48.457821371259364,
                -22.996511947346097
              ],
              [
                -48.45728238208889,
                -22.996511947346097
              ],
              [
                -48.45728238208889,
                -22.99624245276086
              ],
              [
                -48.45701288750366,
                -22.99624245276086
              ],
              [
                -48.45701288750366,
                -22.99597295817562
              ],
              [
                -48.456743392918426,
                -22.995972958175617
              ],
              [
                -48.456743392918426,
                -22.996511947346097
              ],
              [
                -48.45566541457748,
                -22.99651194734609
              ],
              [
                -48.45566541457748,
                -22.996781441931333
              ],
              [
                -48.45512642540701,
                -22.996781441931333
              ],
              [
                -48.45512642540701,
                -22.99651194734609
              ],
              [
                -48.45485693082176,
                -22.996511947346097
              ],
              [
                -48.45485693082176,
                -22.996781441931336
              ],
              [
                -48.45458743623654,
                -22.996781441931336
              ],
              [
                -48.45458743623654,
                -22.997320431101798
              ],
              [
                -48.45270097413988,
                -22.9973204311018
              ],
              [
                -48.45270097413988,
                -22.997589925687038
              ],
              [
                -48.45108400662848,
                -22.997589925687038
              ],
              [
                -48.45108400662848,
                -22.997859420272277
              ],
              [
                -48.450545017458005,
                -22.99785942027228
              ],
              [
                -48.450545017458005,
                -22.9989373986132
              ],
              [
                -48.45081451204323,
                -22.99893739861322
              ],
              [
                -48.45081451204323,
                -22.999745882368924
              ],
              [
                -48.45108400662848,
                -22.99974588236892
              ],
              [
                -48.45108400662848,
                -23.000284871539396
              ],
              [
                -48.45135350121371,
                -23.0002848715394
              ],
              [
                -48.45135350121371,
                -23.00136284988034
              ],
              [
                -48.45189249038418,
                -23.001362849880348
              ],
              [
                -48.45189249038418,
                -23.001632344465584
              ],
              [
                -48.45216198496941,
                -23.001632344465573
              ],
              [
                -48.45216198496941,
                -23.00271032280651
              ],
              [
                -48.452431479554654,
                -23.002710322806518
              ],
              [
                -48.452431479558996,
                -23.002928112707075
              ],
              [
                -48.457821371319554,
                -23.00203001429914
              ],
              [
                -48.457821371259364,
                -23.001901839050813
              ],
              [
                -48.4580908658446,
                -23.001901839050817
              ],
              [
                -48.4580908658446,
                -23.00163234446558
              ],
              [
                -48.458360360429836,
                -23.00163234446557
              ],
              [
                -48.458360360429836,
                -23.001901839050795
              ],
              [
                -48.45859050979438,
                -23.00190183927557
              ],
              [
                -48.45889934960463,
                -23.001850370745004
              ],
              [
                -48.45889934960031,
                -23.00163234446557
              ],
              [
                -48.45970783335602,
                -23.00163234446558
              ],
              [
                -48.45970783336198,
                -23.001715632847684
              ],
              [
                -48.46020758489228,
                -23.00163234449412
              ]
            ]
          ]
        ],
        "type": "MultiPolygon"
      },
      "properties": {
        "id": "306",
        "name": "MB 39 · Soja · 306",
        "class": "Uso agropecuário",
        "area_ha": 30.5382,
        "reviewed": false,
        "pct": 2.218
      }
    },
    {
      "type": "Feature",
      "id": "307",
      "geometry": {
        "coordinates": [
          [
            [
              [
                -48.460785811721315,
                -23.00153597534931
              ],
              [
                -48.46078581169696,
                -23.001362849880334
              ],
              [
                -48.460516317111725,
                -23.001362849880344
              ],
              [
                -48.460516317111725,
                -23.001093355295115
              ],
              [
                -48.460246822526486,
                -23.001093355295097
              ],
              [
                -48.460246822526486,
                -23.00082386070986
              ],
              [
                -48.45997732794125,
                -23.000823860709854
              ],
              [
                -48.45997732794125,
                -23.000554366124636
              ],
              [
                -48.45970783335602,
                -23.00055436612463
              ],
              [
                -48.45970783335602,
                -23.000284871539403
              ],
              [
                -48.45916884418555,
                -23.0002848715394
              ],
              [
                -48.45916884418555,
                -22.999476387783684
              ],
              [
                -48.458360360429836,
                -22.999476387783695
              ],
              [
                -48.458360360429836,
                -22.999206893198448
              ],
              [
                -48.457821371259364,
                -22.999206893198444
              ],
              [
                -48.457821371259364,
                -22.998937398613204
              ],
              [
                -48.45755187667413,
                -22.998937398613222
              ],
              [
                -48.45755187667413,
                -22.999476387783698
              ],
              [
                -48.456743392918426,
                -22.999476387783698
              ],
              [
                -48.456743392918426,
                -22.999745882368924
              ],
              [
                -48.458629855015076,
                -22.999745882368913
              ],
              [
                -48.458629855015076,
                -23.000015376954163
              ],
              [
                -48.45889934960031,
                -23.00001537695416
              ],
              [
                -48.45889934960031,
                -23.000554366124625
              ],
              [
                -48.45943833877078,
                -23.000554366124632
              ],
              [
                -48.45943833877078,
                -23.000823860709865
              ],
              [
                -48.45970783335602,
                -23.00082386070987
              ],
              [
                -48.45970783335602,
                -23.001093355295115
              ],
              [
                -48.45997732794125,
                -23.001093355295104
              ],
              [
                -48.45997732794125,
                -23.001632344465563
              ],
              [
                -48.46020758489228,
                -23.00163234449412
              ],
              [
                -48.460785811721315,
                -23.00153597534931
              ]
            ]
          ]
        ],
        "type": "MultiPolygon"
      },
      "properties": {
        "id": "307",
        "name": "MB 21 · Mosaico de usos · 307",
        "class": "Uso agropecuário",
        "area_ha": 2.2792,
        "reviewed": false,
        "pct": 0.1655
      }
    },
    {
      "type": "Feature",
      "id": "308",
      "geometry": {
        "coordinates": [
          [
            [
              [
                -48.46887064926044,
                -23.000188290386255
              ],
              [
                -48.46887064925403,
                -23.000015376954153
              ],
              [
                -48.4686011546688,
                -23.000015376954156
              ],
              [
                -48.4686011546688,
                -22.999476387783687
              ],
              [
                -48.468062165498324,
                -22.99947638778369
              ],
              [
                -48.468062165498324,
                -22.9989373986132
              ],
              [
                -48.46671469257215,
                -22.99893739861321
              ],
              [
                -48.46671469257215,
                -22.999206893198448
              ],
              [
                -48.465636714231216,
                -22.999206893198455
              ],
              [
                -48.465636714231216,
                -22.999476387783698
              ],
              [
                -48.46401974671979,
                -22.999476387783695
              ],
              [
                -48.46401974671979,
                -22.999206893198448
              ],
              [
                -48.46321126296408,
                -22.999206893198455
              ],
              [
                -48.46321126296408,
                -22.999476387783684
              ],
              [
                -48.462672273793615,
                -22.99947638778369
              ],
              [
                -48.462672273793615,
                -22.99974588236892
              ],
              [
                -48.46213328462314,
                -22.999745882368927
              ],
              [
                -48.46213328462314,
                -23.000015376954167
              ],
              [
                -48.46078581169696,
                -23.000015376954163
              ],
              [
                -48.46078581169696,
                -23.000284871539392
              ],
              [
                -48.45970783335602,
                -23.000284871539403
              ],
              [
                -48.45970783335602,
                -23.00055436612463
              ],
              [
                -48.45997732794125,
                -23.000554366124636
              ],
              [
                -48.45997732794125,
                -23.000823860709854
              ],
              [
                -48.460246822526486,
                -23.00082386070986
              ],
              [
                -48.460246822526486,
                -23.001093355295097
              ],
              [
                -48.460516317111725,
                -23.001093355295115
              ],
              [
                -48.460516317111725,
                -23.001362849880344
              ],
              [
                -48.46078581169696,
                -23.001362849880334
              ],
              [
                -48.460785811721315,
                -23.00153597534931
              ],
              [
                -48.46887064926044,
                -23.000188290386255
              ]
            ]
          ]
        ],
        "type": "MultiPolygon"
      },
      "properties": {
        "id": "308",
        "name": "MB 9 · Silvicultura · 308",
        "class": "Silvicultura mapeada",
        "area_ha": 13.8045,
        "reviewed": false,
        "pct": 1.0026
      }
    },
    {
      "type": "Feature",
      "id": "309",
      "geometry": {
        "coordinates": [
          [
            [
              [
                -48.44407714741849,
                -22.995077309983408
              ],
              [
                -48.44407714741234,
                -22.99489497983465
              ],
              [
                -48.44461613658281,
                -22.99489497983468
              ],
              [
                -48.44461613658281,
                -22.99381700149374
              ],
              [
                -48.444346641997576,
                -22.99381700149374
              ],
              [
                -48.444346641997576,
                -22.993547506908502
              ],
              [
                -48.44407714741234,
                -22.9935475069085
              ],
              [
                -48.44407714741234,
                -22.993008517738033
              ],
              [
                -48.443538158241864,
                -22.99300851773803
              ],
              [
                -48.443538158241864,
                -22.99273902315279
              ],
              [
                -48.443807652827104,
                -22.992739023152794
              ],
              [
                -48.443807652827104,
                -22.99246952856756
              ],
              [
                -48.443538158241864,
                -22.992469528567554
              ],
              [
                -48.443538158241864,
                -22.99166104481185
              ],
              [
                -48.44326866365663,
                -22.99166104481185
              ],
              [
                -48.44326866365663,
                -22.99085256105614
              ],
              [
                -48.44299916907139,
                -22.99085256105614
              ],
              [
                -48.44299916907139,
                -22.990583066470897
              ],
              [
                -48.441651696145215,
                -22.990583066470904
              ],
              [
                -48.441651696145215,
                -22.990313571885668
              ],
              [
                -48.44123239540056,
                -22.990313573473085
              ],
              [
                -48.441540407417364,
                -22.991391550282284
              ],
              [
                -48.441651696145215,
                -22.991391550226616
              ],
              [
                -48.441651696145215,
                -22.99166104481185
              ],
              [
                -48.441921190730454,
                -22.99166104481185
              ],
              [
                -48.441921190730454,
                -22.991391550226613
              ],
              [
                -48.44219068531569,
                -22.991391550226613
              ],
              [
                -48.44219068531569,
                -22.991661044811845
              ],
              [
                -48.44246017990092,
                -22.991661044811853
              ],
              [
                -48.44246017990092,
                -22.992200033982318
              ],
              [
                -48.441921190730454,
                -22.992200033982318
              ],
              [
                -48.441921190730454,
                -22.991930539397085
              ],
              [
                -48.441694415191165,
                -22.99193053942771
              ],
              [
                -48.441848424012214,
                -22.992469528612816
              ],
              [
                -48.441921190730454,
                -22.99246952856756
              ],
              [
                -48.441921190758514,
                -22.992724191266515
              ],
              [
                -48.442,
                -22.993
              ],
              [
                -48.442008516947745,
                -22.993008517788343
              ],
              [
                -48.44219068531569,
                -22.99300851773803
              ],
              [
                -48.442190685340876,
                -22.9931907038174
              ],
              [
                -48.44407714741849,
                -22.995077309983408
              ]
            ]
          ]
        ],
        "type": "MultiPolygon"
      },
      "properties": {
        "id": "309",
        "name": "MB 39 · Soja · 309",
        "class": "Uso agropecuário",
        "area_ha": 7.6037,
        "reviewed": false,
        "pct": 0.5522
      }
    },
    {
      "type": "Feature",
      "id": "310",
      "geometry": {
        "coordinates": [
          [
            [
              [
                -48.4467720932647,
                -22.995972958175635
              ],
              [
                -48.4467720932647,
                -22.99570346359039
              ],
              [
                -48.445963609508986,
                -22.995703463590388
              ],
              [
                -48.445963609508986,
                -22.99597295817563
              ],
              [
                -48.445694114923754,
                -22.995972958175624
              ],
              [
                -48.445694114923754,
                -22.995703463590388
              ],
              [
                -48.44470326901356,
                -22.995703463863347
              ],
              [
                -48.44685917362643,
                -22.997859420396694
              ],
              [
                -48.44731108243518,
                -22.997859420272277
              ],
              [
                -48.44731108243518,
                -22.997589925687038
              ],
              [
                -48.448119566190876,
                -22.997589925687027
              ],
              [
                -48.448119566190876,
                -22.99785942027227
              ],
              [
                -48.44838906077611,
                -22.997859420272274
              ],
              [
                -48.44838906077611,
                -22.997320431101798
              ],
              [
                -48.44785007160565,
                -22.99732043110181
              ],
              [
                -48.44785007160565,
                -22.997050936516565
              ],
              [
                -48.4475805770204,
                -22.997050936516565
              ],
              [
                -48.4475805770204,
                -22.997320431101805
              ],
              [
                -48.44704158784993,
                -22.9973204311018
              ],
              [
                -48.44704158784993,
                -22.996781441931336
              ],
              [
                -48.4475805770204,
                -22.996781441931336
              ],
              [
                -48.4475805770204,
                -22.9965119473461
              ],
              [
                -48.44785007160565,
                -22.9965119473461
              ],
              [
                -48.44785007160565,
                -22.99624245276086
              ],
              [
                -48.448119566190876,
                -22.99624245276086
              ],
              [
                -48.448119566190876,
                -22.995972958175642
              ],
              [
                -48.4475805770204,
                -22.995972958175624
              ],
              [
                -48.4475805770204,
                -22.99570346359039
              ],
              [
                -48.44731108243518,
                -22.995703463590388
              ],
              [
                -48.44731108243518,
                -22.995972958175624
              ],
              [
                -48.4467720932647,
                -22.995972958175635
              ]
            ],
            [
              [
                -48.44704158784993,
                -22.996781441931336
              ],
              [
                -48.4467720932647,
                -22.996781441931336
              ],
              [
                -48.4467720932647,
                -22.9965119473461
              ],
              [
                -48.44704158784993,
                -22.996511947346093
              ],
              [
                -48.44704158784993,
                -22.996781441931336
              ]
            ],
            [
              [
                -48.4467720932647,
                -22.995972958175635
              ],
              [
                -48.4467720932647,
                -22.996242452760864
              ],
              [
                -48.44650259867946,
                -22.996242452760857
              ],
              [
                -48.44650259867946,
                -22.995972958175628
              ],
              [
                -48.4467720932647,
                -22.995972958175635
              ]
            ]
          ]
        ],
        "type": "MultiPolygon"
      },
      "properties": {
        "id": "310",
        "name": "MB 39 · Soja · 310",
        "class": "Uso agropecuário",
        "area_ha": 4.2435,
        "reviewed": false,
        "pct": 0.3082
      }
    },
    {
      "type": "Feature",
      "id": "311",
      "geometry": {
        "coordinates": [
          [
            [
              [
                -48.44847616254339,
                -22.999476387989347
              ],
              [
                -48.448658555361355,
                -22.999476387783695
              ],
              [
                -48.448658555361355,
                -22.99920689319845
              ],
              [
                -48.44892804994658,
                -22.999206893198455
              ],
              [
                -48.44892804994658,
                -22.998937398613204
              ],
              [
                -48.44838906077611,
                -22.998937398613208
              ],
              [
                -48.44838906077611,
                -22.998667904027975
              ],
              [
                -48.44785007160565,
                -22.998667904027993
              ],
              [
                -48.44785007160565,
                -22.998398409442746
              ],
              [
                -48.44739816455003,
                -22.998398409952237
              ],
              [
                -48.44847616254339,
                -22.999476387989347
              ]
            ]
          ]
        ],
        "type": "MultiPolygon"
      },
      "properties": {
        "id": "311",
        "name": "MB 39 · Soja · 311",
        "class": "Uso agropecuário",
        "area_ha": 0.6361,
        "reviewed": false,
        "pct": 0.0462
      }
    }
  ]
}